date,frm
2015-02-01,0.045737
2015-02-02,0.030551
2015-02-03,0.057541
2015-02-04,0.06037
2015-02-05,0.031667
2015-02-06,0.031117
2015-02-07,0.020336
2015-02-08,0.023055
2015-02-09,0.062158
2015-02-10,0.045594
2015-02-11,0.023571
2015-02-12,0.053093
2015-02-13,0.038375
2015-02-14,0.029973
2015-02-15,0.035057
2015-02-16,0.022085
2015-02-17,0.03456
2015-02-18,0.033944
2015-02-19,0.049332
2015-02-20,0.05015
2015-02-21,0.029963
2015-02-22,0.068722
2015-02-23,0.074595
2015-02-24,0.021094
2015-02-25,0.019798
2015-02-26,0.02147
2015-02-27,0.018038
2015-02-28,0.030052
2015-03-01,0.03387
2015-03-02,0.0276
2015-03-03,0.058333
2015-03-04,0.056021
2015-03-05,0.039226
2015-03-06,0.036967
2015-03-07,0.024287
2015-03-08,0.034828
2015-03-09,0.025361
2015-03-10,0.015905
2015-03-11,0.027035
2015-03-12,0.03934
2015-03-13,0.047319
2015-03-14,0.056663
2015-03-15,0.041973
2015-03-16,0.038114
2015-03-17,0.026869
2015-03-18,0.048081
2015-03-19,0.025101
2015-03-20,0.031819
2015-03-21,0.038493
2015-03-22,0.033859
2015-03-23,0.032376
2015-03-24,0.037224
2015-03-25,0.014567
2015-03-26,0.030242
2015-03-27,0.029727
2015-03-28,0.020793
2015-03-29,0.021893
2015-03-30,0.021163
2015-03-31,0.031903
2015-04-01,0.057987
2015-04-02,0.052462
2015-04-03,0.070183
2015-04-04,0.067669
2015-04-05,0.062674
2015-04-06,0.082663
2015-04-07,0.053837
2015-04-08,0.052491
2015-04-09,0.087988
2015-04-10,0.06202
2015-04-11,0.081664
2015-04-12,0.08071
2015-04-13,0.054879
2015-04-14,0.075372
2015-04-15,0.029949
2015-04-16,0.018794
2015-04-17,0.022586
2015-04-18,0.03928
2015-04-19,0.036692
2015-04-20,0.021977
2015-04-21,0.015959
2015-04-22,0.022699
2015-04-23,0.023181
2015-04-24,0.013087
2015-04-25,0.015778
2015-04-26,0.009393
2015-04-27,0.021529
2015-04-28,0.019501
2015-04-29,0.033387
2015-04-30,0.029766
2015-05-01,0.022424
2015-05-02,0.02388
2015-05-03,0.025909
2015-05-04,0.015127
2015-05-05,0.022651
2015-05-06,0.033801
2015-05-07,0.048312
2015-05-08,0.033075
2015-05-09,0.032783
2015-05-10,0.055215
2015-05-11,0.040108
2015-05-12,0.031623
2015-05-13,0.039142
2015-05-14,0.024611
2015-05-15,0.018238
2015-05-16,0.048923
2015-05-17,0.041261
2015-05-18,0.026897
2015-05-19,0.027946
2015-05-20,0.020551
2015-05-21,0.035622
2015-05-22,0.016686
2015-05-23,0.049078
2015-05-24,0.039195
2015-05-25,0.04554
2015-05-26,0.053419
2015-05-27,0.065192
2015-05-28,0.053589
2015-05-29,0.032685
2015-05-30,0.050989
2015-05-31,0.035524
2015-06-01,0.03749
2015-06-02,0.03579
2015-06-03,0.02783
2015-06-04,0.036342
2015-06-05,0.031498
2015-06-06,0.023417
2015-06-07,0.025454
2015-06-08,0.028463
2015-06-09,0.028237
2015-06-10,0.020858
2015-06-11,0.01911
2015-06-12,0.025381
2015-06-13,0.019253
2015-06-14,0.027135
2015-06-15,0.024509
2015-06-16,0.046074
2015-06-17,0.025803
2015-06-18,0.043799
2015-06-19,0.046428
2015-06-20,0.034766
2015-06-21,0.030081
2015-06-22,0.04485
2015-06-23,0.036324
2015-06-24,0.039904
2015-06-25,0.018494
2015-06-26,0.025387
2015-06-27,0.021957
2015-06-28,0.02787
2015-06-29,0.022643
2015-06-30,0.032857
2015-07-01,0.038687
2015-07-02,0.035113
2015-07-03,0.024241
2015-07-04,0.042029
2015-07-05,0.020119
2015-07-06,0.031071
2015-07-07,0.047362
2015-07-08,0.030502
2015-07-09,0.04989
2015-07-10,0.039742
2015-07-11,0.038591
2015-07-12,0.068371
2015-07-13,0.052198
2015-07-14,0.053995
2015-07-15,0.049938
2015-07-16,0.019861
2015-07-17,0.027658
2015-07-18,0.023224
2015-07-19,0.023572
2015-07-20,0.023234
2015-07-21,0.016536
2015-07-22,0.013434
2015-07-23,0.018404
2015-07-24,0.032358
2015-07-25,0.018489
2015-07-26,0.033818
2015-07-27,0.046682
2015-07-28,0.041417
2015-07-29,0.040759
2015-07-30,0.0396
2015-07-31,0.0461
2015-08-01,0.026012
2015-08-02,0.031745
2015-08-03,0.046615
2015-08-04,0.030609
2015-08-05,0.011759
2015-08-06,0.029402
2015-08-07,0.030293
2015-08-08,0.030155
2015-08-09,0.038492
2015-08-10,0.031199
2015-08-11,0.034373
2015-08-12,0.027363
2015-08-13,0.021277
2015-08-14,0.019827
2015-08-15,0.024177
2015-08-16,0.018723
2015-08-17,0.018425
2015-08-18,0.018496
2015-08-19,0.024388
2015-08-20,0.057856
2015-08-21,0.020976
2015-08-22,0.025302
2015-08-23,0.018523
2015-08-24,0.04442
2015-08-25,0.079656
2015-08-26,0.069852
2015-08-27,0.052083
2015-08-28,0.067178
2015-08-29,0.05481
2015-08-30,0.051722
2015-08-31,0.063716
2015-09-01,0.027926
2015-09-02,0.023573
2015-09-03,0.040008
2015-09-04,0.047047
2015-09-05,0.066284
2015-09-06,0.040384
2015-09-07,0.046712
2015-09-08,0.067006
2015-09-09,0.045345
2015-09-10,0.044154
2015-09-11,0.025438
2015-09-12,0.023687
2015-09-13,0.034056
2015-09-14,0.053177
2015-09-15,0.060274
2015-09-16,0.058998
2015-09-17,0.039695
2015-09-18,0.046009
2015-09-19,0.034084
2015-09-20,0.034714
2015-09-21,0.042595
2015-09-22,0.045692
2015-09-23,0.037477
2015-09-24,0.023243
2015-09-25,0.028048
2015-09-26,0.03348
2015-09-27,0.01586
2015-09-28,0.050288
2015-09-29,0.034062
2015-09-30,0.036328
2015-10-01,0.030054
2015-10-02,0.041616
2015-10-03,0.030196
2015-10-04,0.040121
2015-10-05,0.045416
2015-10-06,0.041428
2015-10-07,0.019741
2015-10-08,0.04088
2015-10-09,0.02236
2015-10-10,0.027542
2015-10-11,0.037445
2015-10-12,0.058998
2015-10-13,0.01987
2015-10-14,0.087329
2015-10-15,0.036352
2015-10-16,0.038472
2015-10-17,0.018248
2015-10-18,0.010917
2015-10-19,0.022706
2015-10-20,0.029303
2015-10-21,0.02462
2015-10-22,0.02422
2015-10-23,0.020979
2015-10-24,0.023209
2015-10-25,0.026865
2015-10-26,0.03411
2015-10-27,0.028286
2015-10-28,0.03062
2015-10-29,0.039353
2015-10-30,0.037694
2015-10-31,0.045494
2015-11-01,0.050902
2015-11-02,0.03084
2015-11-03,0.031661
2015-11-04,0.031082
2015-11-05,0.04279
2015-11-06,0.051388
2015-11-07,0.032783
2015-11-08,0.047927
2015-11-09,0.03764
2015-11-10,0.033664
2015-11-11,0.055494
2015-11-12,0.031713
2015-11-13,0.041348
2015-11-14,0.033529
2015-11-15,0.069622
2015-11-16,0.085539
2015-11-17,0.069312
2015-11-18,0.065986
2015-11-19,0.047937
2015-11-20,0.052019
2015-11-21,0.050217
2015-11-22,0.035574
2015-11-23,0.053282
2015-11-24,0.038128
2015-11-25,0.028912
2015-11-26,0.013595
2015-11-27,0.02415
2015-11-28,0.02152
2015-11-29,0.029242
2015-11-30,0.021954
2015-12-01,0.035926
2015-12-02,0.036859
2015-12-03,0.020568
2015-12-04,0.041255
2015-12-05,0.036373
2015-12-06,0.018656
2015-12-07,0.017162
2015-12-08,0.019438
2015-12-09,0.013926
2015-12-10,0.02449
2015-12-11,0.030352
2015-12-12,0.02206
2015-12-13,0.060474
2015-12-14,0.074285
2015-12-15,0.034835
2015-12-16,0.037531
2015-12-17,0.020584
2015-12-18,0.031617
2015-12-19,0.024324
2015-12-20,0.040199
2015-12-21,0.029358
2015-12-22,0.031489
2015-12-23,0.024776
2015-12-24,0.035558
2015-12-25,0.034983
2015-12-26,0.032338
2015-12-27,0.032721
2015-12-28,0.042363
2015-12-29,0.029322
2015-12-30,0.028264
2015-12-31,0.028838
2016-01-01,0.047703
2016-01-02,0.044988
2016-01-03,0.035551
2016-01-04,0.0428
2016-01-05,0.043664
2016-01-06,0.023534
2016-01-07,0.063166
2016-01-08,0.022149
2016-01-09,0.038165
2016-01-10,0.054015
2016-01-11,0.042922
2016-01-12,0.052259
2016-01-13,0.045046
2016-01-14,0.053926
2016-01-15,0.035633
2016-01-16,0.044316
2016-01-17,0.057892
2016-01-18,0.062882
2016-01-19,0.054862
2016-01-20,0.068507
2016-01-21,0.060893
2016-01-22,0.058389
2016-01-23,0.08654
2016-01-24,0.088603
2016-01-25,0.099017
2016-01-26,0.089729
2016-01-27,0.082432
2016-01-28,0.045578
2016-01-29,0.064145
2016-01-30,0.083417
2016-01-31,0.096954
2016-02-01,0.081169
2016-02-02,0.082904
2016-02-03,0.070218
2016-02-04,0.032852
2016-02-05,0.02025
2016-02-06,0.04974
2016-02-07,0.038106
2016-02-08,0.033707
2016-02-09,0.028791
2016-02-10,0.024522
2016-02-11,0.031061
2016-02-12,0.079086
2016-02-13,0.066885
2016-02-14,0.051753
2016-02-15,0.066162
2016-02-16,0.039105
2016-02-17,0.039976
2016-02-18,0.019993
2016-02-19,0.025242
2016-02-20,0.065156
2016-02-21,0.025599
2016-02-22,0.056116
2016-02-23,0.040802
2016-02-24,0.032453
2016-02-25,0.020888
2016-02-26,0.029896
2016-02-27,0.031615
2016-02-28,0.028515
2016-02-29,0.036063
2016-03-01,0.028247
2016-03-02,0.03177
2016-03-03,0.039357
2016-03-04,0.028003
2016-03-05,0.032089
2016-03-06,0.025948
2016-03-07,0.032473
2016-03-08,0.040924
2016-03-09,0.035759
2016-03-10,0.037963
2016-03-11,0.030773
2016-03-12,0.037332
2016-03-13,0.029432
2016-03-14,0.035989
2016-03-15,0.042766
2016-03-16,0.031863
2016-03-17,0.039292
2016-03-18,0.031281
2016-03-19,0.044893
2016-03-20,0.042126
2016-03-21,0.034796
2016-03-22,0.040048
2016-03-23,0.037313
2016-03-24,0.043227
2016-03-25,0.063894
2016-03-26,0.034057
2016-03-27,0.045416
2016-03-28,0.077498
2016-03-29,0.028393
2016-03-30,0.040237
2016-03-31,0.065186
2016-04-01,0.033625
2016-04-02,0.041138
2016-04-03,0.068973
2016-04-04,0.040678
2016-04-05,0.054323
2016-04-06,0.037301
2016-04-07,0.055618
2016-04-08,0.073907
2016-04-09,0.077659
2016-04-10,0.0577
2016-04-11,0.052172
2016-04-12,0.040887
2016-04-13,0.042595
2016-04-14,0.095604
2016-04-15,0.015721
2016-04-16,0.039909
2016-04-17,0.031657
2016-04-18,0.01244
2016-04-19,0.016881
2016-04-20,0.032989
2016-04-21,0.015597
2016-04-22,0.017595
2016-04-23,0.028777
2016-04-24,0.04526
2016-04-25,0.040856
2016-04-26,0.03831
2016-04-27,0.03365
2016-04-28,0.03715
2016-04-29,0.034587
2016-04-30,0.019473
2016-05-01,0.02695
2016-05-02,0.022148
2016-05-03,0.02421
2016-05-04,0.01996
2016-05-05,0.011346
2016-05-06,0.017307
2016-05-07,0.014329
2016-05-08,0.016668
2016-05-09,0.021702
2016-05-10,0.017399
2016-05-11,0.015723
2016-05-12,0.023093
2016-05-13,0.024905
2016-05-14,0.018292
2016-05-15,0.017583
2016-05-16,0.033906
2016-05-17,0.036622
2016-05-18,0.023813
2016-05-19,0.014439
2016-05-20,0.017682
2016-05-21,0.01807
2016-05-22,0.016001
2016-05-23,0.020493
2016-05-24,0.01796
2016-05-25,0.013094
2016-05-26,0.016578
2016-05-27,0.021844
2016-05-28,0.027293
2016-05-29,0.030476
2016-05-30,0.029748
2016-05-31,0.042678
2016-06-01,0.023767
2016-06-02,0.021684
2016-06-03,0.021555
2016-06-04,0.024807
2016-06-05,0.02108
2016-06-06,0.023061
2016-06-07,0.018036
2016-06-08,0.014692
2016-06-09,0.025013
2016-06-10,0.014357
2016-06-11,0.024793
2016-06-12,0.027871
2016-06-13,0.024847
2016-06-14,0.027727
2016-06-15,0.026167
2016-06-16,0.039514
2016-06-17,0.03164
2016-06-18,0.078356
2016-06-19,0.033722
2016-06-20,0.040074
2016-06-21,0.036466
2016-06-22,0.041633
2016-06-23,0.041058
2016-06-24,0.062136
2016-06-25,0.056584
2016-06-26,0.058503
2016-06-27,0.077016
2016-06-28,0.055734
2016-06-29,0.073874
2016-06-30,0.067738
2016-07-01,0.072397
2016-07-02,0.06423
2016-07-03,0.085667
2016-07-04,0.087832
2016-07-05,0.070317
2016-07-06,0.044695
2016-07-07,0.049163
2016-07-08,0.035057
2016-07-09,0.029666
2016-07-10,0.02741
2016-07-11,0.056685
2016-07-12,0.055088
2016-07-13,0.037859
2016-07-14,0.0378
2016-07-15,0.023453
2016-07-16,0.048947
2016-07-17,0.025813
2016-07-18,0.052469
2016-07-19,0.042286
2016-07-20,0.057447
2016-07-21,0.036912
2016-07-22,0.066957
2016-07-23,0.053753
2016-07-24,0.071897
2016-07-25,0.114054
2016-07-26,0.094684
2016-07-27,0.080776
2016-07-28,0.067862
2016-07-29,0.069986
2016-07-30,0.130009
2016-07-31,0.052665
2016-08-01,0.040373
2016-08-02,0.036462
2016-08-03,0.029028
2016-08-04,0.05528
2016-08-05,0.062492
2016-08-06,0.048805
2016-08-07,0.053211
2016-08-08,0.045298
2016-08-09,0.044057
2016-08-10,0.046368
2016-08-11,0.073945
2016-08-12,0.056595
2016-08-13,0.045778
2016-08-14,0.033077
2016-08-15,0.072604
2016-08-16,0.037994
2016-08-17,0.037794
2016-08-18,0.048093
2016-08-19,0.039036
2016-08-20,0.037867
2016-08-21,0.037532
2016-08-22,0.057318
2016-08-23,0.100319
2016-08-24,0.080828
2016-08-25,0.061017
2016-08-26,0.05905
2016-08-27,0.073131
2016-08-28,0.081463
2016-08-29,0.091301
2016-08-30,0.087482
2016-08-31,0.074262
2016-09-01,0.072102
2016-09-02,0.073508
2016-09-03,0.056687
2016-09-04,0.070221
2016-09-05,0.06495
2016-09-06,0.061199
2016-09-07,0.071946
2016-09-08,0.064075
2016-09-09,0.051483
2016-09-10,0.079836
2016-09-11,0.088003
2016-09-12,0.065782
2016-09-13,0.091278
2016-09-14,0.048657
2016-09-15,0.078664
2016-09-16,0.067816
2016-09-17,0.044429
2016-09-18,0.060762
2016-09-19,0.034435
2016-09-20,0.048341
2016-09-21,0.054028
2016-09-22,0.035196
2016-09-23,0.033691
2016-09-24,0.035581
2016-09-25,0.044135
2016-09-26,0.054704
2016-09-27,0.047576
2016-09-28,0.037524
2016-09-29,0.054213
2016-09-30,0.049787
2016-10-01,0.077485
2016-10-02,0.079421
2016-10-03,0.089939
2016-10-04,0.071598
2016-10-05,0.068771
2016-10-06,0.06394
2016-10-07,0.035615
2016-10-08,0.030173
2016-10-09,0.028297
2016-10-10,0.01728
2016-10-11,0.038927
2016-10-12,0.018331
2016-10-13,0.039923
2016-10-14,0.043067
2016-10-15,0.049541
2016-10-16,0.065411
2016-10-17,0.062436
2016-10-18,0.053483
2016-10-19,0.060501
2016-10-20,0.058602
2016-10-21,0.058655
2016-10-22,0.051837
2016-10-23,0.055665
2016-10-24,0.04997
2016-10-25,0.042139
2016-10-26,0.085185
2016-10-27,0.065529
2016-10-28,0.038762
2016-10-29,0.033607
2016-10-30,0.058637
2016-10-31,0.069617
2016-11-01,0.056068
2016-11-02,0.039067
2016-11-03,0.04252
2016-11-04,0.053086
2016-11-05,0.046198
2016-11-06,0.046098
2016-11-07,0.037133
2016-11-08,0.031182
2016-11-09,0.037329
2016-11-10,0.031072
2016-11-11,0.042823
2016-11-12,0.043485
2016-11-13,0.045922
2016-11-14,0.123884
2016-11-15,0.046794
2016-11-16,0.146028
2016-11-17,0.14422
2016-11-18,0.127003
2016-11-19,0.123137
2016-11-20,0.0377
2016-11-21,0.033209
2016-11-22,0.021794
2016-11-23,0.03454
2016-11-24,0.045937
2016-11-25,0.072853
2016-11-26,0.064313
2016-11-27,0.049849
2016-11-28,0.036801
2016-11-29,0.040423
2016-11-30,0.049837
2016-12-01,0.032403
2016-12-02,0.042529
2016-12-03,0.033796
2016-12-04,0.04028
2016-12-05,0.058904
2016-12-06,0.057132
2016-12-07,0.056673
2016-12-08,0.049458
2016-12-09,0.04261
2016-12-10,0.02304
2016-12-11,0.01892
2016-12-12,0.052044
2016-12-13,0.087187
2016-12-14,0.050029
2016-12-15,0.058708
2016-12-16,0.046415
2016-12-17,0.022436
2016-12-18,0.037536
2016-12-19,0.025259
2016-12-20,0.033638
2016-12-21,0.029106
2016-12-22,0.033148
2016-12-23,0.037873
2016-12-24,0.071535
2016-12-25,0.03489
2016-12-26,0.039709
2016-12-27,0.035079
2016-12-28,0.037449
2016-12-29,0.050697
2016-12-30,0.056542
2016-12-31,0.029371
2017-01-01,0.05097
2017-01-02,0.040085
2017-01-03,0.046943
2017-01-04,0.032571
2017-01-05,0.029857
2017-01-06,0.033819
2017-01-07,0.04187
2017-01-08,0.041393
2017-01-09,0.030998
2017-01-10,0.0321
2017-01-11,0.024071
2017-01-12,0.031571
2017-01-13,0.040487
2017-01-14,0.045683
2017-01-15,0.043324
2017-01-16,0.046428
2017-01-17,0.034015
2017-01-18,0.04678
2017-01-19,0.047504
2017-01-20,0.033064
2017-01-21,0.040346
2017-01-22,0.045996
2017-01-23,0.052971
2017-01-24,0.051953
2017-01-25,0.034035
2017-01-26,0.043134
2017-01-27,0.031294
2017-01-28,0.043137
2017-01-29,0.060075
2017-01-30,0.045435
2017-01-31,0.030731
2017-02-01,0.020356
2017-02-02,0.024662
2017-02-03,0.027513
2017-02-04,0.03309
2017-02-05,0.028353
2017-02-06,0.015767
2017-02-07,0.019422
2017-02-08,0.018146
2017-02-09,0.034258
2017-02-10,0.041234
2017-02-11,0.025732
2017-02-12,0.035117
2017-02-13,0.02375
2017-02-14,0.030617
2017-02-15,0.026339
2017-02-16,0.032582
2017-02-17,0.022206
2017-02-18,0.034195
2017-02-19,0.037732
2017-02-20,0.031508
2017-02-21,0.032561
2017-02-22,0.044729
2017-02-23,0.036046
2017-02-24,0.022144
2017-02-25,0.02809
2017-02-26,0.026392
2017-02-27,0.025642
2017-02-28,0.035575
2017-03-01,0.036774
2017-03-02,0.04075
2017-03-03,0.022584
2017-03-04,0.018902
2017-03-05,0.034473
2017-03-06,0.054618
2017-03-07,0.038855
2017-03-08,0.040989
2017-03-09,0.037968
2017-03-10,0.05071
2017-03-11,0.052339
2017-03-12,0.042833
2017-03-13,0.061532
2017-03-14,0.05935
2017-03-15,0.055632
2017-03-16,0.045878
2017-03-17,0.032817
2017-03-18,0.054947
2017-03-19,0.052797
2017-03-20,0.045652
2017-03-21,0.049826
2017-03-22,0.058863
2017-03-23,0.06036
2017-03-24,0.047962
2017-03-25,0.073975
2017-03-26,0.060814
2017-03-27,0.101239
2017-03-28,0.076752
2017-03-29,0.130335
2017-03-30,0.108872
2017-03-31,0.173413
2017-04-01,0.175904
2017-04-02,0.083049
2017-04-03,0.112249
2017-04-04,0.137568
2017-04-05,0.12182
2017-04-06,0.124174
2017-04-07,0.123153
2017-04-08,0.096003
2017-04-09,0.103806
2017-04-10,0.072839
2017-04-11,0.057366
2017-04-12,0.048213
2017-04-13,0.060336
2017-04-14,0.057067
2017-04-15,0.066555
2017-04-16,0.040184
2017-04-17,0.035924
2017-04-18,0.070669
2017-04-19,0.068886
2017-04-20,0.068088
2017-04-21,0.049841
2017-04-22,0.052886
2017-04-23,0.060645
2017-04-24,0.080895
2017-04-25,0.086941
2017-04-26,0.052619
2017-04-27,0.049703
2017-04-28,0.060557
2017-04-29,0.069818
2017-04-30,0.069931
2017-05-01,0.0686
2017-05-02,0.091531
2017-05-03,0.102352
2017-05-04,0.049024
2017-05-05,0.073864
2017-05-06,0.0942
2017-05-07,0.10526
2017-05-08,0.129429
2017-05-09,0.093152
2017-05-10,0.071168
2017-05-11,0.100247
2017-05-12,0.167482
2017-05-13,0.209497
2017-05-14,0.107925
2017-05-15,0.120908
2017-05-16,0.198128
2017-05-17,0.163938
2017-05-18,0.170439
2017-05-19,0.168687
2017-05-20,0.152315
2017-05-21,0.147147
2017-05-22,0.140062
2017-05-23,1.399121
2017-05-24,0.11651
2017-05-25,0.18935
2017-05-26,0.116624
2017-05-27,0.112465
2017-05-28,0.074548
2017-05-29,0.079882
2017-05-30,0.113547
2017-05-31,0.100329
2017-06-01,0.112285
2017-06-02,0.114096
2017-06-03,0.135428
2017-06-04,0.153624
2017-06-05,0.149326
2017-06-06,0.122491
2017-06-07,0.133498
2017-06-08,0.121321
2017-06-09,0.141495
2017-06-10,0.097222
2017-06-11,0.079124
2017-06-12,0.068337
2017-06-13,0.080258
2017-06-14,0.083828
2017-06-15,0.097779
2017-06-16,0.103202
2017-06-17,0.109523
2017-06-18,0.125502
2017-06-19,0.139436
2017-06-20,0.135535
2017-06-21,0.113866
2017-06-22,0.075602
2017-06-23,0.118046
2017-06-24,0.141632
2017-06-25,0.133924
2017-06-26,0.090625
2017-06-27,0.092219
2017-06-28,0.075768
2017-06-29,0.058234
2017-06-30,0.07972
2017-07-01,0.08597
2017-07-02,0.064655
2017-07-03,0.147606
2017-07-04,0.08672
2017-07-05,0.118743
2017-07-06,0.12183
2017-07-07,0.110968
2017-07-08,0.05904
2017-07-09,0.079538
2017-07-10,0.066603
2017-07-11,0.076786
2017-07-12,0.102314
2017-07-13,0.105017
2017-07-14,0.077346
2017-07-15,0.076226
2017-07-16,0.094647
2017-07-17,0.097733
2017-07-18,0.131031
2017-07-19,0.093614
2017-07-20,0.078719
2017-07-21,0.068962
2017-07-22,0.08416
2017-07-23,0.109448
2017-07-24,0.120034
2017-07-25,0.107528
2017-07-26,0.072985
2017-07-27,0.095794
2017-07-28,0.080274
2017-07-29,0.065874
2017-07-30,0.084511
2017-07-31,0.076563
2017-08-01,0.070923
2017-08-02,0.063819
2017-08-03,0.052878
2017-08-04,0.062513
2017-08-05,0.066753
2017-08-06,0.072716
2017-08-07,0.062718
2017-08-08,0.070214
2017-08-09,0.068927
2017-08-10,0.055762
2017-08-11,0.062012
2017-08-12,0.069433
2017-08-13,0.048739
2017-08-14,0.042013
2017-08-15,0.052056
2017-08-16,0.065176
2017-08-17,0.066749
2017-08-18,0.08059
2017-08-19,0.101689
2017-08-20,0.139784
2017-08-21,0.070528
2017-08-22,0.06982
2017-08-23,0.070253
2017-08-24,0.070755
2017-08-25,0.072573
2017-08-26,0.12138
2017-08-27,0.083946
2017-08-28,0.078595
2017-08-29,0.077467
2017-08-30,0.090274
2017-08-31,0.046656
2017-09-01,0.081572
2017-09-02,0.084048
2017-09-03,0.083542
2017-09-04,0.067727
2017-09-05,0.069417
2017-09-06,0.076044
2017-09-07,0.059915
2017-09-08,0.069727
2017-09-09,0.072183
2017-09-10,0.080607
2017-09-11,0.079438
2017-09-12,0.086629
2017-09-13,0.065445
2017-09-14,0.118048
2017-09-15,0.087798
2017-09-16,0.072708
2017-09-17,0.083563
2017-09-18,0.103801
2017-09-19,0.091966
2017-09-20,0.124868
2017-09-21,0.124773
2017-09-22,0.104117
2017-09-23,0.093009
2017-09-24,0.089737
2017-09-25,0.106345
2017-09-26,0.116799
2017-09-27,0.101293
2017-09-28,0.087745
2017-09-29,0.07769
2017-09-30,0.086166
2017-10-01,0.067943
2017-10-02,0.116921
2017-10-03,0.105628
2017-10-04,0.095388
2017-10-05,0.075876
2017-10-06,0.107528
2017-10-07,0.07778
2017-10-08,0.069534
2017-10-09,0.075645
2017-10-10,0.042561
2017-10-11,0.074791
2017-10-12,0.076967
2017-10-13,0.066488
2017-10-14,0.070712
2017-10-15,0.052365
2017-10-16,0.092374
2017-10-17,0.042631
2017-10-18,0.04832
2017-10-19,0.038255
2017-10-20,0.035628
2017-10-21,0.040659
2017-10-22,0.04269
2017-10-23,0.038894
2017-10-24,0.046106
2017-10-25,0.041221
2017-10-26,0.043482
2017-10-27,0.049038
2017-10-28,0.035832
2017-10-29,0.043541
2017-10-30,0.051184
2017-10-31,0.061608
2017-11-01,0.063005
2017-11-02,0.062893
2017-11-03,0.050826
2017-11-04,0.049938
2017-11-05,0.041526
2017-11-06,0.040371
2017-11-07,0.04856
2017-11-08,0.044935
2017-11-09,0.057097
2017-11-10,0.052522
2017-11-11,0.043713
2017-11-12,0.063914
2017-11-13,0.080077
2017-11-14,0.063608
2017-11-15,0.055108
2017-11-16,0.052321
2017-11-17,0.062041
2017-11-18,0.069818
2017-11-19,0.055082
2017-11-20,0.054662
2017-11-21,0.068935
2017-11-22,0.07014
2017-11-23,0.059408
2017-11-24,0.072388
2017-11-25,0.09714
2017-11-26,0.070399
2017-11-27,0.114347
2017-11-28,0.102822
2017-11-29,0.085269
2017-11-30,0.084229
2017-12-01,0.09352
2017-12-02,0.093513
2017-12-03,0.102885
2017-12-04,0.12347
2017-12-05,0.094631
2017-12-06,0.095164
2017-12-07,0.075242
2017-12-08,0.114253
2017-12-09,0.163816
2017-12-10,0.109513
2017-12-11,0.149046
2017-12-12,0.122824
2017-12-13,0.14518
2017-12-14,0.137429
2017-12-15,0.105574
2017-12-16,0.111286
2017-12-17,0.100551
2017-12-18,0.127745
2017-12-19,0.123997
2017-12-20,0.167224
2017-12-21,0.15206
2017-12-22,0.204055
2017-12-23,0.192974
2017-12-24,0.233742
2017-12-25,0.19365
2017-12-26,0.180014
2017-12-27,0.150486
2017-12-28,0.14144
2017-12-29,0.207712
2017-12-30,0.1282
2017-12-31,0.200281
2018-01-01,0.194053
2018-01-02,0.158111
2018-01-03,0.08961
2018-01-04,0.135819
2018-01-05,0.133785
2018-01-06,0.130492
2018-01-07,0.125682
2018-01-08,0.084155
2018-01-09,0.106967
2018-01-10,0.107873
2018-01-11,0.107601
2018-01-12,0.078752
2018-01-13,0.07847
2018-01-14,0.112064
2018-01-15,0.094461
2018-01-16,0.118908
2018-01-17,0.093399
2018-01-18,0.089013
2018-01-19,0.130222
2018-01-20,0.169446
2018-01-21,0.181153
2018-01-22,0.161161
2018-01-23,0.112602
2018-01-24,0.13412
2018-01-25,0.104591
2018-01-26,0.087014
2018-01-27,0.106629
2018-01-28,0.125949
2018-01-29,0.111392
2018-01-30,0.109485
2018-01-31,0.091641
2018-02-01,0.118351
2018-02-02,0.117301
2018-02-03,0.120162
2018-02-04,0.136809
2018-02-05,0.133598
2018-02-06,0.109157
2018-02-07,0.082417
2018-02-08,0.091856
2018-02-09,0.110876
2018-02-10,0.090577
2018-02-11,0.098496
2018-02-12,0.090074
2018-02-13,0.075095
2018-02-14,0.084982
2018-02-15,0.128176
2018-02-16,0.084027
2018-02-17,0.113728
2018-02-18,0.1116
2018-02-19,0.107818
2018-02-20,0.098074
2018-02-21,0.083522
2018-02-22,0.126939
2018-02-23,0.127504
2018-02-24,0.104022
2018-02-25,0.089392
2018-02-26,0.079638
2018-02-27,0.094671
2018-02-28,0.070136
2018-03-01,0.072055
2018-03-02,0.056434
2018-03-03,0.059228
2018-03-04,0.061676
2018-03-05,0.052828
2018-03-06,0.047672
2018-03-07,0.045943
2018-03-08,0.05201
2018-03-09,0.044043
2018-03-10,0.051034
2018-03-11,0.046402
2018-03-12,0.050019
2018-03-13,0.056239
2018-03-14,0.056899
2018-03-15,0.052513
2018-03-16,0.047677
2018-03-17,0.077119
2018-03-18,0.052804
2018-03-19,0.063762
2018-03-20,0.066117
2018-03-21,0.05809
2018-03-22,0.053269
2018-03-23,0.067823
2018-03-24,0.06548
2018-03-25,0.061515
2018-03-26,0.055397
2018-03-27,0.043793
2018-03-28,0.063222
2018-03-29,0.067564
2018-03-30,0.077108
2018-03-31,0.054315
2018-04-01,0.079436
2018-04-02,0.053616
2018-04-03,0.050214
2018-04-04,0.082593
2018-04-05,0.054634
2018-04-06,0.05989
2018-04-07,0.062226
2018-04-08,0.038794
2018-04-09,0.070804
2018-04-10,0.050377
2018-04-11,0.046226
2018-04-12,0.065188
2018-04-13,0.082267
2018-04-14,0.091745
2018-04-15,0.077786
2018-04-16,0.067175
2018-04-17,0.066865
2018-04-18,0.055187
2018-04-19,0.064288
2018-04-20,0.067495
2018-04-21,0.055598
2018-04-22,0.07983
2018-04-23,0.067645
2018-04-24,0.075337
2018-04-25,0.080391
2018-04-26,0.093803
2018-04-27,0.081124
2018-04-28,0.090023
2018-04-29,0.082742
2018-04-30,0.082132
2018-05-01,0.07428
2018-05-02,0.078651
2018-05-03,0.08333
2018-05-04,0.072669
2018-05-05,0.093257
2018-05-06,0.117522
2018-05-07,0.096809
2018-05-08,0.116773
2018-05-09,0.085538
2018-05-10,0.08608
2018-05-11,0.085538
2018-05-12,0.075162
2018-05-13,0.098615
2018-05-14,0.10067
2018-05-15,0.073641
2018-05-16,0.053866
2018-05-17,0.056669
2018-05-18,0.064499
2018-05-19,0.064365
2018-05-20,0.060808
2018-05-21,0.046281
2018-05-22,0.062625
2018-05-23,0.0856
2018-05-24,0.069531
2018-05-25,0.058603
2018-05-26,0.063569
2018-05-27,0.053899
2018-05-28,0.046287
2018-05-29,0.050692
2018-05-30,0.048529
2018-05-31,0.059637
2018-06-01,0.051838
2018-06-02,0.053618
2018-06-03,0.054762
2018-06-04,0.055057
2018-06-05,0.060463
2018-06-06,0.048536
2018-06-07,0.070817
2018-06-08,0.047729
2018-06-09,0.055636
2018-06-10,0.04191
2018-06-11,0.048474
2018-06-12,0.040917
2018-06-13,0.037963
2018-06-14,0.038262
2018-06-15,0.038216
2018-06-16,0.040824
2018-06-17,0.053192
2018-06-18,0.036159
2018-06-19,0.038433
2018-06-20,0.044742
2018-06-21,0.033381
2018-06-22,0.038535
2018-06-23,0.045904
2018-06-24,0.069366
2018-06-25,0.059303
2018-06-26,0.053244
2018-06-27,0.047902
2018-06-28,0.040141
2018-06-29,0.058122
2018-06-30,0.057491
2018-07-01,0.051757
2018-07-02,0.067949
2018-07-03,0.053516
2018-07-04,0.062632
2018-07-05,0.045782
2018-07-06,0.042648
2018-07-07,0.052173
2018-07-08,0.052103
2018-07-09,0.042615
2018-07-10,0.054031
2018-07-11,0.044086
2018-07-12,0.0468
2018-07-13,0.031562
2018-07-14,0.045002
2018-07-15,0.044866
2018-07-16,0.047027
2018-07-17,0.033525
2018-07-18,0.060135
2018-07-19,0.031434
2018-07-20,0.05414
2018-07-21,0.062559
2018-07-22,0.054079
2018-07-23,0.029347
2018-07-24,0.041115
2018-07-25,0.04065
2018-07-26,0.05089
2018-07-27,0.037492
2018-07-28,0.035118
2018-07-29,0.038395
2018-07-30,0.03898
2018-07-31,0.032008
2018-08-01,0.045459
2018-08-02,0.036371
2018-08-03,0.039308
2018-08-04,0.046996
2018-08-05,0.042068
2018-08-06,0.041868
2018-08-07,0.045301
2018-08-08,0.037649
2018-08-09,0.035478
2018-08-10,0.04665
2018-08-11,0.037992
2018-08-12,0.037387
2018-08-13,0.034958
2018-08-14,0.040492
2018-08-15,0.03732
2018-08-16,0.04406
2018-08-17,0.053497
2018-08-18,0.064988
2018-08-19,0.063604
2018-08-20,0.076808
2018-08-21,0.075683
2018-08-22,0.060207
2018-08-23,0.064487
2018-08-24,0.063355
2018-08-25,0.068365
2018-08-26,0.051895
2018-08-27,0.036831
2018-08-28,0.057143
2018-08-29,0.062631
2018-08-30,0.043624
2018-08-31,0.05017
2018-09-01,0.05809
2018-09-02,0.046562
2018-09-03,0.043807
2018-09-04,0.051692
2018-09-05,0.065823
2018-09-06,0.06142
2018-09-07,0.046154
2018-09-08,0.058213
2018-09-09,0.04911
2018-09-10,0.057969
2018-09-11,0.049476
2018-09-12,0.06266
2018-09-13,0.052268
2018-09-14,0.06977
2018-09-15,0.057553
2018-09-16,0.045969
2018-09-17,0.052244
2018-09-18,0.088053
2018-09-19,0.07791
2018-09-20,0.077605
2018-09-21,0.055716
2018-09-22,0.06122
2018-09-23,0.055063
2018-09-24,0.062246
2018-09-25,0.054802
2018-09-26,0.048625
2018-09-27,0.056918
2018-09-28,0.035709
2018-09-29,0.050521
2018-09-30,0.04682
2018-10-01,0.045786
2018-10-02,0.034713
2018-10-03,0.036453
2018-10-04,0.036692
2018-10-05,0.043662
2018-10-06,0.040358
2018-10-07,0.05414
2018-10-08,0.051914
2018-10-09,0.039601
2018-10-10,0.048239
2018-10-11,0.039583
2018-10-12,0.056537
2018-10-13,0.047653
2018-10-14,0.046471
2018-10-15,0.042992
2018-10-16,0.035619
2018-10-17,0.059271
2018-10-18,0.047207
2018-10-19,0.051444
2018-10-20,0.032332
2018-10-21,0.043459
2018-10-22,0.042688
2018-10-23,0.03952
2018-10-24,0.049191
2018-10-25,0.044298
2018-10-26,0.044446
2018-10-27,0.034027
2018-10-28,0.031189
2018-10-29,0.032785
2018-10-30,0.037149
2018-10-31,0.035064
2018-11-01,0.018901
2018-11-02,0.023802
2018-11-03,0.023548
2018-11-04,0.025839
2018-11-05,0.026243
2018-11-06,0.024294
2018-11-07,0.024085
2018-11-08,0.022753
2018-11-09,0.025051
2018-11-10,0.027082
2018-11-11,0.027781
2018-11-12,0.027218
2018-11-13,0.024148
2018-11-14,0.050319
2018-11-15,0.053578
2018-11-16,0.041418
2018-11-17,0.050173
2018-11-18,0.045266
2018-11-19,0.051851
2018-11-20,0.057592
2018-11-21,0.048354
2018-11-22,0.051593
2018-11-23,0.044133
2018-11-24,0.049478
2018-11-25,0.04653
2018-11-26,0.061134
2018-11-27,0.061381
2018-11-28,0.074602
2018-11-29,0.07651
2018-11-30,0.090878
2018-12-01,0.07629
2018-12-02,0.096301
2018-12-03,0.088727
2018-12-04,0.068384
2018-12-05,0.065607
2018-12-06,0.072203
2018-12-07,0.079941
2018-12-08,0.056541
2018-12-09,0.076631
2018-12-10,0.074221
2018-12-11,0.069828
2018-12-12,0.06337
2018-12-13,0.069141
2018-12-14,0.066377
2018-12-15,0.051592
2018-12-16,0.058774
2018-12-17,0.060068
2018-12-18,0.077859
2018-12-19,0.057818
2018-12-20,0.071405
2018-12-21,0.054493
2018-12-22,0.050395
2018-12-23,0.050584
2018-12-24,0.051101
2018-12-25,0.072523
2018-12-26,0.06556
2018-12-27,0.055293
2018-12-28,0.061325
2018-12-29,0.079993
2018-12-30,0.079958
2018-12-31,0.075727
2019-01-01,0.053307
2019-01-02,0.059863
2019-01-03,0.0475
2019-01-04,0.046404
2019-01-05,0.055591
2019-01-06,0.055931
2019-01-07,0.059164
2019-01-08,0.054976
2019-01-09,0.064774
2019-01-10,0.05235
2019-01-11,0.075947
2019-01-12,0.054124
2019-01-13,0.092028
2019-01-14,0.041506
2019-01-15,0.067167
2019-01-16,0.066689
2019-01-17,0.082126
2019-01-18,0.069946
2019-01-19,0.064362
2019-01-20,0.060347
2019-01-21,0.058633
2019-01-22,0.046235
2019-01-23,0.066355
2019-01-24,0.056578
2019-01-25,0.057208
2019-01-26,0.059238
2019-01-27,0.07753
2019-01-28,0.057831
2019-01-29,0.06234
2019-01-30,0.057714
2019-01-31,0.045766
2019-02-01,0.040574
2019-02-02,0.03629
2019-02-03,0.036187
2019-02-04,0.029819
2019-02-05,0.017685
2019-02-06,0.01841
2019-02-07,0.027926
2019-02-08,0.045351
2019-02-09,0.046544
2019-02-10,0.042339
2019-02-11,0.036482
2019-02-12,0.033824
2019-02-13,0.033744
2019-02-14,0.03791
2019-02-15,0.044386
2019-02-16,0.036243
2019-02-17,0.038076
2019-02-18,0.050105
2019-02-19,0.042007
2019-02-20,0.043658
2019-02-21,0.042286
2019-02-22,0.043518
2019-02-23,0.047281
2019-02-24,0.049195
2019-02-25,0.044726
2019-02-26,0.055938
2019-02-27,0.066804
2019-02-28,0.063995
2019-03-01,0.041307
2019-03-02,0.049759
2019-03-03,0.050858
2019-03-04,0.041091
2019-03-05,0.039086
2019-03-06,0.043636
2019-03-07,0.045772
2019-03-08,0.046259
2019-03-09,0.055031
2019-03-10,0.05259
2019-03-11,0.050735
2019-03-12,0.071667
2019-03-13,0.072379
2019-03-14,0.055061
2019-03-15,0.060469
2019-03-16,0.044629
2019-03-17,0.021799
2019-03-18,0.026315
2019-03-19,0.03478
2019-03-20,0.037813
2019-03-21,0.032304
2019-03-22,0.042301
2019-03-23,0.02583
2019-03-24,0.046037
2019-03-25,0.029306
2019-03-26,0.030247
2019-03-27,0.02474
2019-03-28,0.024817
2019-03-29,0.030693
2019-03-30,0.032176
2019-03-31,0.027044
2019-04-01,0.033197
2019-04-02,0.041582
2019-04-03,0.040532
2019-04-04,0.052945
2019-04-05,0.047475
2019-04-06,0.046419
2019-04-07,0.047588
2019-04-08,0.034444
2019-04-09,0.043916
2019-04-10,0.04485
2019-04-11,0.051197
2019-04-12,0.044104
2019-04-13,0.039572
2019-04-14,0.056463
2019-04-15,0.058471
2019-04-16,0.060737
2019-04-17,0.047338
2019-04-18,0.060633
2019-04-19,0.045596
2019-04-20,0.042399
2019-04-21,0.045097
2019-04-22,0.039033
2019-04-23,0.036647
2019-04-24,0.038477
2019-04-25,0.031891
2019-04-26,0.036349
2019-04-27,0.049841
2019-04-28,0.042298
2019-04-29,0.048281
2019-04-30,0.035243
2019-05-01,0.036248
2019-05-02,0.034187
2019-05-03,0.041706
2019-05-04,0.044288
2019-05-05,0.040598
2019-05-06,0.039472
2019-05-07,0.03451
2019-05-08,0.03707
2019-05-09,0.036041
2019-05-10,0.032922
2019-05-11,0.035306
2019-05-12,0.045387
2019-05-13,0.040086
2019-05-14,0.039195
2019-05-15,0.043763
2019-05-16,0.059471
2019-05-17,0.03893
2019-05-18,0.067477
2019-05-19,0.056044
2019-05-20,0.062306
2019-05-21,0.061933
2019-05-22,0.076045
2019-05-23,0.061449
2019-05-24,0.0659
2019-05-25,0.079769
2019-05-26,0.072989
2019-05-27,0.068202
2019-05-28,0.080548
2019-05-29,0.079657
2019-05-30,0.090729
2019-05-31,0.113119
2019-06-01,0.090746
2019-06-02,0.110976
2019-06-03,0.101242
2019-06-04,0.097036
2019-06-05,0.078962
2019-06-06,0.079556
2019-06-07,0.059726
2019-06-08,0.066942
2019-06-09,0.066473
2019-06-10,0.060644
2019-06-11,0.052997
2019-06-12,0.066718
2019-06-13,0.074785
2019-06-14,0.054928
2019-06-15,0.061531
2019-06-16,0.058815
2019-06-17,0.043142
2019-06-18,0.05775
2019-06-19,0.063419
2019-06-20,0.036367
2019-06-21,0.043764
2019-06-22,0.041495
2019-06-23,0.048523
2019-06-24,0.034252
2019-06-25,0.03133
2019-06-26,0.030472
2019-06-27,0.045701
2019-06-28,0.04396
2019-06-29,0.034767
2019-06-30,0.04335
2019-07-01,0.035645
2019-07-02,0.03768
2019-07-03,0.044026
2019-07-04,0.045847
2019-07-05,0.043567
2019-07-06,0.060635
2019-07-07,0.05547
2019-07-08,0.056778
2019-07-09,0.070036
2019-07-10,0.075511
2019-07-11,0.047223
2019-07-12,0.062697
2019-07-13,0.063794
2019-07-14,0.044435
2019-07-15,0.061417
2019-07-16,0.079285
2019-07-17,0.05404
2019-07-18,0.073929
2019-07-19,0.085083
2019-07-20,0.081949
2019-07-21,0.088511
2019-07-22,0.086073
2019-07-23,0.057983
2019-07-24,0.087496
2019-07-25,0.06036
2019-07-26,0.067814
2019-07-27,0.063542
2019-07-28,0.057373
2019-07-29,0.067394
2019-07-30,0.079071
2019-07-31,0.079998
2019-08-01,0.07525
2019-08-02,0.077474
2019-08-03,0.067712
2019-08-04,0.068888
2019-08-05,0.066604
2019-08-06,0.030626
2019-08-07,0.045471
2019-08-08,0.034275
2019-08-09,0.04474
2019-08-10,0.035185
2019-08-11,0.041785
2019-08-12,0.034155
2019-08-13,0.031952
2019-08-14,0.03344
2019-08-15,0.036125
2019-08-16,0.042893
2019-08-17,0.039057
2019-08-18,0.037263
2019-08-19,0.044537
2019-08-20,0.044229
2019-08-21,0.037321
2019-08-22,0.03702
2019-08-23,0.033437
2019-08-24,0.028872
2019-08-25,0.049891
2019-08-26,0.040105
2019-08-27,0.025283
2019-08-28,0.049904
2019-08-29,0.033623
2019-08-30,0.031571
2019-08-31,0.029221
2019-09-01,0.025038
2019-09-02,0.031248
2019-09-03,0.032953
2019-09-04,0.033097
2019-09-05,0.025409
2019-09-06,0.033192
2019-09-07,0.032979
2019-09-08,0.032403
2019-09-09,0.027404
2019-09-10,0.036519
2019-09-11,0.0336
2019-09-12,0.028027
2019-09-13,0.031381
2019-09-14,0.033733
2019-09-15,0.027901
2019-09-16,0.028291
2019-09-17,0.04339
2019-09-18,0.028261
2019-09-19,0.038087
2019-09-20,0.030691
2019-09-21,0.029329
2019-09-22,0.033342
2019-09-23,0.032053
2019-09-24,0.036472
2019-09-25,0.035746
2019-09-26,0.030971
2019-09-27,0.047524
2019-09-28,0.052473
2019-09-29,0.039092
2019-09-30,0.036892
2019-10-01,0.037553
2019-10-02,0.035184
2019-10-03,0.040127
2019-10-04,0.034478
2019-10-05,0.028602
2019-10-06,0.035866
2019-10-07,0.042141
2019-10-08,0.035587
2019-10-09,0.039354
2019-10-10,0.054133
2019-10-11,0.03438
2019-10-12,0.056942
2019-10-13,0.039309
2019-10-14,0.039944
2019-10-15,0.030198
2019-10-16,0.030394
2019-10-17,0.036976
2019-10-18,0.039126
2019-10-19,0.03722
2019-10-20,0.030761
2019-10-21,0.035524
2019-10-22,0.027707
2019-10-23,0.0341
2019-10-24,0.039531
2019-10-25,0.033454
2019-10-26,0.0396
2019-10-27,0.036929
2019-10-28,0.041554
2019-10-29,0.031792
2019-10-30,0.03377
2019-10-31,0.030463
2019-11-01,0.036235
2019-11-02,0.041256
2019-11-03,0.036085
2019-11-04,0.037594
2019-11-05,0.041687
2019-11-06,0.032369
2019-11-07,0.035946
2019-11-08,0.042612
2019-11-09,0.039614
2019-11-10,0.041768
2019-11-11,0.031737
2019-11-12,0.036825
2019-11-13,0.027766
2019-11-14,0.03252
2019-11-15,0.031254
2019-11-16,0.044066
2019-11-17,0.029999
2019-11-18,0.031856
2019-11-19,0.03986
2019-11-20,0.030694
2019-11-21,0.030917
2019-11-22,0.026543
2019-11-23,0.023275
2019-11-24,0.029893
2019-11-25,0.042372
2019-11-26,0.027131
2019-11-27,0.028536
2019-11-28,0.019226
2019-11-29,0.018739
2019-11-30,0.026328
2019-12-01,0.020076
2019-12-02,0.023385
2019-12-03,0.026506
2019-12-04,0.026644
2019-12-05,0.035126
2019-12-06,0.028629
2019-12-07,0.028513
2019-12-08,0.022971
2019-12-09,0.027324
2019-12-10,0.025423
2019-12-11,0.023078
2019-12-12,0.031672
2019-12-13,0.03082
2019-12-14,0.02828
2019-12-15,0.021759
2019-12-16,0.026935
2019-12-17,0.0538
2019-12-18,0.038045
2019-12-19,0.023751
2019-12-20,0.024617
2019-12-21,0.026495
2019-12-22,0.03689
2019-12-23,0.03637
2019-12-24,0.040116
2019-12-25,0.027349
2019-12-26,0.032534
2019-12-27,0.031294
2019-12-28,0.030741
2019-12-29,0.031289
2019-12-30,0.026825
2019-12-31,0.029707
2020-01-01,0.031806
2020-01-02,0.030235
2020-01-03,0.039871
2020-01-04,0.035605
2020-01-05,0.039988
2020-01-06,0.047633
2020-01-07,0.032922
2020-01-08,0.034522
2020-01-09,0.028764
2020-01-10,0.031076
2020-01-11,0.037528
2020-01-12,0.042042
2020-01-13,0.035868
2020-01-14,0.039012
2020-01-15,0.045623
2020-01-16,0.041086
2020-01-17,0.037439
2020-01-18,0.046617
2020-01-19,0.050175
2020-01-20,0.047015
2020-01-21,0.032197
2020-01-22,0.046276
2020-01-23,0.052601
2020-01-24,0.054253
2020-01-25,0.04219
2020-01-26,0.048148
2020-01-27,0.037278
2020-01-28,0.031467
2020-01-29,0.044553
2020-01-30,0.042229
2020-01-31,0.056678
2020-02-01,0.05451
2020-02-02,0.04658
2020-02-03,0.052648
2020-02-04,0.045233
2020-02-05,0.053573
2020-02-06,0.055291
2020-02-07,0.062817
2020-02-08,0.065527
2020-02-09,0.0559
2020-02-10,0.059865
2020-02-11,0.053949
2020-02-12,0.055358
2020-02-13,0.042842
2020-02-14,0.050635
2020-02-15,0.058
2020-02-16,0.052302
2020-02-17,0.073851
2020-02-18,0.082821
2020-02-19,0.054536
2020-02-20,0.05669
2020-02-21,0.054562
2020-02-22,0.053297
2020-02-23,0.061216
2020-02-24,0.060993
2020-02-25,0.063861
2020-02-26,0.085037
2020-02-27,0.081372
2020-02-28,0.058584
2020-02-29,0.052674
2020-03-01,0.045152
2020-03-02,0.060479
2020-03-03,0.060608
2020-03-04,0.071415
2020-03-05,0.053922
2020-03-06,0.069651
2020-03-07,0.050471
2020-03-08,0.066385
2020-03-09,0.07011
2020-03-10,0.075234
2020-03-11,0.051575
2020-03-12,0.101938
2020-03-13,0.167119
2020-03-14,0.197129
2020-03-15,0.138818
2020-03-16,0.127168
2020-03-17,0.125646
2020-03-18,0.406415
2020-03-19,0.156616
2020-03-20,0.088748
2020-03-21,0.151328
2020-03-22,0.150578
2020-03-23,0.144433
2020-03-24,0.24426
2020-03-25,0.208436
2020-03-26,0.187971
2020-03-27,0.17488
2020-03-28,0.119322
2020-03-29,0.209103
2020-03-30,0.178611
2020-03-31,0.127401
2020-04-01,0.108936
2020-04-02,0.111336
2020-04-03,0.175691
2020-04-04,0.084886
2020-04-05,0.06829
2020-04-06,0.064677
2020-04-07,0.058226
2020-04-08,0.094348
2020-04-09,0.076585
2020-04-10,0.159495
2020-04-11,0.113854
2020-04-12,0.076728
2020-04-13,0.051389
2020-04-14,0.1537
2020-04-15,0.152298
2020-04-16,0.06476
2020-04-17,0.316043
2020-04-18,0.339105
2020-04-19,0.080086
2020-04-20,0.053648
2020-04-21,0.079751
2020-04-22,0.055118
2020-04-23,0.044455
2020-04-24,0.049751
2020-04-25,0.055349
2020-04-26,0.053785
2020-04-27,0.06789
2020-04-28,0.091317
2020-04-29,0.325898
2020-04-30,0.074744
2020-05-01,0.063202
2020-05-02,0.080929
2020-05-03,0.057783
2020-05-04,0.053502
2020-05-05,0.05344
2020-05-06,0.042623
2020-05-07,0.039453
2020-05-08,0.054581
2020-05-09,0.039473
2020-05-10,0.047396
2020-05-11,0.047488
2020-05-12,0.065446
2020-05-13,0.038891
2020-05-14,0.046309
2020-05-15,0.040994
2020-05-16,0.041542
2020-05-17,0.03074
2020-05-18,0.04394
2020-05-19,0.055807
2020-05-20,0.04201
2020-05-21,0.042854
2020-05-22,0.032391
2020-05-23,0.040518
2020-05-24,0.039195
2020-05-25,0.031641
2020-05-26,0.038686
2020-05-27,0.02471
2020-05-28,0.035237
2020-05-29,0.032242
2020-05-30,0.035555
2020-05-31,0.040693
2020-06-01,0.019213
2020-06-02,0.035771
2020-06-03,0.035912
2020-06-04,0.037293
2020-06-05,0.037747
2020-06-06,0.031693
2020-06-07,0.029778
2020-06-08,0.026333
2020-06-09,0.033103
2020-06-10,0.026028
2020-06-11,0.026997
2020-06-12,0.037002
2020-06-13,0.028308
2020-06-14,0.034442
2020-06-15,0.032462
2020-06-16,0.042994
2020-06-17,0.026281
2020-06-18,0.02853
2020-06-19,0.029252
2020-06-20,0.029366
2020-06-21,0.027143
2020-06-22,0.032037
2020-06-23,0.025223
2020-06-24,0.024086
2020-06-25,0.02423
2020-06-26,0.02301
2020-06-27,0.022167
2020-06-28,0.05208
2020-06-29,0.025319
2020-06-30,0.047356
2020-07-01,0.052492
2020-07-02,0.051473
2020-07-03,0.039819
2020-07-04,0.041343
2020-07-05,0.040492
2020-07-06,0.041234
2020-07-07,0.031066
2020-07-08,0.022737
2020-07-09,0.030828
2020-07-10,0.031555
2020-07-11,0.031123
2020-07-12,0.033427
2020-07-13,0.033392
2020-07-14,0.021012
2020-07-15,0.032319
2020-07-16,0.030794
2020-07-17,0.044759
2020-07-18,0.029896
2020-07-19,0.026422
2020-07-20,0.030169
2020-07-21,0.030879
2020-07-22,0.039955
2020-07-23,0.039338
2020-07-24,0.036341
2020-07-25,0.032933
2020-07-26,0.04036
2020-07-27,0.037808
2020-07-28,0.043766
2020-07-29,0.052704
2020-07-30,0.037823
2020-07-31,0.036157
2020-08-01,0.043606
2020-08-02,0.037913
2020-08-03,0.035998
2020-08-04,0.052866
2020-08-05,0.047848
2020-08-06,0.04502
2020-08-07,0.037398
2020-08-08,0.040671
2020-08-09,0.051443
2020-08-10,0.053683
2020-08-11,0.047441
2020-08-12,0.048331
2020-08-13,0.044124
2020-08-14,0.050787
2020-08-15,0.044591
2020-08-16,0.044178
2020-08-17,0.053192
2020-08-18,0.050965
2020-08-19,0.056718
2020-08-20,0.055274
2020-08-21,0.052369
2020-08-22,0.076126
2020-08-23,0.050598
2020-08-24,0.101606
2020-08-25,0.072107
2020-08-26,0.086661
2020-08-27,0.067542
2020-08-28,0.066882
2020-08-29,0.066103
2020-08-30,0.056081
2020-08-31,0.061202
2020-09-01,0.058134
2020-09-02,0.05697
2020-09-03,0.054149
2020-09-04,0.081531
2020-09-05,0.071753
2020-09-06,0.067249
2020-09-07,0.054684
2020-09-08,0.077368
2020-09-09,0.068908
2020-09-10,0.077258
2020-09-11,0.072001
2020-09-12,0.064154
2020-09-13,0.066839
2020-09-14,0.055979
2020-09-15,0.061566
2020-09-16,0.057047
2020-09-17,0.043556
2020-09-18,0.052811
2020-09-19,0.082635
2020-09-20,0.050266
2020-09-21,0.05893
2020-09-22,0.047348
2020-09-23,0.036552
2020-09-24,0.040562
2020-09-25,0.033947
2020-09-26,0.043889
2020-09-27,0.031522
2020-09-28,0.041329
2020-09-29,0.039901
2020-09-30,0.032607
2020-10-01,0.02683
2020-10-02,0.034253
2020-10-03,0.032597
2020-10-04,0.031386
2020-10-05,0.038611
2020-10-06,0.030085
2020-10-07,0.044462
2020-10-08,0.036915
2020-10-09,0.034638
2020-10-10,0.034345
2020-10-11,0.029793
2020-10-12,0.035786
2020-10-13,0.032689
2020-10-14,0.032676
2020-10-15,0.024214
2020-10-16,0.030437
2020-10-17,0.034043
2020-10-18,0.022537
2020-10-19,0.027547
2020-10-20,0.03113
2020-10-21,0.027391
2020-10-22,0.027667
2020-10-23,0.027323
2020-10-24,0.029465
2020-10-25,0.023887
2020-10-26,0.024007
2020-10-27,0.026586
2020-10-28,0.027616
2020-10-29,0.026419
2020-10-30,0.028485
2020-10-31,0.021403
2020-11-01,0.026636
2020-11-02,0.030562
2020-11-03,0.028239
2020-11-04,0.022601
2020-11-05,0.02523
2020-11-06,0.031634
2020-11-07,0.02504
2020-11-08,0.038475
2020-11-09,0.039962
2020-11-10,0.036038
2020-11-11,0.034196
2020-11-12,0.039415
2020-11-13,0.03763
2020-11-14,0.036609
2020-11-15,0.034536
2020-11-16,0.030425
2020-11-17,0.030156
2020-11-18,0.033361
2020-11-19,0.022802
2020-11-20,0.026513
2020-11-21,0.029464
2020-11-22,0.043951
2020-11-23,0.038703
2020-11-24,0.049694
2020-11-25,0.048865
2020-11-26,0.053926
2020-11-27,0.058023
2020-11-28,0.059016
2020-11-29,0.05372
2020-11-30,0.056474
2020-12-01,0.058975
2020-12-02,0.064864
2020-12-03,0.050433
2020-12-04,0.053153
2020-12-05,0.07252
2020-12-06,0.06713
2020-12-07,0.063617
2020-12-08,0.035606
2020-12-09,0.070485
2020-12-10,0.062695
2020-12-11,0.061309
2020-12-12,0.067873
2020-12-13,0.047283
2020-12-14,0.046961
2020-12-15,0.055476
2020-12-16,0.071644
2020-12-17,0.060624
2020-12-18,0.05403
2020-12-19,0.046524
2020-12-20,0.049371
2020-12-21,0.042329
2020-12-22,0.048301
2020-12-23,0.051505
2020-12-24,0.051198
2020-12-25,0.063044
2020-12-26,0.057564
2020-12-27,0.059398
2020-12-28,0.04678
2020-12-29,0.063843
2020-12-30,0.039219
2020-12-31,0.040197
2021-01-01,0.052703
2021-01-02,0.050248
2021-01-03,0.050581
2021-01-04,0.051946
2021-01-05,0.074966
2021-01-06,0.072201
2021-01-07,0.048032
2021-01-08,0.048255
2021-01-09,0.052981
2021-01-10,0.077984
2021-01-11,0.099954
2021-01-12,0.094628
2021-01-13,0.092896
2021-01-14,0.095181
2021-01-15,0.070389
2021-01-16,0.077808
2021-01-17,0.073128
2021-01-18,0.068621
2021-01-19,0.081691
2021-01-20,0.08437
2021-01-21,0.080078
2021-01-22,0.103844
2021-01-23,0.09779
2021-01-24,0.084512
2021-01-25,0.09216
2021-01-26,0.103894
2021-01-27,0.110575
2021-01-28,0.104301
2021-01-29,0.145793
2021-01-30,0.144691
2021-01-31,0.110708
2021-02-01,0.123325
2021-02-02,0.117399
2021-02-03,0.101508
2021-02-04,0.119041
2021-02-05,0.115375
2021-02-06,0.130126
2021-02-07,0.104697
2021-02-08,0.134288
2021-02-09,0.131324
2021-02-10,0.114395
2021-02-11,0.123884
2021-02-12,0.107467
2021-02-13,0.132602
2021-02-14,0.117282
2021-02-15,0.067713
2021-02-16,0.102773
2021-02-17,0.097891
2021-02-18,0.068429
2021-02-19,0.078595
2021-02-20,0.086614
2021-02-21,0.146584
2021-02-22,0.079975
2021-02-23,0.131022
2021-02-24,0.138569
2021-02-25,0.099836
2021-02-26,0.118577
2021-02-27,0.096194
2021-02-28,0.086944
2021-03-01,0.075084
2021-03-02,0.072217
2021-03-03,0.076916
2021-03-04,0.070328
2021-03-05,0.11542
2021-03-06,0.090125
2021-03-07,0.060514
2021-03-08,0.067833
2021-03-09,0.08831
2021-03-10,0.067864
2021-03-11,0.082348
2021-03-12,0.073565
2021-03-13,0.09687
2021-03-14,0.095166
2021-03-15,0.064155
2021-03-16,0.090369
2021-03-17,0.070377
2021-03-18,0.079142
2021-03-19,0.066432
2021-03-20,0.060236
2021-03-21,0.063549
2021-03-22,0.060166
2021-03-23,0.043971
2021-03-24,0.063486
2021-03-25,0.050712
2021-03-26,0.04751
2021-03-27,0.06747
2021-03-28,0.073147
2021-03-29,0.051079
2021-03-30,0.057234
2021-03-31,0.066117
2021-04-01,0.07532
2021-04-02,0.050388
2021-04-03,0.050136
2021-04-04,0.057467
2021-04-05,0.061648
2021-04-06,0.052974
2021-04-07,0.05479
2021-04-08,0.058122
2021-04-09,0.068697
2021-04-10,0.050922
2021-04-11,0.058349
2021-04-12,0.049716
2021-04-13,0.05846
2021-04-14,0.077438
2021-04-15,0.064771
2021-04-16,0.061089
2021-04-17,0.049372
2021-04-18,0.033022
2021-04-19,0.042546
2021-04-20,0.045052
2021-04-21,0.042757
2021-04-22,0.051009
2021-04-23,0.053185
2021-04-24,0.054777
2021-04-25,0.067631
2021-04-26,0.067089
2021-04-27,0.066696
2021-04-28,0.050867
2021-04-29,0.063578
2021-04-30,0.058055
2021-05-01,0.04675
2021-05-02,0.047729
2021-05-03,0.059382
2021-05-04,0.050399
2021-05-05,0.070667
2021-05-06,0.075103
2021-05-07,0.07011
2021-05-08,0.057976
2021-05-09,0.053084
2021-05-10,0.056854
2021-05-11,0.086209
2021-05-12,0.105636
2021-05-13,0.08741
2021-05-14,0.103464
2021-05-15,0.100458
2021-05-16,0.093233
2021-05-17,0.106634
2021-05-18,0.06712
2021-05-19,0.061952
2021-05-20,0.107945
2021-05-21,0.12493
2021-05-22,0.134327
2021-05-23,0.142252
2021-05-24,0.114335
2021-05-25,0.13002
