Datetime,btc,eth,usdt,ada,dot,xrp,bnb,ltc,bch,link,xlm,doge,usdc,uni,wbtc,aave,atom,bsv,eos,xmr,trx,snx,miota,xtz,vet,xem,theta,neo,AVAX,grt,egld,dash,luna,sol,ceth,fil,sushi,mkr,okb,ht,comp,dai,cel,cro,cdai,ftt,zec,etc,ksm,busd,zil,cusdc,uma,dcr,leo,amp,yfi,zrx,near,waves,algo,dgb,hbtc,hbar,icx,ont,rune,nexo,lrc,omg,renbtc,nano,bat,chsb,ren,vgx,cake,btt,pax,qtum,stx,crv,rvn,iost,zen,sc,rsr,matic,qnt,husd,enj,1inch,ewt,bal,btg,lsk,ftm,flow,ampl,nxm
2021-01-01,29261.32,737.06,1.00,0.18,8.84,0.24,37.80,127.25,347.21,11.56,0.13,0.00,1.00,4.96,29261.21,87.55,6.01,164.12,2.63,160.10,0.03,7.65,0.30,2.04,0.02,0.22,2.06,14.55,3.31,0.36,26.18,100.71,0.64,1.63,14.75,23.29,2.96,594.25,9.06,4.87,144.44,1.00,5.49,0.06,0.02,5.83,65.21,5.74,70.07,1.00,0.08,0.02,7.98,40.75,1.39,0.01,22251.48,0.36,1.44,6.15,0.38,0.03,29224.14,0.03,0.46,0.45,1.34,0.58,0.18,2.56,29296.85,1.03,0.20,0.26,0.33,0.16,0.63,0.00,1.00,2.25,0.42,0.63,0.01,0.01,12.65,0.00,0.02,0.02,11.11,1.00,0.13,1.17,6.34,14.08,8.51,1.16,0.02,,0.97,28.27
2021-01-02,29851.12,735.19,1.00,0.18,8.60,0.23,37.59,126.12,346.86,11.81,0.13,0.01,1.00,4.74,29803.32,86.47,5.59,163.15,2.62,135.40,0.03,8.31,0.29,2.01,0.02,0.21,2.12,14.46,3.58,0.35,25.82,88.38,0.63,1.81,14.72,22.29,3.20,587.48,8.98,5.08,143.13,1.00,5.58,0.06,0.02,5.86,57.96,5.70,68.14,1.00,0.08,0.02,8.06,43.89,1.39,0.01,21835.12,0.37,1.38,5.74,0.42,0.03,29671.61,0.03,0.45,0.47,1.29,0.58,0.17,2.58,29846.24,1.03,0.20,0.24,0.31,0.15,0.63,0.00,1.00,2.25,0.46,0.59,0.01,0.01,11.67,0.00,0.03,0.02,11.21,1.00,0.13,1.10,6.45,14.13,8.47,1.16,0.02,,0.97,28.13
2021-01-03,33705.59,826.02,1.00,0.18,9.29,0.22,38.67,147.49,390.01,12.41,0.13,0.01,1.00,5.01,33908.17,85.12,5.52,167.93,2.69,139.18,0.03,8.34,0.29,2.02,0.02,0.20,2.26,14.74,3.60,0.31,26.24,87.86,0.65,2.00,16.60,21.44,3.15,657.87,8.15,4.89,140.39,1.00,6.23,0.06,0.02,6.69,58.00,6.33,69.69,1.00,0.07,0.02,8.23,47.80,1.39,0.01,21386.25,0.38,1.49,5.37,0.42,0.03,33412.88,0.03,0.45,0.48,1.36,0.64,0.19,2.60,33941.56,1.07,0.20,0.24,0.32,0.15,0.62,0.00,1.00,2.30,0.48,0.62,0.01,0.01,13.69,0.00,0.03,0.02,12.01,1.00,0.13,1.05,6.41,15.39,8.68,1.16,0.02,,1.01,31.64
2021-01-04,31906.92,1017.67,1.00,0.21,9.58,0.23,40.22,155.94,407.08,13.65,0.14,0.01,1.00,5.40,31873.77,102.47,5.82,168.37,2.80,136.92,0.03,9.86,0.31,2.18,0.02,0.20,2.00,16.02,3.47,0.31,28.40,88.61,0.66,2.24,20.28,21.44,3.63,682.20,7.49,4.89,147.36,1.00,6.16,0.06,0.02,7.19,59.23,6.83,68.93,1.00,0.07,0.02,8.78,45.85,1.36,0.01,23643.39,0.39,1.38,5.36,0.41,0.03,31633.23,0.03,0.49,0.48,1.47,0.61,0.30,3.12,31654.67,1.55,0.22,0.28,0.33,0.15,0.62,0.00,1.00,2.50,0.48,0.64,0.01,0.01,12.84,0.00,0.03,0.02,10.99,1.00,0.14,1.05,6.63,15.59,8.79,1.21,0.02,,1.10,38.63
2021-01-05,31595.76,1043.94,1.00,0.23,9.50,0.23,40.17,153.87,410.49,14.13,0.17,0.01,1.00,5.70,31675.81,112.53,6.01,166.03,2.81,131.99,0.03,11.85,0.35,2.31,0.03,0.20,2.12,16.30,4.04,0.30,32.23,88.18,0.71,2.27,20.91,21.42,3.50,697.91,7.32,4.82,155.92,1.00,5.86,0.06,0.02,7.68,59.32,7.00,66.49,1.00,0.07,0.02,8.80,46.06,1.35,0.01,23329.21,0.41,1.43,5.40,0.45,0.03,31470.40,0.04,0.52,0.49,1.57,0.62,0.46,3.50,31704.02,1.50,0.23,0.28,0.34,0.15,0.63,0.00,1.00,2.53,0.50,0.67,0.01,0.01,13.30,0.00,0.03,0.02,11.56,1.00,0.14,1.09,7.48,16.02,8.96,1.20,0.02,,1.00,39.55
2021-01-06,34907.19,1127.10,1.00,0.28,9.86,0.23,41.36,162.95,429.38,14.97,0.28,0.01,1.00,6.27,34966.76,116.64,6.30,175.91,3.08,136.81,0.03,12.56,0.38,2.51,0.03,0.24,2.21,17.44,4.55,0.36,36.37,92.21,0.72,2.06,22.56,21.85,3.86,816.93,7.45,4.89,168.39,1.00,6.01,0.07,0.02,8.79,60.91,7.37,69.26,1.00,0.08,0.02,9.20,50.45,1.35,0.01,23866.28,0.47,1.50,5.77,0.49,0.03,34709.40,0.04,0.60,0.53,1.54,0.61,0.45,3.61,34785.77,1.63,0.24,0.29,0.35,0.18,0.67,0.00,1.00,2.76,0.52,0.72,0.02,0.01,15.05,0.00,0.04,0.03,12.23,1.00,0.15,1.31,7.89,17.28,9.31,1.26,0.02,,1.08,42.96
2021-01-07,37510.32,1212.59,1.00,0.33,10.00,0.31,43.41,169.70,451.93,16.66,0.34,0.01,1.00,6.31,37591.80,118.61,6.63,180.74,3.33,144.74,0.03,12.15,0.39,2.64,0.03,0.26,2.09,20.15,4.59,0.37,39.03,98.90,0.86,2.27,24.32,22.41,3.83,1081.52,7.53,5.01,179.50,1.00,5.96,0.08,0.02,9.60,68.22,7.49,72.42,1.00,0.08,0.02,10.10,55.00,1.34,0.01,30845.11,0.47,1.52,6.09,0.50,0.03,37252.49,0.04,0.61,0.57,1.51,0.64,0.42,3.74,37469.84,3.74,0.26,0.32,0.40,0.23,0.64,0.00,1.00,3.04,0.54,0.73,0.02,0.01,15.50,0.00,0.04,0.03,12.28,1.00,0.17,1.46,8.17,18.03,10.64,1.38,0.03,,1.13,46.35
2021-01-08,39621.87,1202.89,1.00,0.30,9.33,0.32,42.49,168.37,433.66,15.48,0.30,0.01,1.00,6.03,39577.64,111.94,6.05,172.14,3.09,144.44,0.03,11.78,0.36,2.42,0.03,0.23,1.92,20.12,4.94,0.34,37.87,97.10,0.85,2.90,23.93,21.76,4.08,1063.58,7.11,4.89,168.67,1.00,5.53,0.08,0.02,9.27,67.08,6.94,68.66,1.00,0.07,0.02,9.60,58.99,1.33,0.01,33133.39,0.44,1.50,5.67,0.45,0.03,39602.94,0.05,0.59,0.55,1.39,0.61,0.36,3.41,39638.88,3.87,0.26,0.32,0.37,0.41,0.59,0.00,1.00,2.83,0.52,0.69,0.02,0.01,14.31,0.00,0.04,0.03,14.42,1.00,0.22,1.27,7.27,17.90,11.27,1.29,0.02,,1.08,45.74
2021-01-09,40548.06,1221.18,1.00,0.31,9.37,0.32,42.60,170.41,448.15,15.81,0.30,0.01,1.00,6.08,40501.92,112.59,6.43,219.68,3.24,143.69,0.03,11.78,0.44,2.54,0.03,0.23,2.02,20.46,6.59,0.35,37.15,99.19,0.82,3.18,24.42,21.83,4.62,1113.79,7.17,4.93,171.07,1.00,5.44,0.08,0.02,9.26,69.72,7.02,68.27,1.00,0.07,0.02,9.55,61.77,1.34,0.01,37827.76,0.47,1.73,5.76,0.47,0.03,40358.55,0.05,0.65,0.61,1.47,0.62,0.40,3.54,40582.05,3.81,0.26,0.31,0.40,0.62,0.58,0.00,1.00,3.01,0.50,0.74,0.02,0.01,15.53,0.01,0.04,0.03,15.25,1.00,0.20,1.21,7.14,18.46,11.91,1.40,0.03,,1.01,46.50
2021-01-10,40207.72,1307.77,1.00,0.33,9.53,0.33,43.66,176.60,592.42,17.36,0.31,0.01,1.00,6.13,40197.20,122.46,6.61,261.14,3.57,160.14,0.03,13.72,0.43,2.66,0.03,0.24,1.97,22.32,6.98,0.35,36.92,141.74,0.84,3.41,26.40,23.23,4.60,1700.55,7.30,5.31,190.35,1.00,5.29,0.08,0.02,9.60,85.96,8.61,69.65,1.00,0.08,0.02,9.81,59.95,1.34,0.01,36311.65,0.53,1.72,6.34,0.48,0.03,40122.62,0.05,0.66,0.63,1.50,0.63,0.38,3.76,39860.78,3.55,0.27,0.30,0.43,0.49,0.58,0.00,1.00,3.34,0.50,0.78,0.02,0.01,16.58,0.01,0.05,0.03,16.69,1.00,0.19,1.26,7.22,20.15,14.41,1.46,0.03,,1.00,49.65
2021-01-11,34588.06,1085.25,1.00,0.27,8.07,0.28,38.84,140.60,489.32,14.46,0.25,0.01,1.00,5.33,34699.54,111.37,5.65,196.98,2.73,155.98,0.03,12.44,0.37,2.40,0.02,0.21,1.72,22.72,6.22,0.29,34.79,125.95,0.79,3.01,21.68,21.92,3.98,1327.35,6.24,4.87,166.52,1.00,4.90,0.07,0.02,8.33,88.03,7.52,66.31,1.00,0.06,0.02,8.24,50.98,1.34,0.01,30229.24,0.45,1.58,5.75,0.41,0.03,34420.32,0.04,0.58,0.57,1.29,0.58,0.31,3.12,34520.23,2.74,0.23,0.27,0.35,0.50,0.51,0.00,1.00,2.89,0.43,0.65,0.01,0.01,23.14,0.00,0.04,0.03,14.86,1.00,0.16,1.09,6.42,15.90,11.85,1.25,0.02,,0.81,41.37
2021-01-12,35231.73,1093.53,1.00,0.29,8.34,0.30,38.76,139.01,474.56,14.64,0.29,0.01,1.00,5.37,34889.30,121.38,5.82,190.17,2.67,162.69,0.03,14.14,0.37,2.35,0.02,0.22,1.89,22.87,7.69,0.29,32.55,125.71,0.77,3.39,21.70,21.54,4.19,1488.94,6.33,4.82,191.39,1.00,4.85,0.07,0.02,8.65,98.27,7.22,64.93,1.00,0.06,0.02,8.52,52.06,1.34,0.01,30593.00,0.43,1.52,5.82,0.41,0.03,34736.16,0.05,0.59,0.55,1.34,0.56,0.33,3.06,34980.43,3.48,0.24,0.30,0.37,0.61,0.52,0.00,1.00,2.85,0.50,0.63,0.02,0.01,27.43,0.00,0.04,0.03,18.02,1.00,0.17,1.14,6.42,16.03,13.03,1.26,0.02,,0.83,41.59
2021-01-13,34454.05,1067.85,1.00,0.29,9.12,0.30,38.33,137.54,476.04,14.59,0.29,0.01,1.00,5.75,34664.23,139.03,5.91,206.15,2.69,161.13,0.03,15.07,0.39,2.36,0.02,0.21,1.92,21.92,7.72,0.29,32.38,129.81,0.82,3.46,21.35,21.53,4.54,1474.82,6.34,4.78,209.22,1.00,4.76,0.07,0.02,8.46,105.80,7.29,67.43,1.00,0.06,0.02,8.46,49.02,1.34,0.01,30592.98,0.48,1.54,6.27,0.42,0.03,34493.86,0.05,0.59,0.55,1.57,0.58,0.34,3.15,34439.02,3.34,0.24,0.30,0.39,0.69,0.55,0.00,1.00,2.83,0.50,0.65,0.02,0.01,25.43,0.00,0.04,0.03,17.98,1.00,0.17,1.24,6.26,16.24,13.33,1.26,0.02,,0.83,40.72
2021-01-14,38282.70,1165.39,1.00,0.31,11.99,0.30,40.95,147.91,504.98,16.01,0.30,0.01,1.00,6.46,38258.75,144.91,6.38,212.31,2.76,166.83,0.03,15.15,0.42,2.48,0.03,0.23,2.09,22.90,8.66,0.34,36.80,133.26,0.84,3.40,23.35,21.75,5.36,1536.96,6.34,4.94,212.74,1.00,5.03,0.07,0.02,9.40,113.13,7.60,81.84,1.00,0.07,0.02,9.01,56.42,1.35,0.01,33037.11,0.50,1.69,6.31,0.44,0.03,38159.96,0.06,0.61,0.58,1.80,0.61,0.41,3.26,38346.07,3.47,0.25,0.31,0.45,0.85,0.60,0.00,1.00,2.91,0.55,0.71,0.02,0.01,26.14,0.00,0.04,0.03,20.12,1.00,0.18,1.30,6.82,17.66,13.60,1.36,0.02,,0.92,44.55
2021-01-15,37901.97,1208.20,1.00,0.31,13.80,0.29,41.14,148.40,503.48,18.34,0.29,0.01,1.00,7.02,38068.24,153.62,7.76,210.49,2.76,162.02,0.03,14.62,0.42,2.62,0.03,0.22,2.10,23.09,9.25,0.34,37.29,129.99,0.81,3.32,24.21,21.60,6.12,1542.50,6.03,5.02,204.77,1.00,5.12,0.07,0.02,9.47,107.57,7.67,82.06,1.00,0.07,0.02,9.21,57.16,1.34,0.01,31671.15,0.50,1.82,6.41,0.47,0.03,37833.69,0.05,0.60,0.61,1.85,0.68,0.39,3.39,38016.09,3.31,0.24,0.31,0.50,1.17,0.60,0.00,1.00,2.99,0.50,0.96,0.02,0.02,24.48,0.00,0.04,0.03,19.44,1.00,0.18,1.33,6.73,17.65,13.20,1.32,0.03,,0.89,46.41
2021-01-16,37127.76,1212.66,1.00,0.34,16.00,0.28,42.56,145.68,495.18,21.77,0.29,0.01,1.00,7.80,36899.08,188.25,8.40,207.10,2.79,157.68,0.03,16.17,0.44,2.95,0.03,0.22,2.09,23.90,10.59,0.41,37.72,126.68,0.79,3.43,24.28,21.88,6.73,1529.55,6.13,5.17,212.33,1.00,4.86,0.08,0.02,9.44,105.89,7.70,89.95,1.00,0.07,0.02,9.89,58.59,1.34,0.01,33246.74,0.53,2.05,6.61,0.52,0.03,37087.42,0.06,0.66,0.66,1.95,0.69,0.39,3.66,36820.86,3.28,0.27,0.30,0.54,1.25,0.63,0.00,1.00,3.11,0.49,1.16,0.02,0.02,24.91,0.00,0.04,0.03,19.12,1.00,0.19,1.47,8.53,19.66,12.96,1.37,0.03,,0.88,46.03
2021-01-17,35725.82,1227.30,1.00,0.37,17.22,0.28,43.03,142.74,479.96,20.67,0.30,0.01,1.00,8.57,35742.20,189.35,8.50,200.76,2.75,155.33,0.03,15.51,0.42,2.89,0.03,0.22,2.03,23.20,13.26,0.46,37.08,123.72,0.79,3.54,24.55,24.18,7.12,1469.89,6.08,5.23,212.41,1.00,4.74,0.08,0.02,9.44,103.00,7.64,99.51,1.00,0.07,0.02,10.21,56.83,1.39,0.01,34434.80,0.55,2.60,6.68,0.52,0.03,35584.32,0.06,0.66,0.65,1.93,0.65,0.39,3.60,35585.23,3.40,0.27,0.30,0.59,1.09,0.65,0.00,1.00,3.05,0.48,1.46,0.02,0.02,24.43,0.00,0.04,0.03,18.28,1.00,0.24,1.84,8.85,19.35,12.41,1.36,0.03,,0.89,47.05
2021-01-18,36025.45,1227.42,1.00,0.37,17.22,0.28,45.39,143.89,484.41,22.11,0.30,0.01,1.00,9.14,36046.37,187.87,8.98,203.95,2.77,154.53,0.03,15.22,0.45,3.00,0.03,0.23,2.02,25.62,13.20,0.60,39.32,124.81,0.80,3.89,24.60,24.03,7.21,1432.74,6.56,5.43,226.59,1.00,4.59,0.08,0.02,10.37,103.09,7.66,112.72,1.00,0.08,0.02,10.53,55.93,1.39,0.01,37783.76,0.60,2.44,7.59,0.56,0.03,35982.80,0.06,0.71,0.70,1.99,0.64,0.41,4.07,36015.92,3.55,0.28,0.30,0.61,1.18,0.72,0.00,1.00,3.25,0.49,1.59,0.02,0.02,31.37,0.00,0.04,0.04,18.65,1.00,0.24,1.90,9.50,21.42,12.45,1.38,0.03,,0.95,47.08
2021-01-19,36813.79,1377.59,1.00,0.37,16.82,0.30,45.07,159.02,523.49,21.61,0.31,0.01,1.00,9.15,36806.42,202.66,9.35,209.31,2.85,155.93,0.03,15.76,0.48,3.00,0.03,0.24,2.05,27.06,12.70,0.55,39.14,129.30,0.92,3.82,27.63,23.54,7.28,1446.47,6.43,6.02,226.60,1.00,4.75,0.08,0.02,10.91,106.16,8.02,105.44,1.00,0.08,0.02,12.05,55.25,1.39,0.01,37207.19,0.57,2.36,7.53,0.55,0.03,37026.23,0.06,0.73,0.69,2.10,0.69,0.45,4.03,36730.24,3.60,0.28,0.31,0.61,1.14,0.75,0.00,1.00,3.27,0.49,1.47,0.02,0.02,29.88,0.01,0.05,0.04,19.62,1.00,0.34,1.91,9.75,23.77,12.80,1.41,0.03,,1.18,52.51
2021-01-20,35240.37,1334.13,1.00,0.36,15.89,0.29,41.89,147.34,494.48,20.53,0.29,0.01,1.00,8.45,35204.18,187.38,8.72,198.62,2.75,152.13,0.03,15.06,0.46,2.84,0.03,0.23,1.98,25.56,12.01,0.52,37.79,119.83,0.91,3.61,26.78,22.45,6.61,1370.66,6.06,5.67,210.64,1.00,4.59,0.08,0.02,10.25,98.37,7.75,99.79,1.00,0.07,0.02,11.15,56.21,1.40,0.01,33606.28,0.53,2.37,7.04,0.52,0.03,35211.24,0.09,0.70,0.63,1.95,0.70,0.44,3.73,35116.18,3.37,0.27,0.30,0.70,1.07,0.72,0.00,1.00,3.15,0.50,1.39,0.02,0.02,29.57,0.00,0.04,0.03,19.28,1.00,0.42,1.81,9.00,21.64,12.23,1.41,0.03,,1.04,51.13
2021-01-21,32912.60,1259.35,1.00,0.35,16.52,0.29,40.50,136.86,454.24,20.01,0.28,0.01,1.00,8.20,32691.89,175.02,8.14,188.84,2.65,142.69,0.03,14.04,0.46,2.66,0.03,0.22,1.94,24.07,12.12,0.50,37.82,108.24,0.85,3.43,25.00,21.96,6.41,1288.98,6.29,5.46,190.43,1.00,4.28,0.08,0.02,9.61,90.66,7.50,99.93,1.00,0.07,0.02,11.22,53.04,1.39,0.01,31007.62,0.51,2.31,6.72,0.50,0.03,33154.96,0.10,0.77,0.58,1.81,0.69,0.41,3.46,33296.07,3.11,0.26,0.29,0.69,0.96,0.74,0.00,1.00,2.95,0.48,1.59,0.02,0.02,29.49,0.00,0.04,0.03,17.85,1.00,0.37,1.73,8.20,20.43,11.28,1.38,0.03,,0.95,47.96
2021-01-22,31666.95,1189.85,1.00,0.33,16.60,0.27,40.08,138.76,431.32,20.63,0.27,0.01,1.00,8.32,31775.79,183.53,7.64,178.73,2.61,133.90,0.03,13.56,0.45,2.87,0.03,0.21,1.87,23.22,12.05,0.47,37.49,101.92,0.83,3.19,23.79,22.20,6.53,1232.41,5.86,5.20,198.03,1.00,4.32,0.07,0.02,9.39,85.19,7.22,99.44,1.00,0.07,0.02,11.75,50.12,1.39,0.01,30858.92,0.49,2.26,6.16,0.49,0.02,31910.48,0.10,0.72,0.56,1.96,0.67,0.39,3.32,31738.78,3.07,0.30,0.29,0.65,0.98,0.76,0.00,1.00,2.80,0.48,1.94,0.02,0.02,27.80,0.00,0.04,0.03,17.78,1.00,0.36,1.73,7.71,19.28,10.50,1.31,0.03,,0.94,45.84
2021-01-23,32359.35,1246.47,1.00,0.35,17.60,0.27,40.71,139.10,432.53,23.88,0.27,0.01,1.00,9.07,32442.97,201.87,8.38,173.82,2.65,137.84,0.03,14.61,0.46,3.22,0.03,0.22,1.96,24.51,13.00,0.53,37.29,105.52,0.84,3.49,24.88,22.84,7.16,1398.81,5.90,5.66,207.33,1.00,4.90,0.07,0.02,9.80,86.77,7.45,107.49,1.00,0.07,0.02,11.47,51.35,1.33,0.01,30674.45,0.52,2.41,6.58,0.53,0.02,32173.45,0.09,0.72,0.59,2.37,0.69,0.41,3.45,32452.58,3.20,0.34,0.30,0.63,1.00,0.94,0.00,1.00,3.02,0.48,2.18,0.02,0.02,27.74,0.00,0.04,0.03,19.09,1.00,0.42,1.91,7.87,20.60,10.77,1.35,0.03,,0.98,48.96
2021-01-24,32129.51,1321.54,1.00,0.35,18.10,0.27,41.29,138.58,433.69,24.20,0.27,0.01,1.00,10.23,32133.78,237.70,8.40,174.01,2.73,139.15,0.03,16.33,0.46,3.15,0.03,0.22,1.95,24.82,12.82,0.56,37.83,106.80,0.87,3.62,26.54,22.85,7.76,1430.19,5.91,5.75,218.72,1.00,4.87,0.07,0.02,10.00,88.33,7.54,106.98,1.00,0.07,0.02,11.45,50.70,1.37,0.01,31930.27,0.56,2.52,6.79,0.56,0.03,32438.45,0.09,0.76,0.62,2.48,0.71,0.41,3.65,32120.41,3.21,0.32,0.30,0.63,0.96,1.13,0.00,1.00,3.78,0.49,2.17,0.02,0.02,27.48,0.00,0.04,0.03,19.71,1.00,0.41,2.15,8.25,21.30,10.95,1.37,0.05,,1.00,52.23
2021-01-25,33350.73,1412.35,1.00,0.36,18.13,0.28,42.40,143.31,450.54,24.56,0.27,0.01,1.00,11.93,33393.94,261.82,8.26,176.62,2.72,139.81,0.03,17.22,0.46,3.10,0.03,0.22,2.05,24.79,12.68,0.56,47.14,108.36,0.91,3.59,28.24,22.77,8.27,1444.10,5.90,5.80,243.33,1.00,5.17,0.07,0.02,10.49,91.28,7.77,102.74,1.00,0.07,0.02,11.61,52.87,1.36,0.01,31776.14,0.55,2.52,7.09,0.60,0.03,33393.65,0.09,0.84,0.61,2.46,0.72,0.44,3.63,33317.70,3.37,0.32,0.31,0.61,0.94,1.17,0.00,1.00,3.48,0.49,2.17,0.02,0.02,34.16,0.00,0.04,0.03,20.94,1.00,0.41,2.52,8.53,22.99,11.18,1.36,0.06,,1.10,54.72
2021-01-26,32080.30,1332.16,1.00,0.34,17.06,0.27,41.11,135.19,427.72,22.90,0.26,0.01,1.00,12.62,32070.95,258.69,7.71,173.99,2.62,137.59,0.03,15.84,0.43,2.88,0.03,0.23,2.23,23.22,12.01,0.52,48.52,104.05,0.91,3.86,26.56,22.30,7.70,1376.79,5.64,5.61,220.85,1.00,5.01,0.07,0.02,9.84,87.00,7.37,98.64,1.00,0.07,0.02,10.80,57.72,1.32,0.01,29622.42,0.52,2.29,6.71,0.56,0.02,31967.58,0.09,0.87,0.58,2.37,0.72,0.41,3.43,31965.94,3.19,0.30,0.31,0.57,0.96,1.14,0.00,1.00,3.34,0.47,2.02,0.02,0.02,33.07,0.00,0.04,0.04,20.64,1.00,0.42,2.40,7.88,21.25,10.58,1.30,0.05,,1.03,51.24
2021-01-27,31269.41,1286.05,1.00,0.33,15.88,0.26,41.01,126.84,398.13,21.64,0.25,0.01,1.00,13.80,31301.95,271.85,7.28,164.97,2.56,131.94,0.03,16.01,0.41,2.78,0.03,0.24,2.07,21.79,11.56,0.50,47.82,98.99,1.16,3.75,25.76,21.61,7.43,1367.80,5.40,5.56,225.66,1.00,4.80,0.07,0.02,9.73,83.05,7.08,96.24,1.00,0.06,0.02,10.31,57.04,1.38,0.01,28521.72,0.55,2.12,6.29,0.56,0.02,31343.05,0.08,0.82,0.55,2.34,0.72,0.42,3.26,31332.94,3.01,0.29,0.40,0.56,0.98,1.24,0.00,1.00,3.25,0.45,1.91,0.02,0.02,30.66,0.00,0.03,0.04,21.52,1.00,0.39,2.48,7.73,19.89,10.06,1.25,0.08,8.48,1.02,49.58
2021-01-28,31487.96,1300.20,1.00,0.33,16.77,0.26,42.18,129.79,392.55,23.49,0.25,0.01,1.00,14.52,31374.58,288.10,7.62,165.88,2.58,129.53,0.03,16.01,0.41,2.96,0.03,0.23,2.02,22.37,11.79,0.53,58.17,100.72,1.46,3.79,26.16,21.84,7.52,1390.67,5.46,5.65,237.22,1.00,4.80,0.07,0.02,9.88,82.06,7.24,107.89,1.00,0.07,0.02,10.23,58.21,1.31,0.01,28897.11,0.61,2.22,6.37,0.56,0.02,31475.64,0.09,0.82,0.56,2.79,0.75,0.42,3.29,31397.45,3.01,0.31,0.49,0.57,1.04,1.47,0.00,1.00,3.26,0.44,1.92,0.02,0.02,35.07,0.00,0.03,0.04,23.20,1.00,0.37,3.12,7.79,20.18,10.07,1.27,0.09,7.21,1.02,49.92
2021-01-29,34779.04,1353.81,1.00,0.35,16.85,0.28,42.70,136.13,410.76,23.13,0.31,0.05,1.00,14.78,34517.48,290.78,7.96,173.51,2.73,139.61,0.03,16.37,0.41,2.92,0.03,0.23,2.03,22.70,11.83,0.56,57.89,104.75,1.54,3.75,27.08,22.14,8.11,1404.23,5.44,5.96,245.82,1.00,5.03,0.07,0.02,11.80,86.19,7.70,105.49,1.00,0.07,0.02,10.53,60.15,1.31,0.01,29754.40,0.60,2.16,6.43,0.57,0.03,34777.01,0.09,0.82,0.58,3.22,0.75,0.45,3.55,34428.42,3.91,0.30,0.58,0.57,1.69,1.47,0.00,1.00,3.35,0.44,1.94,0.02,0.02,34.11,0.01,0.03,0.04,30.47,1.00,0.36,3.00,7.67,24.13,10.85,1.33,0.15,6.51,0.98,52.02
2021-01-30,34151.23,1356.10,1.00,0.35,16.57,0.31,43.66,132.24,404.88,22.70,0.29,0.03,1.00,15.42,33991.90,292.29,7.98,175.91,2.74,138.98,0.03,16.94,0.41,2.89,0.03,0.23,2.01,22.34,11.79,0.58,67.56,103.16,1.47,3.89,27.19,22.17,9.36,1427.28,5.49,6.11,310.96,1.00,4.91,0.07,0.02,11.45,84.06,7.53,103.42,1.00,0.07,0.02,10.58,63.67,1.40,0.01,29676.45,0.60,2.15,6.38,0.65,0.03,34128.23,0.08,0.77,0.57,3.78,0.77,0.48,3.45,33955.71,3.80,0.31,0.56,0.57,2.31,1.52,0.00,1.00,3.24,0.43,2.02,0.03,0.02,34.24,0.01,0.03,0.04,29.47,1.00,0.34,3.77,7.45,25.57,10.87,1.30,0.13,6.53,0.98,52.25
2021-01-31,33569.78,1343.99,1.00,0.35,16.48,0.45,44.11,130.52,403.41,22.91,0.32,0.03,1.00,18.78,33563.02,304.71,8.17,177.39,2.90,137.03,0.03,18.50,0.42,2.87,0.03,0.23,1.99,22.30,12.69,0.71,65.74,103.23,1.43,4.35,26.99,22.16,10.26,1497.86,5.42,6.53,318.79,1.00,4.75,0.06,0.02,11.34,84.45,7.45,101.76,1.00,0.07,0.02,11.17,62.72,1.40,0.01,31113.02,0.68,2.25,6.67,0.65,0.03,33741.89,0.08,0.75,0.58,3.74,0.82,0.52,3.48,33587.37,3.57,0.31,0.56,0.61,2.92,1.80,0.00,1.00,3.31,0.43,2.55,0.02,0.02,36.33,0.01,0.04,0.04,30.44,1.00,0.34,5.03,7.29,26.56,10.65,1.30,0.12,9.33,1.11,51.83
2021-02-01,33588.90,1314.69,1.00,0.35,15.99,0.48,47.20,130.38,407.20,22.29,0.32,0.04,1.00,17.86,33652.59,295.78,8.10,177.98,3.03,140.69,0.03,17.26,0.41,2.84,0.03,0.25,1.92,22.59,12.89,0.81,63.38,103.03,1.53,4.24,26.37,22.38,10.61,1466.63,5.82,6.62,350.15,1.00,4.73,0.06,0.02,11.31,86.62,7.44,98.42,1.00,0.07,0.02,11.02,65.55,1.40,0.01,30079.78,0.67,2.19,6.70,0.64,0.03,33675.18,0.08,0.71,0.58,3.62,0.84,0.49,3.67,33561.33,3.42,0.30,0.57,0.60,2.71,2.33,0.00,1.00,3.36,0.43,2.43,0.02,0.02,36.18,0.01,0.03,0.04,31.28,1.00,0.33,4.76,7.43,26.85,10.64,1.34,0.11,11.36,1.24,50.63
2021-02-02,34549.85,1418.15,1.00,0.42,16.67,0.38,50.51,139.10,421.76,23.07,0.33,0.03,1.00,19.01,34696.52,291.96,8.91,178.62,3.00,145.26,0.03,16.82,0.42,2.89,0.03,0.27,2.11,23.15,13.09,0.76,64.85,106.38,1.94,5.11,28.49,22.53,12.72,1574.99,5.79,6.73,347.62,1.00,4.82,0.06,0.02,12.37,91.05,7.57,102.80,1.00,0.08,0.02,12.36,67.03,1.41,0.01,30830.07,0.67,2.39,6.95,0.65,0.03,34564.53,0.09,0.77,0.60,3.92,0.98,0.53,3.95,34710.91,3.53,0.31,0.63,0.66,2.68,2.53,0.00,1.00,3.44,0.45,2.56,0.02,0.02,35.42,0.01,0.04,0.04,37.19,1.00,0.35,4.80,7.58,31.16,10.75,1.37,0.11,9.87,1.35,54.38
2021-02-03,36490.00,1542.64,1.00,0.43,17.65,0.38,51.06,151.74,438.73,24.50,0.34,0.03,1.00,19.60,36542.52,314.66,8.94,183.79,3.04,153.18,0.03,17.12,0.44,3.02,0.03,0.28,2.19,24.24,13.88,0.77,65.07,114.91,2.20,5.23,31.13,22.70,13.98,1690.00,6.08,7.25,352.17,1.00,4.95,0.06,0.02,13.11,95.08,7.83,108.47,1.00,0.08,0.02,15.88,68.67,1.41,0.01,33246.68,0.70,2.55,6.99,0.67,0.03,36727.87,0.09,0.80,0.62,3.78,1.01,0.54,4.13,36496.17,3.60,0.32,0.69,0.67,2.66,2.32,0.00,1.00,3.55,0.47,2.57,0.02,0.02,35.12,0.01,0.04,0.04,38.46,1.00,0.36,4.81,7.59,32.69,11.16,1.43,0.14,9.28,1.35,59.55
2021-02-04,37529.34,1642.74,1.00,0.43,20.32,0.39,52.95,149.13,428.83,24.45,0.33,0.05,1.00,20.71,37585.37,425.41,9.16,180.48,3.06,151.48,0.03,18.27,0.44,3.00,0.03,0.27,2.17,23.87,14.96,0.82,69.17,113.51,2.14,5.87,32.94,22.95,15.42,1735.31,6.08,7.61,416.72,1.00,5.01,0.06,0.02,13.34,91.83,7.77,117.44,1.00,0.08,0.02,34.54,77.56,1.40,0.01,33155.64,0.78,2.53,7.26,0.72,0.03,37651.13,0.09,0.78,0.61,3.81,1.25,0.55,4.42,37531.79,3.53,0.31,0.91,0.72,2.46,2.38,0.00,1.00,3.56,0.45,2.83,0.03,0.02,36.27,0.01,0.04,0.04,38.37,1.00,0.36,5.04,7.31,34.62,11.22,1.43,0.13,8.61,1.49,62.98
2021-02-05,37554.92,1662.17,1.00,0.51,20.56,0.45,58.76,152.07,433.42,26.23,0.35,0.05,1.00,20.53,37611.01,495.14,9.76,180.79,3.11,151.52,0.03,21.37,0.48,3.15,0.03,0.28,2.41,24.64,16.48,0.92,81.69,115.29,2.82,6.75,33.31,23.38,15.42,2388.96,6.19,7.83,488.45,1.00,4.97,0.07,0.02,14.14,93.06,7.91,118.23,1.00,0.08,0.02,32.01,77.74,1.38,0.01,32161.36,1.36,2.79,8.09,0.80,0.03,37608.51,0.09,0.81,0.65,3.99,1.54,0.62,4.91,37600.74,3.62,0.35,0.90,0.90,2.60,2.71,0.00,1.00,3.69,0.46,3.22,0.03,0.02,37.53,0.01,0.04,0.05,36.17,1.00,0.38,5.80,7.68,37.60,11.48,1.59,0.15,10.04,1.58,63.59
2021-02-06,39856.77,1687.91,1.00,0.54,20.33,0.44,71.08,159.30,472.23,25.45,0.35,0.05,1.00,19.83,39942.73,476.47,11.95,189.55,3.21,155.69,0.03,20.87,0.57,3.21,0.03,0.28,2.30,24.99,17.44,0.88,94.47,119.05,2.73,6.04,33.87,24.38,14.19,2584.18,6.50,8.15,471.71,1.00,5.08,0.07,0.02,15.04,96.75,8.60,114.49,1.00,0.08,0.02,29.58,81.08,1.41,0.01,31573.72,1.45,2.71,8.10,0.78,0.04,39820.72,0.10,0.79,0.66,3.61,1.41,0.67,4.92,39878.09,3.61,0.35,0.83,0.82,2.44,3.08,0.00,1.00,3.89,0.45,3.21,0.03,0.02,36.43,0.01,0.04,0.05,36.65,1.00,0.39,5.34,8.39,36.57,12.58,1.63,0.14,10.33,1.52,64.67
2021-02-07,38573.91,1614.58,1.00,0.64,19.76,0.44,69.65,151.04,449.32,24.47,0.38,0.06,1.00,18.46,38576.48,444.73,12.75,183.58,3.25,151.40,0.04,19.70,0.57,3.22,0.03,0.28,2.24,24.39,20.29,0.87,114.07,117.07,2.69,6.37,32.28,24.03,12.90,2448.99,6.50,8.89,438.74,1.00,4.95,0.07,0.02,14.12,92.48,8.27,109.04,1.00,0.08,0.02,28.99,85.19,1.38,0.01,30693.03,1.36,3.00,8.03,0.82,0.04,38642.14,0.10,0.84,0.65,3.42,1.43,0.63,4.64,38553.68,3.61,0.38,0.85,0.76,2.29,3.22,0.00,1.00,4.21,0.45,2.95,0.03,0.02,34.82,0.01,0.04,0.05,38.75,1.00,0.39,4.84,8.97,34.87,12.03,1.54,0.13,10.13,1.38,61.60
2021-02-08,39254.79,1639.95,1.00,0.67,21.17,0.43,71.91,152.19,449.96,24.79,0.39,0.08,1.00,19.17,39415.00,493.82,14.14,185.27,3.45,152.23,0.04,20.84,0.59,3.35,0.03,0.32,2.60,25.09,29.40,0.98,168.60,119.25,3.37,7.43,32.97,24.51,13.77,2572.51,6.26,8.93,466.42,1.00,5.05,0.07,0.02,14.89,94.03,8.35,119.74,1.00,0.08,0.02,29.08,84.65,1.38,0.01,31492.10,1.53,3.34,8.24,0.91,0.04,39346.00,0.10,0.84,0.73,4.03,1.54,0.66,4.79,39411.05,3.71,0.41,0.87,0.81,2.38,3.44,0.00,1.00,4.52,0.48,3.05,0.03,0.02,34.50,0.01,0.04,0.07,39.21,1.00,0.39,5.02,9.02,36.99,12.49,1.63,0.13,10.20,1.33,62.57
2021-02-09,46640.71,1744.02,1.00,0.68,23.12,0.46,94.00,169.65,492.46,25.54,0.39,0.08,1.00,19.20,46465.85,489.32,14.41,214.84,3.64,164.02,0.04,21.40,0.73,3.53,0.03,0.33,2.87,28.78,29.64,0.97,195.66,128.16,5.56,7.92,34.88,31.55,14.10,2513.99,7.36,9.44,461.40,1.00,5.60,0.07,0.02,17.72,102.69,9.08,131.42,1.00,0.09,0.02,28.65,98.32,1.44,0.01,32272.15,1.50,3.35,9.31,1.00,0.05,46575.34,0.10,0.91,0.80,4.53,1.69,0.66,4.95,46475.16,4.28,0.41,0.84,0.83,2.37,4.81,0.00,1.00,4.73,0.55,3.06,0.04,0.02,38.26,0.01,0.04,0.07,41.90,1.00,0.41,5.10,9.29,36.35,13.73,1.79,0.14,10.44,1.38,66.58
2021-02-10,46193.88,1777.92,1.00,0.81,23.32,0.49,126.76,181.59,511.38,27.42,0.41,0.07,1.00,20.59,46144.08,517.26,14.90,222.47,4.20,172.69,0.05,25.28,0.76,3.75,0.04,0.35,2.89,32.34,43.93,1.08,182.39,136.60,6.49,8.21,35.58,41.34,14.68,2583.57,8.99,12.47,492.16,1.00,5.94,0.07,0.02,20.19,113.16,10.29,132.20,1.00,0.10,0.02,29.01,98.44,1.45,0.01,35244.79,1.52,3.34,9.60,1.01,0.05,45992.91,0.11,0.94,0.87,4.63,1.70,0.69,5.31,46044.25,4.51,0.43,0.86,0.89,2.45,6.38,0.00,1.00,6.48,0.54,3.22,0.05,0.02,43.25,0.01,0.05,0.12,42.38,1.00,0.42,5.18,11.75,38.51,14.02,1.98,0.15,11.51,1.36,66.22
2021-02-11,45732.73,1762.06,1.00,0.91,24.85,0.52,124.81,185.05,515.41,27.52,0.43,0.07,1.00,20.61,45732.76,524.50,16.22,215.24,4.24,179.67,0.05,25.73,1.14,4.07,0.04,0.39,2.91,36.87,49.90,1.56,178.19,147.21,6.03,9.13,35.29,40.00,14.81,2513.62,8.86,12.78,480.37,1.00,5.76,0.08,0.02,20.54,126.33,11.08,140.77,1.00,0.11,0.02,28.87,106.24,1.46,0.02,38610.78,1.54,3.39,10.24,1.18,0.05,45812.76,0.12,1.32,1.03,4.53,1.61,0.73,5.88,45639.76,4.88,0.51,0.88,0.91,2.42,6.50,0.00,1.00,7.71,0.60,3.19,0.05,0.02,44.67,0.01,0.06,0.13,43.97,1.00,0.56,5.19,11.41,47.20,15.05,2.38,0.15,11.69,1.38,65.44
2021-02-12,47499.67,1776.34,1.00,0.91,25.81,0.57,126.36,185.05,536.21,27.74,0.46,0.07,1.00,22.44,47471.82,517.89,20.52,224.36,4.51,201.19,0.05,26.25,1.18,4.40,0.05,0.40,2.98,36.72,48.24,2.46,164.39,163.28,5.76,9.45,35.63,41.45,16.47,2615.21,9.01,12.81,523.10,1.00,5.77,0.09,0.02,20.79,141.71,11.65,148.89,1.00,0.11,0.02,29.24,105.41,1.46,0.03,48086.45,1.82,4.00,10.45,1.37,0.06,47507.49,0.13,1.32,1.10,4.33,1.59,0.75,6.02,47463.79,6.61,0.63,0.90,1.00,3.27,6.33,0.00,1.00,7.34,0.73,3.45,0.05,0.03,47.08,0.01,0.06,0.12,44.17,1.00,0.59,5.46,12.41,48.19,15.37,2.39,0.19,13.99,1.33,66.60
2021-02-13,47114.39,1809.55,1.00,0.90,28.68,0.61,131.94,204.07,576.48,30.86,0.56,0.07,1.00,22.13,47061.51,507.90,20.52,234.85,4.86,210.97,0.06,26.60,1.29,5.03,0.05,0.39,3.23,38.09,47.61,2.34,168.51,204.95,5.71,9.13,36.31,42.52,16.41,2657.47,9.02,12.70,526.91,1.00,5.85,0.09,0.02,20.41,155.17,12.37,160.09,1.00,0.13,0.02,29.59,113.69,1.47,0.04,46220.57,1.80,4.91,10.99,1.63,0.06,47021.72,0.14,1.44,1.20,4.19,1.67,0.80,6.56,47099.39,6.48,0.62,0.90,0.99,3.89,7.13,0.00,1.00,7.32,0.72,3.35,0.06,0.03,50.61,0.01,0.07,0.12,42.30,1.00,0.59,5.40,11.85,49.05,16.08,2.58,0.19,14.41,1.20,68.27
2021-02-14,46998.96,1811.22,1.00,0.90,27.82,0.62,132.98,223.70,642.66,33.63,0.55,0.07,1.00,22.13,46956.34,493.82,19.93,259.18,5.33,240.68,0.06,26.54,1.32,5.24,0.05,0.39,3.37,42.45,44.35,2.36,160.28,261.10,5.62,8.73,36.37,41.82,15.88,2615.65,8.94,12.55,512.66,1.00,5.78,0.09,0.02,20.74,176.53,16.41,157.44,1.00,0.15,0.02,29.40,113.48,1.48,0.04,46685.90,1.85,4.95,11.29,1.68,0.06,46990.44,0.14,1.60,1.30,4.22,1.67,0.83,7.85,47292.01,6.51,0.62,0.89,1.01,3.97,7.10,0.00,0.99,7.48,0.70,3.32,0.06,0.03,56.53,0.01,0.07,0.11,42.93,1.00,0.59,5.74,12.24,48.64,17.40,3.39,0.18,14.50,1.15,67.64
