date,BTC,ETH,XRP,BCH,BSV,LTC,EOS,BNB,ADA,ETC,XMR,TRX,XLM,XTZ,DASH
20200201,0.582549143179625,0.69206058657042,0.583000551922191,0.633557457314037,0.208940232630825,0.54091732992077,0.551036622007367,0.554043189263401,0.610548561555363,0.243415513939684,0.245198065430507,0.60229242557099,0.33793752024405,0.294375089241142,0.243813365768608
20200202,0.610638355345576,0.595949858558108,0.52344465717507,0.678421123935897,0.2070713335901,0.555125904600201,0.554105832466591,0.615340485381045,0.544739828172432,0.263854470931517,0.269263668427168,0.599801083507799,0.351074074077353,0.260406498385664,0.289565838871776
20200203,0.622080330653411,0.620582017457524,0.480276276070947,0.680787013575631,0.241017913028293,0.547827129963114,0.535454416805986,0.595660487965493,0.495095536902183,0.237478357845646,0.334090155349597,0.665727467572082,0.331720768731655,0.110719097642671,0.255008502330324
20200204,0.510819553523093,0.620848842671923,0.491839643349645,0.650096795141138,0.27939505012561,0.545269477875117,0.521938799510258,0.540113883654205,0.591086508429151,0.379904045818079,0.27004506593082,0.630540652001248,0.299150045671619,0.154316953721766,0.253920755900751
20200205,0.594151119197048,0.626307668448595,0.519149733480501,0.738563463354718,0.274610920789023,0.530273557493654,0.630345292054739,0.603540566242874,0.639639123616528,0.381583917274131,0.379120480991296,0.674370526767274,0.290306192412434,0.252480792229029,0.156539968272359
20200206,0.655096265486844,0.675931884124453,0.483863199562778,0.729308959189934,0.296514832197651,0.523331481521862,0.639580497614716,0.576314355781627,0.621048011880506,0.419010819585107,0.431236855183515,0.68083131653547,0.341859805277818,0.237992691146318,0.304696270206262
20200207,0.65881524724706,0.603922384258097,0.580729877023855,0.73868395378142,0.387631634191386,0.558940176982572,0.536581235149346,0.601929233961224,0.605326281106864,0.183038923599634,0.433196434567212,0.60889794669701,0.37347240848415,0.225971572121577,0.384490057594331
20200208,0.66090752418271,0.633497991522891,0.577757763401541,0.729187111410988,0.226604241636823,0.653326342381544,0.629139685792919,0.574449381933489,0.627818982228615,0.21727761230584,0.457428403960956,0.562673887814913,0.28802639316275,0.209931640046875,0.383442537301207
20200209,0.661778375591992,0.64220324676597,0.584102066429142,0.74976552615129,0.219828862754034,0.608128410097902,0.709836395338524,0.576830184304064,0.637965244255548,0.15397329146577,0.599041963478831,0.53372672638804,0.278418878933739,0.193808413980489,0.304328728946079
20200210,0.701809067021097,0.614767730665975,0.591059048210615,0.701144352543563,0.251439916274079,0.617936912666313,0.693095774128708,0.554657614050074,0.581300962254666,0.181632177687922,0.498832089955053,0.530573997514606,0.28068797394541,0.197314344227722,0.257141361008542
20200211,0.633066781622464,0.632893359346115,0.605307789014981,0.664816098903609,0.198486223424507,0.645107691265356,0.649408267905162,0.584254888843355,0.567767807764935,0.252377383597493,0.568046511615063,0.557754460196843,0.396908102526854,0.213465169863992,0.289221594648726
20200212,0.706153557749878,0.684240349787976,0.549484988965039,0.537659508497242,0.52532358474369,0.616178813702944,0.619792742927093,0.502244906382049,0.587420418027742,0.20774411388755,0.450278001676842,0.578832000919598,0.296496045420567,0.217563425418366,0.270098926741805
20200213,0.610485586891667,0.670037389996553,0.582447780414334,0.536010139228279,0.541943494706802,0.585592308120786,0.64282623326665,0.513954148343772,0.595315958189621,0.286852623628996,0.51297307219514,0.541828646204773,0.282703909024795,0.183365461634481,0.300078320175644
20200214,0.751816611238414,0.738407354230541,0.547534398861931,0.587865245111586,0.286778569700723,0.561740146696775,0.68954275102534,0.546097320442588,0.610190101237834,0.258408840651966,0.443619637567793,0.582457830854205,0.286117813641437,0.179933864390364,0.331142399667844
20200215,0.705517785145145,0.767885099588855,0.577805897384971,0.588100004119913,0.350786431477694,0.622755265308978,0.74490495977556,0.59092441533989,0.680504123353281,0.348763290753315,0.589859467649549,0.625891771985647,0.289828522931408,0.17150221173255,0.284302519772605
20200216,0.694727805113153,0.726750177803132,0.630727659215448,0.62061384008242,0.321744857297648,0.59603967740203,0.771599050117439,0.568278890525872,0.603243999258793,0.358202863573209,0.531701125618777,0.622109284360052,0.356060298504389,0.201888008439961,0.335502401595302
20200217,0.711576855616481,0.676420585918566,0.636251724163596,0.621823731895647,0.347889786615464,0.55926155869192,0.680566224761509,0.664428980178819,0.618815484389546,0.317004620443217,0.422636186393674,0.696777274701035,0.392957557833858,0.224277662020929,0.282581036996263
20200218,0.621486581266256,0.630738582292097,0.526232682514029,0.675695303956254,0.291205623938369,0.529297947521715,0.599275806326577,0.658354131126884,0.628306423745479,0.386944663312333,0.386894901043891,0.616351485061502,0.301424437203143,0.239218382741495,0.250684253167423
20200219,0.636762293658247,0.564169892826643,0.516696306484227,0.681297180945471,0.259822585837432,0.575594811688594,0.635820218219666,0.650132787269068,0.647670073688859,0.369018330672104,0.428529796579042,0.598290577555413,0.382425951289796,0.256486657203878,0.266329207303691
20200220,0.684626481304395,0.592676283092079,0.542700504279879,0.671012826440513,0.276297468401862,0.510141081504922,0.664978903540897,0.610361648608455,0.614582183506186,0.340265468687658,0.436996134954092,0.592175708548208,0.423793968074055,0.111882720572238,0.237702035163759
20200221,0.634695927014664,0.596077192118681,0.59135693925961,0.704067496394635,0.267291779557343,0.475226565982645,0.616186027258029,0.526771624445648,0.608724724087767,0.364350976603575,0.43546615439294,0.610016171493532,0.388646932817194,0.231370591081339,0.203358271370828
20200222,0.648679528384135,0.566110933747142,0.591713092439471,0.670577159219145,0.311637108120439,0.358379388012173,0.69452109740537,0.482495793407283,0.506821338725091,0.328058997107781,0.387176719346767,0.697805293200687,0.352489268661308,0.224911086651924,0.218272636028611
20200223,0.63241336615957,0.582499940487426,0.544625356874231,0.637321916958456,0.316712075171439,0.394189710320875,0.574186040425589,0.584230327550853,0.594754835198125,0.337139142801549,0.414198385357833,0.715975916101002,0.397115877719093,0.264915451253381,0.190989141818909
20200224,0.728769347912786,0.659779767366949,0.582168320637108,0.63871211732865,0.307391790884632,0.52918052640053,0.679639667351009,0.54135484767173,0.532312213548669,0.384748248480161,0.490745224433577,0.628421271688524,0.384835122496304,0.252918871285722,0.131740135048365
20200225,0.718550300816814,0.691483995573864,0.572381659700078,0.669725285609333,0.293662563111898,0.540400110290437,0.682288234011232,0.528378716998308,0.638059908785224,0.28250007568037,0.501130240115789,0.661089739366025,0.429679387718367,0.282875793358615,0.191137245278008
20200226,0.756427791818072,0.742430057523477,0.685872594454344,0.721906483795613,0.326325810381062,0.721567558370283,0.704294709220419,0.539715872877604,0.733598209189414,0.46470435351537,0.566600256441344,0.817210444114268,0.456833534527894,0.258714843477295,0.279199022206523
20200227,0.776110163001577,0.728722029351032,0.577880974905899,0.53607854216509,0.322832478998317,0.72317062513914,0.675516297671328,0.529162567569267,0.688847971465038,0.285245698052317,0.561232915383103,0.688758826135493,0.473552335551847,0.293787878338466,0.381061703136496
20200228,0.832960154430819,0.763668259117005,0.50018580476725,0.77951734731119,0.33819685036018,0.64906182971338,0.581150165390912,0.656254680969723,0.671378267927129,0.338216254149792,0.463805418689704,0.638860332686093,0.442193477129056,0.256497352805557,0.434441462259316
20200229,0.701074960186299,0.695836342050599,0.558830476078022,0.843685464406513,0.3454199107829,0.669210058457983,0.635407052871523,0.651036865498028,0.716153710551267,0.345646359987712,0.351819259121375,0.828023137978247,0.462677168216904,0.210468271812057,0.29077301417671
20200301,0.744728225391816,0.795573162152005,0.541917979576763,0.749161417384804,0.444438608901803,0.677308944809354,0.578615002871756,0.573359245444129,0.816919322426447,0.323183520939435,0.643599741068938,0.632013703551298,0.426864527772878,0.236900227435129,0.223611345823707
20200302,0.738079337072393,0.782202339960048,0.538795162077119,0.808216992397833,0.354118453493359,0.755827446577417,0.520062227454038,0.587261724418482,0.738557572967096,0.329156795144665,0.537627698975855,0.720290366289772,0.48016345200258,0.238056287802744,0.310532927241792
20200303,0.739019444601821,0.708051122008272,0.603963466491135,0.816540388382685,0.369526964295064,0.710021415038949,0.569723262360437,0.619570712603727,0.831560411347445,0.312836242341583,0.352271398808003,0.7162497605483,0.495313030517993,0.205510567296826,0.508359430875623
20200304,0.709558091380526,0.787640895716794,0.544841863846231,0.769993630740342,0.220694298529968,0.656900571755295,0.566817897444901,0.5488764257594,0.8257997840906,0.310402519773296,0.681107505452653,0.679639090860451,0.51171136192554,0.272656017332489,0.254228832295853
20200305,0.753251278733918,0.733157566225278,0.636995453818574,0.748481014794865,0.351719314248733,0.668558263134724,0.601368391118466,0.688872189366212,0.770116886346372,0.354316295229714,0.637943513743297,0.65631035417634,0.489158030487833,0.276869041634773,0.461470641338657
20200306,0.717463687754316,0.732220154757306,0.598441701397388,0.665961798087241,0.449750146721354,0.632977399251819,0.568397323248643,0.646763518852137,0.755660365575712,0.271026240595675,0.735765927524321,0.667978705181646,0.582691661742166,0.288236901204682,0.375877488076212
20200307,0.610704452153068,0.653404969582194,0.597446124718429,0.724780950229985,0.406399308586616,0.720626293743846,0.514319558826102,0.678025710385344,0.822201070247944,0.269752153607529,0.804987486150198,0.692431623143205,0.546991817660962,0.292179613585099,0.227771904718734
20200308,0.684103882286903,0.733275290515789,0.547542972741185,0.781480443432925,0.252127607895821,0.784939952869654,0.597573536827071,0.735949056414107,0.863871296399485,0.271025072043589,0.719273658991002,0.750260874598496,0.667934845352151,0.33262826831798,0.288462664969554
20200309,0.690115854228362,0.697652192938748,0.549917114432551,0.742710891236727,0.24545804079956,0.711448757358551,0.573914167575462,0.713152120812022,0.855060410347308,0.36937710806488,0.743350403442625,0.742727841209552,0.62465558354206,0.311143868082287,0.29549102186614
20200310,0.696518805840409,0.717189913707,0.698597255049889,0.921504176631658,0.211985803330021,0.808921600132273,0.65039495897612,0.679012233194458,0.855271594255885,0.270520087943362,0.728579250182443,0.72617043414642,0.693245522800864,0.280290222377032,0.299906300438131
20200311,0.690753154038843,0.665339607769863,0.646389368237511,0.875476951778926,0.193857372178791,0.795748054028253,0.590023323415241,0.769756926346757,0.895550646051957,0.380938698223655,0.608664701881138,0.705942641410608,0.65004380867793,0.279050200367955,0.296599001680432
20200312,0.938925576838705,0.946268281185471,0.920330680338377,1.15210716729901,0.464838708002305,1.04406858775429,0.845473616417512,1.07815116651117,1.11265044623531,0.732388115434697,0.830566938458059,0.993613978049644,0.887800708760364,0.51656806206841,0.596816343843141
20200313,1.01135623697378,1.02942365347792,0.893861428465099,1.12325576301427,0.390916852023937,1.10823518033507,0.856109784666181,0.851217732795315,1.14475576231815,0.683173524599958,1.0763661150785,1.06774299430621,0.939329119974574,0.572880420680265,0.727488091791976
20200314,1.09187175276103,0.983195031434329,0.875062146506687,1.17600042806384,0.651047892866729,1.02561696007452,0.92616044120499,0.977157545673915,1.16903822689223,0.614042721647334,0.90290987485394,1.09805569223212,0.949925684593463,0.588337491629955,0.764211728666481
20200315,0.898831607100403,1.06708489400385,0.796971430512888,1.11262325204895,0.611510951191141,1.06348426627544,0.92142526882219,0.953516727057502,1.14826977670987,0.58260737509645,0.995744940511397,1.03771271137251,0.94590938714509,0.534730768754916,0.868857167374841
20200316,1.0437686142802,1.15716848655189,0.970743224986154,1.095918740496,0.814046285786937,0.926248116943829,0.937526990427235,1.03619834940858,1.26486090366351,0.686655988694546,0.956335755985496,1.14995291613441,1.00925814150279,0.552089074063186,0.762194627116623
20200317,1.12613843575638,1.01282428367295,0.976555806227004,1.03952174843315,0.473371454955823,0.89085757686901,0.886025560253992,0.85588803261828,1.17659618435733,0.569858494361978,0.986537296271983,1.07107739442024,1.00444284485355,0.640072260268055,0.775709780150613
20200318,1.12266001262589,0.987173414863269,1.0698141497085,1.02690526752314,0.875580093886812,0.896955760184787,0.933645664783346,0.833351295534931,1.17312452481084,0.669345206293993,0.786542346376727,0.981586754834477,0.739208134922874,0.546088006258636,0.748927350807025
20200319,1.06881230030066,0.908693469376147,1.10481455045906,1.16618462930707,0.521625150857771,0.897930773776726,0.941087615348016,0.909405979290945,1.23588173171479,0.744546735700327,0.966762273558886,1.05817158481651,0.951108159693505,0.720121643671346,0.84812558614136
20200320,1.04952069634996,1.02224179129349,1.16166129632501,1.04705531415028,0.76776671901721,1.08918895162526,0.978010893849552,1.16083367744742,1.19328898580309,0.809828973611278,1.13037973878244,1.10238763930963,1.01508422041495,0.72361139931117,0.786075674410796
20200321,0.981377609533603,1.25765034415026,0.948733927000258,1.07037377345575,0.785119336954662,1.08436773966542,0.9309259197871,1.16143340821488,1.23603443519815,0.753285483446616,1.0984803536109,1.08781805183866,0.949645034332093,0.558733333607285,0.904435361745733
20200322,1.01559672455484,1.18776525552912,0.933617014125542,1.13603603935871,0.81560047620203,0.926255447043246,1.04242016743526,1.04560854460382,1.31213869261644,0.662175543946942,1.12626033553436,1.10037511543686,0.824806437042636,0.627688605170942,0.891694434217377
20200323,1.08246483161673,0.940447268574312,1.15128125454094,0.926786427924493,1.10373804086696,1.02764087655909,0.93367181589653,1.21417732593718,1.22308424406246,0.809734749452294,0.915586699802217,1.01662044865949,0.810427587194707,0.833316044790606,0.987643333112271
20200324,1.17232942158802,1.20017803427356,0.867502228901501,1.17010144302845,0.853349177364618,0.979166972404638,1.00897626120715,1.12384631930251,1.2864538976798,0.72603590351546,1.09880509538358,1.10785202640285,0.955504887205587,0.893939992703339,1.08250117701194
20200325,1.24180455094268,1.19357266730611,0.842745838862746,1.12255825521824,0.98452044534347,0.906227094132157,1.03222066914535,1.20183586036097,1.3335513442419,0.857145994801431,1.00628636711916,1.14271147534235,0.964123765115259,0.877890101999087,0.948727362309417
20200326,1.13685443089563,1.10127617647721,1.00991377835199,0.892638300850257,0.831081625498555,0.925900479425292,0.999119747054742,1.1039718821912,1.28718950612265,0.634317293153283,0.992779892179802,0.983227884072662,1.00127743129971,0.891961681183684,0.977280161207701
20200327,1.1965994790823,1.13439609968856,1.01729832463916,1.12299011314145,0.997648804146578,0.996553878806709,1.11088637266905,1.08689304424366,1.25409217624813,0.732893479108022,0.9654970398273,0.944842416094867,1.00735274822158,0.884511872335736,0.941764620609632
20200328,1.15147763858121,1.10429754396108,1.11783454776392,1.14342319202137,1.05563045126923,1.14998070335206,1.15199698894506,1.32217006486838,1.30558011495122,0.691482205841915,0.823746731996491,0.987043958405814,1.0060687686621,0.947271260252792,0.996292883393667
20200329,1.22193940192607,1.20113853520534,1.07010687571417,1.09289774613878,0.902303539819555,0.957079834241276,1.06248358747477,1.06171045659432,1.25948876393227,0.630799655109504,1.08972588869181,1.20548490353457,1.03383862765403,0.858400751480925,0.989752243429128
20200330,1.2533490167403,1.23317856470189,1.22813274162259,0.980266493815916,1.04601138935827,1.02627045365498,1.10755170171741,1.17440179526737,1.23880133159622,0.787656547693079,1.14425077463046,1.14278301967993,1.02699547995133,0.956768324316935,1.02066404535472
20200331,1.12130460837154,1.14917814730498,1.10233119930082,1.23225366499351,0.853171389638888,1.01198162595995,1.07564468481516,1.02411545373257,1.23282718606138,0.946236956396431,1.09749169460898,1.23055224420999,1.01915567525478,0.874725171930169,0.873578215009532
20200401,1.1574536153682,1.0798463119669,1.11025892268329,1.21327713168394,0.919460692442617,1.05690645743901,1.04573544381292,1.05171523112508,1.17326818923022,0.897549153850622,1.11235160564345,1.14811013781933,0.894332544985347,0.917113402839858,0.843353304042591
20200402,1.10572014109897,1.06636009003239,1.13090321466039,1.22518788176916,0.864478895563856,1.12049330944561,0.991375954710137,1.06840274281258,1.1595642190681,0.780992600561261,0.897207161949495,1.00296348136313,0.989146646153543,0.914705093105145,0.861551095131522
20200403,1.20165320301501,1.08897599892752,1.14559884597821,1.04682097882119,0.779085949765504,0.860615939073881,1.02868205229495,1.12774290168736,1.14685519103853,0.565670099349703,0.902170179047554,1.2153936353453,0.958881380794113,0.59852819948118,0.804812082340144
20200404,1.1370177818547,1.05157829685377,1.11997634467569,1.08337430096743,0.803403045933511,0.943955139523867,1.03248435027385,1.09134574271949,1.12177995794801,0.575182386586286,1.00070193500965,1.03738817219191,1.08570399727547,0.872741077042108,0.84282784246907
20200405,1.17708447520806,1.03200204410008,1.07326155237066,1.0917030065231,0.814911655362714,1.09897283614609,1.04643785709226,1.10808788381073,1.12615812493036,0.687447076578706,1.09320344874479,1.14104414031401,0.912313852144322,0.753962019437871,0.796316841397988
20200406,1.15736603910188,1.08897167425795,1.11140348204375,0.975973839007808,0.902719142390173,1.1815549255738,1.0324149747306,1.09300066882786,1.22192043665984,0.756306851375022,1.13355727782164,1.06470272500254,0.927887966547387,0.704636425931635,0.889322977025444
20200407,1.03548282308435,0.996759707275124,1.14037537680933,1.03822646690979,0.822127894916553,1.30230374623437,1.10906269073641,1.12530342247686,1.25828397835309,0.827186824035927,0.974352334969415,1.14750536713064,0.951044591463916,0.779880166928932,0.834226896069679
20200408,1.20477689166436,1.12231607752438,1.22329730361679,1.01343633241518,0.800614244366043,1.27997394274723,1.15062109361296,1.0937584588345,1.2516986467817,0.861739021853458,0.996597036043227,1.22191951057216,1.21812335469465,0.772573136015055,0.85133205240681
20200409,1.19461982900009,1.02206186073075,1.13539643643568,1.1650207472215,0.812632353190968,1.28069380335196,1.13602633349597,1.09736230244919,1.22821758966095,0.877551689742477,0.89159443308281,1.09437391080857,1.17721660250146,0.805700056264881,0.908305730761061
20200410,1.19549865438125,1.25342004731918,1.13519514261434,1.05950987043594,0.980941299805443,1.31093809536109,1.18708727842323,1.17845114375909,1.29775141679521,0.897903058531208,1.05545696006941,1.15608452411888,1.23147356958831,0.876307118017634,0.930567690024131
20200411,1.18881832319379,1.13152847212208,1.29196558664246,1.17223110469066,1.03146999830861,1.31591433516531,1.29242667326841,1.13454467879785,1.25832734164472,1.00127803673689,1.10811959914918,1.16984036101507,1.08007480245003,0.875950764375646,1.00668715888947
20200412,1.28640653298795,1.04547483472214,1.34070401050881,1.17916947328429,0.919708778861309,1.31917216661722,1.30137293160316,1.1996054234219,1.33449566202037,0.882027069612463,0.9299312796842,1.22423536797252,1.14767033954882,0.91454547296177,1.00410518406764
20200413,1.23580778135489,1.05937161403732,1.2974633883365,1.22689584522371,0.926853837128233,1.29459321751004,1.31061877913398,1.18604199607288,1.28335654235981,0.898690422076302,1.03054226123403,1.27305483083946,1.04676155082219,0.726330591201148,1.00392737882092
20200414,1.21505083287062,0.968960310071258,1.24769410340443,1.24780167536968,0.983910319756434,1.24926276425034,1.29725461330538,1.16211827523924,1.24636744494979,0.946723649895363,1.0875996069711,1.25656898326435,1.20292701856286,0.837541191651562,0.936263335542046
20200415,1.21450662301299,1.17318435692639,1.2685439311192,1.22069037076779,0.912732075327248,1.17167154898735,1.36192449704045,1.13985901599568,1.32791475271762,0.989558242085663,1.03636568783878,1.16508920439899,1.07503317038156,0.897812281200172,1.02421232278625
20200416,1.21589052619124,1.18046830927234,1.29521532255101,1.24207905240802,0.89493078558315,1.23628062215251,1.27854272757177,1.20525293071907,1.31370977149561,0.980166074637039,1.01948478781686,1.21752980505109,1.17030559653354,0.80200536124043,0.998731400376047
20200417,1.14210537549813,1.06012795534166,1.32682533790649,1.1787986957007,0.838504456241015,1.37132605025293,1.24987829188613,1.27266647131697,1.29149407938868,1.00065586801562,0.951914009228992,1.15616193819547,1.05863736649016,1.04818048565851,1.04093246581969
20200418,1.31106602223294,1.10400974612467,1.25605871937808,1.23712553169379,1.03954547230142,1.33891284103786,1.25965029092636,1.24625842448733,1.27360122975612,0.659095805145631,1.07260453318646,1.12498351957071,1.13606509295889,1.01614561904142,0.953796619614119
20200419,1.25565511519132,1.06736785001044,1.23822665311667,1.0883204038502,1.05507537771993,1.30692275659931,1.1781944235753,1.23027498240837,1.18187170232192,0.989777601526244,1.10142553646674,1.18674946259807,1.13375773891744,1.03646688797795,1.03241188500867
20200420,1.31756690965923,1.20270973176183,1.28222234600013,1.27560426935281,1.03179078121738,1.33924882673557,1.2599928175146,1.2594810184948,1.23531486804844,0.817477616642972,1.21508937567768,1.14882525946618,1.12242090922194,0.962519230171816,1.08322833944017
20200421,1.30335838670232,1.09769523450443,1.29581389449585,1.24265298530775,0.944867276140543,1.29287783855343,1.32346438399388,1.28284906364343,1.23165367700519,0.99284339755116,1.0149518169282,1.15005873055078,1.11075537596456,1.01048103980064,1.10352701150442
20200422,1.28845339904987,1.18206216723911,1.2135753195591,1.24302140431661,0.972889674954287,1.31785282737405,1.20642946446609,1.26480409493933,1.21296553514315,0.810197975325776,0.968369360283703,1.26602414058037,1.08056473938139,1.05238316008168,0.992728988499216
20200423,1.36046968540522,1.16515217348016,1.20598702480624,1.24536964856362,1.14048257365084,1.21253590486851,1.16155535463735,1.13415513468404,1.25557181053133,0.820557638929351,0.933551096876958,1.20178186262617,0.719188575983461,1.22002923625149,0.892259092038317
20200424,1.30082655471361,1.07853073121056,1.20368174108453,1.13109502593866,1.18528044015747,1.19774706310068,1.1983894405941,1.20593897935404,1.18988057309306,0.911173811550369,0.960145990593428,1.2645267515165,0.956849882934243,1.11253560294886,0.924301212539129
20200425,1.32348606018317,1.12849433359593,1.23978961092093,1.1074017763587,1.15802300031247,1.19389402152658,1.13449985816591,1.09349322712064,1.1869717988722,0.917053849911652,0.751141056103366,1.17127820351531,1.01999984689418,1.12513931777458,0.905322938290079
20200426,1.16686411152637,1.10978741203256,1.19757019478611,0.991699389627942,0.978159555143387,1.38548190352683,1.101904988155,1.06449277508968,1.18076944948969,0.874040147134283,1.02474542906743,1.14004801439484,1.01408652352013,0.980972246255924,0.692539208081069
20200427,1.18080988235752,1.13024691188005,1.23219573043242,1.01146006571598,1.22578972637713,1.29643192621467,1.25084210211015,1.16992624266018,1.21218235622282,0.829247858770122,0.814849150330988,1.10505949386457,1.00034622777926,1.03981311837258,0.719535543636818
20200428,1.14025936115825,1.12766632598644,1.17901962987776,1.11379743630481,1.21027210060716,1.29180274769852,1.17431938796818,1.13314030091681,1.21757693644673,0.884902887587523,1.03367505559521,1.15573850724157,1.03137047427539,1.02198762695252,0.892194443286055
20200429,1.18085594971148,1.12087116856096,1.15924047614899,1.02695406568325,1.21619816202472,1.19378645314927,1.20810558272714,1.08584654664377,1.10820432517648,0.82512605088362,0.927915722858908,1.11008523651766,0.896934104686464,0.942106675301893,0.814710705807887
20200430,1.17349268064625,1.11003498424119,1.16890489429051,1.02696382844418,0.968550866163584,1.23625060888447,1.22095536675513,1.09300331346457,1.02474173932954,0.877513364505642,1.04486141544553,1.12726918593664,0.955838350164988,0.965211552624396,0.841212475778773
20200501,1.21794169161033,0.998734763733539,1.2374374567455,0.93635145058679,0.934677347725752,1.13896767443757,1.20396480535986,1.09406625818187,0.901117241055735,0.955980810346229,0.959596482960438,1.13304047824781,1.00974272740982,0.876424768992395,0.706754917125172
20200502,1.13300330385328,1.17615492933837,1.1449605679942,0.936488994467619,0.955821067414173,1.17905459123533,1.14399410097067,1.01848177383841,0.953013244580284,1.10424519489967,1.03571830951607,1.18798991054704,0.990750518496303,0.830085065275257,0.822296454432774
20200503,1.28838856052774,1.0890316671688,1.16758242593522,1.04188303739862,1.04820973223846,1.26455767422645,1.19051499241518,1.06144289386448,0.971085965009821,1.00864082422334,0.969558865065285,1.06868357401981,0.970569529080884,0.85778750475057,0.820480587917925
20200504,1.21447290897584,0.9938944150554,1.21410363346464,1.07027409782981,1.13986936686178,1.27740116742444,1.25669892359633,1.10197561755736,0.960237402362365,1.03557756016164,0.885387284708727,1.03684794406147,0.97522681932386,0.945457952941687,0.850256624124824
20200505,1.21621811164725,1.00150534034676,1.19545950969385,0.963576555506864,1.10345328215735,1.21105382482855,1.18769645252374,1.08606611565602,1.07073586910906,0.875961567055931,0.969515322494639,1.05062878968596,0.913963008239041,0.761672678257002,0.900166218207168
20200506,1.32128689530252,1.11997412000654,1.19193131175704,0.944290867694772,0.99592620611931,1.18823740190464,1.14032523978019,1.10115225716748,0.848649484935985,0.935986784137026,1.00805025478256,1.05351153725582,0.755808916302939,1.09779153552915,0.913252618432009
20200507,1.32668719501785,1.10689836720227,1.15489424445486,0.876107202873366,0.900824099444084,1.18812610971283,1.19386046072348,1.07870823104061,0.966206700245206,0.851560110923331,0.98880435422697,1.05885689111479,0.988651054675633,1.1207654434739,0.637974869191968
20200508,1.13120304958665,1.0898865592205,1.22582356716586,0.959181898222548,0.877761998078484,1.18417135272731,1.16591802100262,1.12589741925672,0.825922577347883,0.966645718775611,1.00087757464687,1.05427195035374,0.762634644349227,1.00071958551468,0.763567390284575
20200509,1.14014370864397,1.10564308274219,1.20455634300826,0.883760450329183,0.87785790744802,1.05340959593631,1.13932545101082,1.03556517410676,0.809681148149528,1.06960529276696,1.00776072989888,1.06229839841221,0.786583441804917,0.775372697593438,0.67333476089781
20200510,1.12581215630215,1.01097188954168,1.17513163569853,0.826189871648809,0.847318349996774,1.09255406496063,1.08848967058481,1.03305627781081,0.869869893603095,0.979109501575256,0.851386155611621,1.01429962208756,0.960694323738137,0.90092778491782,0.676952382733386
20200511,1.11195112213367,1.04234259543669,1.20953065953859,0.859079870802049,0.851007621018812,1.14454909191221,1.05367020534643,0.901430464565435,0.897993955633966,0.927324639311171,0.880654453859951,1.03165419174584,0.891086391251507,0.843791677942022,0.687996175504689
20200512,1.11106100765212,1.11285856897995,1.19467643856047,0.707407312049139,0.934132412763356,1.19111815428287,1.07305673647439,0.980647823553907,0.961543406588488,0.901799730616309,0.82085559189523,1.04988962322828,0.928314275682663,0.795682103732618,0.71572297785572
20200513,1.11233900880596,1.10848309201308,1.18026177650205,0.793771635803799,0.779337528009404,1.22471263025083,1.10707209080429,0.955567475390436,1.09245804488447,0.967030260388583,0.918064095823077,0.974836455596163,0.91037637886399,0.936687099886031,0.725818102915185
20200514,0.853034250518997,0.874098343862316,0.885707694241175,0.605230424764751,0.661628449784854,0.878064645554144,0.894420689418483,0.819045561956064,0.696499981702832,0.800484058720942,0.595323749820133,0.832802367648252,0.490551307052478,0.688479730626003,0.474033720595709
20200515,0.797344660791112,0.80462981788667,0.854200898909516,0.470575892065167,0.70658244081959,0.847222394087972,0.837473851168476,0.740807488034442,0.796883537969705,0.755643147544311,0.680827928546201,0.692226440847971,0.61313912266548,0.424835765295589,0.417071391874918
20200516,0.748412131180554,0.812022339883304,0.823962402209378,0.322926146463302,0.630241651507452,0.819505146998526,0.763360562231808,0.727626369996882,0.765851430202918,0.698522668387306,0.38215765547205,0.730922618514777,0.605154650723872,0.541677438272897,0.377655161001621
20200517,0.765902889781598,0.73944405709967,0.762775943620416,0.421158876072912,0.620383246299506,0.816054181292358,0.70608419689331,0.756623321746348,0.766865647531544,0.619915084266545,0.36194394644289,0.69480249454708,0.595210099988899,0.458962625872868,0.335266354524977
20200518,0.739203369104465,0.787931851223398,0.806045091674442,0.53212134687811,0.621700072555793,0.782136754930559,0.782719121168413,0.702730041315243,0.722633855117267,0.622673808627912,0.316393373790239,0.636500909099535,0.578441363174431,0.510514735477549,0.329761097935216
20200519,0.665929006021876,0.702863787115834,0.740061347175084,0.510032773281619,0.558260100692287,0.803721746696875,0.759635173508354,0.69415530529749,0.692373482349537,0.581042152631869,0.462397151127692,0.655365958551117,0.568999706059122,0.535262853106406,0.336210950520938
20200520,0.711380931867858,0.655304205313358,0.804988336139323,0.539755757659105,0.559997267948727,0.797209526219644,0.735683883744169,0.655177340297506,0.709034581258041,0.602453269752237,0.458110921392383,0.742273722722545,0.560992862278468,0.600819241105362,0.337524579912666
20200521,0.693862850037462,0.686458647144722,0.728373450259308,0.489385867308098,0.464435427383692,0.713048604544908,0.667302418415734,0.628047033731578,0.626993674417543,0.557788599058478,0.337598222185365,0.620102367252772,0.48181994667374,0.342299815904343,0.330544636736643
20200522,0.696124493736604,0.66105747442976,0.778007324675848,0.423567343421883,0.538645681846406,0.699928753857557,0.693285505659202,0.630509674706725,0.673846455959488,0.545604571811352,0.465937054854288,0.551419033423693,0.486327179092349,0.476389375057104,0.476158116323638
20200523,0.682763937278929,0.583881055129937,0.721114676234978,0.519836725238695,0.458898790967311,0.768732044506024,0.603524277041012,0.593702227881075,0.600145438410275,0.535113314932906,0.517110332828515,0.592244614505589,0.497356875795508,0.508645285554028,0.43135120079062
20200524,0.661422576827821,0.627987881787354,0.69848680319583,0.504628681714228,0.568829072334945,0.710024068785476,0.677504579806812,0.557779572024462,0.649289519574451,0.460007867726639,0.458124767582951,0.507129519876928,0.444122350370462,0.380278585469511,0.431357546130804
20200525,0.686020894276745,0.534913198508893,0.686689151177361,0.367581156483022,0.503634475766932,0.650353228957607,0.621270217394397,0.641018497845685,0.593422128587126,0.425968364908184,0.515891367307172,0.519405482039028,0.488924663086753,0.47606773727249,0.37463713264557
20200526,0.659693483030958,0.541891052638088,0.713859251253892,0.354080714356158,0.513464416106893,0.680355001639088,0.621079160225428,0.534076529587211,0.571312358060955,0.454065826701131,0.572483452075203,0.476102420927878,0.411174405134462,0.504003729328764,0.414170668087077
20200527,0.608050417420988,0.613421383001904,0.687446559478195,0.358443865547224,0.393024341840706,0.634411311944521,0.559912432362456,0.572461888035212,0.579821925765453,0.464467371433817,0.508471649122306,0.485539225922765,0.445946993171862,0.468946168308231,0.459857003080824
20200528,0.484107844594857,0.580306077960873,0.698851307679201,0.355614161583168,0.500302096642157,0.661319389018719,0.597209324791333,0.562886751236793,0.538430935204736,0.470203431498541,0.545710926656601,0.47014692018785,0.388613666585173,0.499106161624051,0.383799813423813
20200529,0.476341777954497,0.582364997532634,0.701087857063991,0.482667979504718,0.466850450013004,0.637022737041972,0.604408516387697,0.624672767929247,0.520101673432716,0.416467824187913,0.407872818544238,0.479019966817719,0.389263051022998,0.45905212035902,0.437267992175063
20200530,0.530775115572489,0.533635993340506,0.702174789520845,0.589931952142838,0.495148833473145,0.665458853845135,0.618873120336913,0.589865785073647,0.482467572470579,0.46440830755297,0.455830478310204,0.503637666541869,0.490014771434733,0.440981913475683,0.436550501562266
20200531,0.547017577826065,0.572409425581561,0.697901432764546,0.564059401600055,0.319901009168813,0.596788622574368,0.646383548219856,0.577724481152548,0.612929013553,0.506742029204684,0.423393669198062,0.444280591863201,0.500641147207999,0.268781447052032,0.449815426443946
20200601,0.444331574297436,0.538036063362217,0.65647948953499,0.540931737964899,0.491121656365882,0.603976665977241,0.554237246068821,0.581926070878155,0.587603527125523,0.479994827719837,0.448183495571948,0.44200015894811,0.365540470406164,0.310570670771701,0.451537089937479
20200602,0.412871858520012,0.654415809360491,0.69849147513532,0.539808980792358,0.514259754552782,0.605392335065585,0.63886386435227,0.464103924480546,0.611493467886763,0.42379672700525,0.440587344341607,0.541736671416232,0.447586042968834,0.422675119186266,0.35536982039808
20200603,0.534406118896186,0.647309272933805,0.72490138428627,0.590761179848955,0.342930595443227,0.557345269312653,0.630747165283034,0.575814966433424,0.589770845233176,0.608671432893924,0.617894082330067,0.533508318781626,0.382838691742504,0.343068448532794,0.440452562846301
20200604,0.52091468822376,0.727566044392591,0.658437063748586,0.59059084152874,0.514364045703755,0.561550860178544,0.663986793982391,0.643360611776823,0.455544196785087,0.632655803886984,0.550238161389257,0.522240419277262,0.435954327967566,0.401916548605829,0.443724678205386
20200605,0.531842872415798,0.71458508732173,0.599530305425048,0.593759796932554,0.510717844833938,0.598204793718559,0.670495841428751,0.625704923773959,0.38528980711666,0.615539296585959,0.542316001938376,0.476137729739345,0.365088243137128,0.418805893471557,0.475891840849013
20200606,0.515901125101961,0.696006694221758,0.60318351412361,0.552415687627776,0.574558494127215,0.580492731386764,0.670499980890917,0.628393168280794,0.56291201737074,0.587962239569707,0.575930300588675,0.468618098590236,0.370018012399082,0.441362111379522,0.461248042987156
20200607,0.531885062240584,0.606975194147296,0.632869414740968,0.584848524659238,0.5073210329639,0.628468124550918,0.646482777204453,0.636434507918235,0.369884104778823,0.599896020267275,0.556894155209572,0.454983559699388,0.35948596690997,0.423193635043174,0.552850334979484
20200608,0.48419188812348,0.595625570988617,0.622282695520238,0.555277447495542,0.481797308211794,0.56686247330817,0.576710524946539,0.49054608497244,0.374667660760309,0.454190006180991,0.502526424969922,0.421917702416225,0.290654360556972,0.340197297284542,0.440490599214469
20200609,0.48938882118185,0.549019404058426,0.61658840506316,0.531205079909935,0.444778975695521,0.589199486984294,0.552274179443728,0.439265475604835,0.553692648315504,0.442003609913336,0.526567898380813,0.526549498906681,0.286322383350146,0.456684359281649,0.459918720069428
20200610,0.552754608240519,0.565972965543049,0.581919825460808,0.599254901871408,0.430027300972605,0.588748622386117,0.5290014909049,0.412328957008462,0.391681053214453,0.421129589136045,0.465431294865281,0.5689783139039,0.313748534095418,0.371424106725945,0.446913652163467
20200611,0.586119222630696,0.525607063822115,0.674550517116623,0.60712551225947,0.576705541353351,0.631457544808579,0.579088169885708,0.438778970898585,0.41394883662805,0.481289126279811,0.462142124932875,0.582855409148745,0.306996818545447,0.352180503321189,0.521867653427464
20200612,0.442166829262408,0.545234003176134,0.635359803564479,0.577806082062903,0.486210454874359,0.597757505299285,0.612577464115817,0.438742884245197,0.405077116073676,0.449039243674438,0.557978091053223,0.633921270201321,0.241047054673016,0.449589351881051,0.356747738125148
20200613,0.398549126374076,0.579842781601599,0.614195010873421,0.638759847238899,0.559475812985701,0.601732362265414,0.584736455022714,0.431894469684292,0.393715620210149,0.43497536977922,0.514639455042295,0.592190038212634,0.263309212352264,0.435862870761093,0.34281836987879
20200614,0.531604973545782,0.590953637503666,0.605100959757143,0.557525671155797,0.471037845701991,0.629656953692255,0.585650752046163,0.466510696524586,0.340547913681712,0.497940777891495,0.527317570957551,0.561550121296992,0.305845491370443,0.37626162796219,0.504972488149127
20200615,0.414529981699711,0.56925113782777,0.588502542242426,0.561377699901055,0.518524994682143,0.599936346478936,0.577386781584381,0.419943600250953,0.355213416752306,0.425811018365358,0.492514367701353,0.587070679799403,0.258223789589032,0.240826910448124,0.41241165358311
20200616,0.521929846389648,0.566935522677409,0.603333758338573,0.586010086143968,0.546414827515792,0.597756348738232,0.563988575181733,0.525023831551653,0.591976849813156,0.486512710785232,0.572825816682713,0.610177946838096,0.332198996745456,0.411212245895741,0.315550280359722
20200617,0.480548967684971,0.54565824212934,0.623365832177501,0.543997779872609,0.539211130041812,0.609908134751052,0.570499774759948,0.471183745673223,0.510007644756323,0.495495635316107,0.503913158588042,0.514171340406726,0.334027099147113,0.366065612045884,0.340386463031677
20200618,0.434930208400114,0.5208946843404,0.543385355506422,0.523994124708108,0.46299644712086,0.591087496390352,0.532071188263513,0.480206330153666,0.498887832870278,0.456285135354134,0.43782911703479,0.622614934471717,0.269314867200125,0.365793731651717,0.346405024001055
20200619,0.395713436273741,0.513052238410003,0.539047856370443,0.518935726796172,0.457369932818763,0.639812258758175,0.546542712680702,0.534378409925101,0.311128111313696,0.398090704982826,0.417693171454817,0.567862285247923,0.207794803389163,0.344813805590714,0.360711025549257
20200620,0.369158912571918,0.501739794482895,0.520671857347229,0.528051107031926,0.427912220581736,0.586957493510981,0.527714941682716,0.505809495720441,0.343784680219708,0.398419158470556,0.481550306513201,0.577694678584336,0.236594462736165,0.422423827038044,0.341245465028914
20200621,0.391101065616495,0.493234078849189,0.486012383232143,0.5104592201608,0.400872209707544,0.568896248018295,0.538467188463662,0.44355571745898,0.384280016518286,0.414449968015646,0.466083287401002,0.59113789837355,0.2909975392162,0.373309868857585,0.360364526769544
20200622,0.371791261147476,0.472586164768587,0.521148608027369,0.491136045930573,0.35716625245385,0.560785097472991,0.511004214896605,0.454585595890618,0.4669988039522,0.413221425751868,0.343826705495251,0.539880673531812,0.360639692133825,0.377241159316665,0.389852188661223
20200623,0.392388203707975,0.532049836197292,0.522768532037821,0.447417814448653,0.381013126986225,0.616190365386525,0.52171451480843,0.497778959211063,0.32877689291962,0.387386168204854,0.422071320498511,0.494716519604707,0.351453257085668,0.39549336887612,0.399828307182814
20200624,0.379779858204503,0.524783735419826,0.433707467952663,0.488443631971481,0.395793880352422,0.614365485895442,0.528158913685273,0.506919348991443,0.383580910165336,0.403211721195307,0.359224977851518,0.540593152106216,0.377769487150232,0.379816962144331,0.381766259622837
20200625,0.422053398292886,0.523964476174238,0.506213876069249,0.48552394503588,0.385437387521272,0.628403039778725,0.53463096639605,0.501508069183956,0.264902341201106,0.404337098916686,0.4382007768959,0.530796571577377,0.405583705812747,0.378965804212371,0.350489793603188
20200626,0.399665985382259,0.540138610482453,0.468424693667039,0.447319867123037,0.327986613943916,0.578258129811438,0.52182752559389,0.493870710442157,0.247401529288648,0.421975869319951,0.447687538910953,0.512895900079104,0.396962886510932,0.366216894244368,0.350731095772534
20200627,0.462617271607391,0.536649660487962,0.532658151591455,0.500654771937526,0.367838546081889,0.592673024135699,0.539673405464952,0.52409900614715,0.236981292982536,0.330564103032571,0.462106135182186,0.498776854325347,0.431208823792796,0.417783283482222,0.387286648066796
20200628,0.420252625880795,0.548273468358008,0.50150124937298,0.480674008713987,0.361548422538527,0.576540399543735,0.50579169487945,0.518599205768333,0.309864668757012,0.463705195854795,0.466284472588188,0.529021203397663,0.378617787774026,0.370531862502548,0.414363947063774
20200629,0.458038339572161,0.515421110630249,0.564830929219612,0.494424915149698,0.355427560638916,0.551301004509774,0.532078116339119,0.524961719724814,0.271088014754452,0.471021019280808,0.382636069887593,0.506198040807243,0.451895959683291,0.377417543638334,0.534356019961464
20200630,0.448960629753,0.535186710362762,0.571648864752196,0.507781178950447,0.373673491520498,0.539553808919419,0.521754458003719,0.544040512023424,0.237274595677136,0.457272620989429,0.378004062801776,0.55997833548656,0.387842022285698,0.326862907616777,0.406926785686906
20200701,0.419569185799126,0.510604270075518,0.516830910138778,0.471100506102949,0.31764316026413,0.547659510590879,0.513800601667023,0.51594229012297,0.197165126789318,0.389945170751756,0.398288689183416,0.469454843023321,0.412793567019984,0.362694249650872,0.442674605435962
20200702,0.427935002599697,0.487061068317214,0.498031280306817,0.468132778038549,0.303537542134261,0.532515252270494,0.463173676911498,0.489360710712524,0.18303715196914,0.319228562476544,0.264018887498208,0.393714530918297,0.362661296376821,0.341124174794738,0.393141923180855
20200703,0.412664549698107,0.466875204259658,0.44317814885537,0.430384254632066,0.296974469583232,0.450191099421833,0.450013361593041,0.481748961273801,0.201036657982066,0.345623926997801,0.346544629345798,0.356515161493184,0.373377453641221,0.36916313728219,0.364853437496776
20200704,0.378560655910915,0.464187081219371,0.446804869341712,0.418880398336721,0.301427543513685,0.503728968162174,0.444652653802511,0.477278876041325,0.182598929253553,0.390733549461082,0.337013992565288,0.413747603038482,0.380676412727849,0.353618500631465,0.419293603237028
20200705,0.371309512844386,0.467457055420094,0.452018481861289,0.414887416863368,0.288445683436667,0.490374017644677,0.405807082725809,0.488708233139047,0.180636164992395,0.338297485839745,0.325788166016865,0.419535151984684,0.361670189023424,0.344760293019849,0.382108126818263
20200706,0.410221245107645,0.50963438740696,0.491250719033962,0.451673688073718,0.347336716994553,0.551651649369341,0.455900895969167,0.513607956255362,0.191100519654895,0.382940318102871,0.313563828510559,0.421054065620406,0.335703859705763,0.365132376669228,0.38844865176156
20200707,0.398903212621306,0.514551956855832,0.519983241229996,0.395024441424015,0.326433808588855,0.546570931753228,0.482695409406077,0.509989809755122,0.163953778015752,0.377109868023366,0.284453450492596,0.439030276055319,0.355739575602898,0.40998801123959,0.369896666594066
20200708,0.456769813021447,0.525071245675859,0.526397273515368,0.462929318007892,0.374342584862114,0.53622733259245,0.421693738056878,0.498237399013964,0.272364072098896,0.405211779477176,0.307047177535645,0.464582446045993,0.40340499015762,0.39344687583179,0.386202487877823
20200709,0.489755860580314,0.549013713337707,0.498129553643914,0.440883907158517,0.333340243281741,0.538894016088382,0.487757716619813,0.504168864040827,0.156839906262121,0.403239073293052,0.272872597163027,0.364374706288514,0.357526558554477,0.387408971429233,0.435512591522618
20200710,0.461387156725469,0.550478060180058,0.477539699297762,0.379562151418882,0.412757297845264,0.530431261367951,0.482213286377137,0.486323528848089,0.229320913208889,0.37088447770394,0.30803584724246,0.410155913439636,0.393049761387729,0.390859242733185,0.484668964638866
20200711,0.440525235165556,0.520825909836721,0.450900925058215,0.470459251713971,0.45985463343076,0.505849042787627,0.502739525101716,0.508456466723167,0.163506740067367,0.410512628300778,0.355021186217469,0.489495416868057,0.405619612694483,0.371012246732295,0.521421214646783
20200712,0.40743476498401,0.520096243898623,0.391711266780936,0.424525296236924,0.278582960214753,0.485688936679011,0.435539539709692,0.39377001605948,0.192969810419263,0.333155370237042,0.390035604511561,0.435211874322491,0.298089739745225,0.29666318224564,0.450534885471664
20200713,0.385466150504463,0.499595834279265,0.425531866601187,0.44993304914151,0.363032706648387,0.488870179811278,0.444355996571768,0.418260000236297,0.324386145329965,0.329819455727574,0.361631560054867,0.36892452696616,0.311873732404683,0.315055440127642,0.390034654682097
20200714,0.350613141576734,0.475733679618525,0.399483999423543,0.456365880162396,0.338045230642449,0.470478360648681,0.485250002365813,0.368459879937241,0.250276082029929,0.302882047595672,0.271050017124197,0.462686745160081,0.323023759193196,0.27465593236436,0.434240404792905
20200715,0.334687996486941,0.443561939518548,0.461882117772598,0.436622257274947,0.370142982022169,0.461615236331617,0.446543855218668,0.394360605135553,0.296137315510247,0.26628059271332,0.299211267887796,0.413086846121217,0.325686945320313,0.251199449770559,0.397823383920463
20200716,0.412566211936973,0.413649249057945,0.414975502657072,0.40978989582566,0.38082312973946,0.466323976120667,0.513155297554069,0.419924977293895,0.257542183234852,0.336845948035716,0.293877892839365,0.338124180651419,0.333894573604775,0.292026877251562,0.413850904312875
20200717,0.368605622768202,0.396137014502331,0.422790640478894,0.432177857261351,0.34983839575374,0.45469970196755,0.435885140368199,0.408420978264719,0.347986091780067,0.30367580624553,0.309554033343869,0.391758335930709,0.248210356304362,0.274030846375209,0.403399600738039
20200718,0.328362361505051,0.410645192074697,0.418938440424764,0.348111558154146,0.417888006648881,0.454907983128013,0.444132151298203,0.415641278981221,0.279649949808355,0.272158237651614,0.270893704249853,0.362024801134236,0.228692559838161,0.247602559859722,0.375664417818462
20200719,0.38318955396164,0.410583301238558,0.444098267992391,0.429370410958589,0.351619903078562,0.436515731914796,0.443886932733304,0.411675141036535,0.282299463264942,0.317565051703774,0.28785206450865,0.404721348785951,0.20029274633306,0.214454988071666,0.402407970306227
20200720,0.403823334681146,0.3944792546557,0.417603354842492,0.365050077617214,0.310209041048161,0.434120432812234,0.449902787872718,0.407607430357374,0.262140063718425,0.291408296285525,0.276654608164088,0.401073939949927,0.223475039610587,0.19933656397211,0.409742321366106
20200721,0.394832427913553,0.413114511775162,0.434865963502599,0.405630896530116,0.390093342655283,0.451233051247617,0.459160367952383,0.43181295720845,0.259845769598423,0.309036429993637,0.236757853150522,0.403286629517039,0.236962904304635,0.177635417053382,0.426388139376836
20200722,0.299881705445344,0.426392493006255,0.381554669827025,0.459952384820301,0.42987872638676,0.451676925762186,0.447728985804476,0.432826811582173,0.26401154282594,0.319717435591991,0.215813145290113,0.293013176212339,0.252164527391483,0.198847894146563,0.397137457476959
20200723,0.301488611200749,0.431149193147408,0.36146066363739,0.384021588575034,0.382041233553514,0.456569720388553,0.409113644046417,0.348873174224854,0.204135277716593,0.347237259783694,0.19691214111062,0.388518335732528,0.320653911913225,0.185835093213315,0.410721236429564
20200724,0.286621053694215,0.354128717133988,0.355898936465809,0.333056714314014,0.38601206024985,0.439619115769873,0.416812212138472,0.298392554293609,0.315677826362534,0.326641606825823,0.215462704056969,0.31192844370649,0.233480838138306,0.0971387942132847,0.396154587510382
20200725,0.303895061848841,0.407660667173621,0.419118048089849,0.361252917181502,0.403396070328867,0.45244294234265,0.420771033962266,0.26431861682664,0.195799156050491,0.323398379085634,0.267192414280732,0.28087320706644,0.307365092517903,0.177632552423439,0.37222776791826
20200726,0.285371766078243,0.352314580158542,0.444687086657515,0.334543794598818,0.401319971933516,0.433756124920839,0.391515128661105,0.237059486357151,0.246287359060203,0.338717085105422,0.179078807828759,0.298819434263234,0.292704995771138,0.154875056074728,0.376956366754202
20200727,0.33011011810118,0.343489364768912,0.453454372445349,0.334279099988479,0.431590832370469,0.437912567631593,0.481314595807216,0.296985078106506,0.270185009791638,0.350776414344711,0.188511918452376,0.297454068875825,0.237577706893204,0.143873949738548,0.347920254983227
20200728,0.304595584896067,0.337161423482923,0.461433459443566,0.406882634468972,0.431322073450892,0.453805417558041,0.451178714827337,0.290534343878529,0.230118629478367,0.412641244612549,0.234163087626853,0.308935667780796,0.245149271878872,0.156743468309717,0.382591902415654
20200729,0.345163243055547,0.334860417598682,0.447381775734988,0.38511763713354,0.417665931169355,0.459119734906859,0.45733793821315,0.29431064364188,0.250265323802296,0.290645080436424,0.2094782134858,0.223661136996287,0.202692354759789,0.169367341835762,0.368114298402639
20200730,0.333286723971576,0.296447585478761,0.450505965305644,0.313546546119902,0.432629975087502,0.464104040750371,0.420006872060722,0.26238474787356,0.2383309603777,0.336907973150981,0.189064637947745,0.244499901393254,0.265316216591108,0.170488483842632,0.366574455276645
20200731,0.35466814001715,0.255477936559189,0.37113783286374,0.317205512189252,0.479648969988789,0.471385458299485,0.45600491220025,0.21530952432794,0.249889973238871,0.351261875221794,0.196675928644797,0.284193987795717,0.289409569991823,0.162401378405522,0.323372514606709
20200801,0.351685473900876,0.306685853907996,0.386084468030231,0.373435959490997,0.428114732567562,0.417878079237736,0.444533590390348,0.289643556925757,0.143523248357101,0.391378827707124,0.223511934248009,0.279124200365132,0.281551767909827,0.191446128457858,0.393577735090853
20200802,0.298947642359064,0.310152858370099,0.375954663192737,0.350953185975794,0.455914090612147,0.448445079713279,0.492750456794994,0.299537757127099,0.249292505431365,0.426269167507752,0.283267178637979,0.193269454545894,0.255926946490193,0.319366255607612,0.378660324825628
20200803,0.307498334620809,0.310243364377129,0.349029074270553,0.343364052599154,0.473601084532205,0.434149726310105,0.426959915063237,0.31628005624602,0.228669592371761,0.326180606917252,0.278326393047047,0.289600611373087,0.273052233766505,0.24897232371266,0.408708843453397
