Datetime,btc,eth,usdt,bnb,ada,xrp,usdc,doge,dot,busd,uni,bch,ltc,sol,link,wbtc,matic,etc,xlm,theta,dai,icp,vet,fil,trx,cusdc,eos,xmr,aave,shib,atom,cdai,luna,cro,cake,okb,leo,ceth,algo,ftt,bsv,cel,amp,klay,xtz,neo,mkr,comp,miota,AVAX,snx,grt,ust,ksm,tfuel,egld,safemoon,dcr,rune,btt,hbar,ht,tusd,sushi,waves,chz,hbtc,stx,dash,steth,enj,zec,axs,yfi,hnt,xdc,xem,hot,kcs,tel,qnt,flow,pax,mana,zil,nexo,near,one,bat,mdx,titan,lusd,btg,bnt,qtum,zen,omi,cusdt,zrx,sc
2021-05-26,730836955268.21,323460286402.17,60894369311.44,56350009958.68,55152158262.62,46110980022.78,21108104122.29,45320150815.57,23342043502.27,8840386478.68,13701809900.70,13866231709.30,12914436794.27,9240250889.57,12994556728.41,7112719233.43,13838462961.12,9954384619.03,10193486110.23,7118099984.52,4300753094.56,17190177842.05,8579475639.61,5336452947.79,5781531326.98,3254331262.66,5917760695.19,4616859029.15,4826543756.61,4782696023.20,3471375100.67,2985891017.74,2847518486.77,3321246937.16,3210098111.09,3949587500.01,2143721248.25,3749294687.30,3049641228.83,3086475138.73,3316184508.38,2926806213.72,1729125266.75,3924046538.97,3151066866.32,4226185184.39,3483659654.55,2260891450.70,3196175541.67,2599053865.51,2175721298.22,1041375835.04,1980228015.39,2952344759.16,1551997774.26,2045965707.90,2911582603.28,1834358104.05,3205512799.56,2845215175.63,2217835127.02,2916959950.94,1262525516.55,2144262624.02,1613823366.37,1460511782.23,1243018868.70,1078565133.26,2103250734.44,1174507305.27,1299715871.12,1674785899.31,237695765.95,1755304666.28,1230866118.19,656191652.31,1811902445.40,1843006551.64,572444051.95,2046081240.99,572194469.45,654486945.72,1346095270.39,1117120680.27,1500483686.43,1199656598.17,1325301554.24,1030363373.17,1183450071.73,247988219.70,328590417.59,506844260.08,1134272776.29,971384552.22,1243458567.89,1110860885.91,653188407.69,583818771.53,901942708.09,990354998.66
2021-05-27,729749890072.10,323422386945.29,61118932557.41,57202857961.13,54806291099.17,46413701083.53,21763294636.24,44025733774.96,23511510583.45,8807415930.90,14781243102.45,14177682844.00,13031961593.47,9319871896.72,14059334962.07,7156286460.01,13232602882.73,9627187870.73,9999519159.29,7396785111.47,4376456271.97,16791984909.38,8370090407.42,5310254322.90,5787917627.03,3302707199.42,6502569000.86,4623222289.22,4908233236.88,4476705715.22,3494754992.49,3086633400.45,2794196977.56,3347353395.03,3190533187.37,3930706840.90,2013575665.60,3888702482.04,3051408847.32,3152118261.39,3360229606.92,2869467667.55,1538573044.50,3928599445.63,3231183038.06,4311289477.83,3399653153.16,2238454842.45,3323389320.21,2578782099.86,2121096895.44,978489805.37,1970389561.09,2874918965.71,1601986893.87,2012580467.08,2875747565.07,1906787542.38,3232443039.91,2856961420.11,2197394863.32,2835565940.25,1275082828.68,2098371827.43,1644261102.89,1668133575.78,1239697907.74,1205025454.32,2096791872.14,1188143954.69,1687885451.21,1691925422.98,257799761.63,1712853974.08,1314604530.87,667028608.64,1910588687.95,1781604208.86,591982003.45,1985352409.85,589122136.82,649525964.99,1322187939.16,1230126399.92,1546102659.90,1307948631.46,1277895484.93,1030590641.51,1281192711.61,249355978.59,327357251.26,713755372.27,1181870948.40,1009505534.69,1369662087.98,1121561135.71,589669674.71,600856455.46,950435530.65,948230131.84
2021-05-28,689808257129.88,299086041055.19,61277915244.06,52306870023.01,49817518796.59,41814406118.83,22006148820.96,41329495868.07,22831482682.19,8760186748.79,14152478473.89,13050590183.88,12044058030.52,8497671025.59,12706801504.97,6809482982.96,11801163319.49,9013888552.17,9144675654.58,7637095192.66,4381881401.83,15184181274.85,7479916645.81,5054659225.96,5329846253.20,3338887533.39,6055350973.20,4391493973.33,4348719072.56,4022250702.94,3132004462.82,3098092665.33,2448877100.74,3075843617.80,2870353050.63,3638251946.90,1969898939.44,3543385729.15,2797612385.26,2959064243.16,3205048440.26,2859308908.97,1659652287.08,3647753925.68,2957958215.57,4017059987.15,3128357049.32,2013818930.37,3015406476.80,2301208600.98,1905731997.57,874588162.91,1962102293.55,2684340949.04,1765046458.70,1858610188.00,2588158811.48,1879114214.67,3100557348.27,2611991004.24,1957095073.40,2634561881.64,1278852917.39,1927352925.72,1458738045.17,1620633369.93,1175257285.70,1046922717.67,1890410660.10,1131346499.67,1435980795.58,1654870447.62,246622433.86,1555798897.82,1449312924.29,646815254.69,1737505610.85,1560847641.36,557183353.91,1755042093.33,558294153.55,596778551.93,1296923895.76,1113812535.19,1343465582.62,1129265769.84,1176581031.92,922910766.48,1145653998.25,252744915.25,319627004.58,721416906.40,1059439869.73,941514521.74,1304440648.15,1087157017.00,478896004.99,605140078.78,848589736.15,849686025.56
2021-05-29,660790223479.51,281865779049.59,61346578032.87,50491291457.49,47594632234.16,40436220417.49,22192196157.61,39762530478.04,20953277415.64,8808998999.50,13263693674.93,12581680963.99,11578249943.43,7795386522.23,11788426086.44,6517113655.92,11053033901.38,8376640894.62,8873400518.95,6595358555.97,4431740722.87,14130881078.44,7022075542.37,4975627490.65,5128555503.91,3460503580.72,5953077654.14,4857825148.75,4001050528.40,3888620881.36,3055458890.99,3097976879.54,2359660538.97,2905212489.37,2762801923.66,3526686242.28,1982679225.31,3374747833.85,2662970265.27,2803308480.70,3127147227.29,2950675516.64,1618563165.65,3493069803.36,2785622351.23,3747600976.66,2937327921.06,1962268816.89,2866549460.83,2133949446.98,1823259335.58,794575846.63,1964896300.46,2508572016.48,1616422171.48,1703260863.91,2436481305.05,1796225631.55,2733588009.70,2480372867.22,1805524332.14,2647068069.26,1282713799.39,1772056280.26,1361852831.78,1513671830.99,1122385547.83,1033918581.77,1962694569.04,1066388634.32,1283608619.17,1850473580.94,272511813.65,1471397099.14,1456252588.38,618687133.25,1629406724.93,1484874148.60,529995477.84,1509638895.96,523093285.81,607484069.29,1265403599.77,1047829227.64,1267646960.63,1032261062.29,1072800387.79,841956199.48,1081152424.81,258895240.91,322314048.36,722628243.61,1016321977.00,884874477.91,1213399011.13,1228757446.84,455881071.77,611889602.68,791601896.63,794617466.42
2021-05-30,667742735976.36,277753912966.97,61994365820.07,50657546811.45,51945415386.10,40397460508.09,22340744106.61,39415140121.93,20539341796.81,8673440347.15,12875157851.42,12479579435.99,11605003935.56,7783217622.36,11868176011.39,6642245193.12,11594452850.13,8396459827.02,8808907804.46,6504920141.11,4455414498.92,13661695530.85,7162970186.36,5028052740.06,5150655390.48,2350871425.10,5846489068.23,4614004720.68,4125156786.28,3917571674.39,3022068892.24,3155004031.61,2406139014.50,2886597774.04,2771945508.18,3509070565.50,2052404705.63,3173533008.61,2627732319.34,2767443716.99,3113084083.21,3025669724.30,1650441425.58,3382069415.35,2799767160.67,3674060167.80,2929584581.14,2004962739.03,2861760207.93,2192403553.29,1833632072.64,812004877.49,1964158562.20,2648846214.81,1572399173.64,1689974181.16,2342418800.63,1930963523.52,2775474952.64,2439734749.28,1858468015.91,2598557908.00,1282751896.03,1771634332.27,1305844873.26,1455592707.41,1131312133.30,1014853990.35,1865877783.04,1053945056.87,1463826597.72,1715452243.99,250733515.45,1521483688.14,1341640802.36,609494436.12,1652923135.84,1520551425.72,535387480.27,1613536353.84,520326410.07,582237066.75,1267560668.35,1049396284.07,1290078321.47,1092358387.48,1193484851.69,885723009.59,1069957430.77,272231062.98,316365767.24,725028637.46,997798408.64,878507249.17,1175264827.89,1235857931.12,455908496.56,595880607.12,796012134.72,809109030.08
2021-05-31,676778572555.72,289747274579.81,61949027973.46,51296232810.29,52350309888.87,45802446410.00,22519941229.00,39802224437.12,20931298835.16,8643653363.46,13452339590.23,12741175372.36,11807349449.59,8438749278.47,11961815509.58,6708312658.05,11441523968.19,8447951058.49,9070670716.88,6550371447.57,4431687967.67,13716591748.12,7421857349.51,5131189491.04,5324333526.37,3111675446.84,5905305982.62,4631264694.56,4469472828.25,3952482762.83,3154503259.22,3177775028.62,2524876904.28,3129398921.82,2849578900.64,3580042355.23,2238251149.77,3321702666.12,2701427651.29,2806779184.26,3153280057.17,3039581821.00,1712291310.66,3424928562.54,2858423402.84,3734912375.08,3096276099.03,2173121679.21,2956800773.45,2230889785.40,1916819903.29,921934896.23,1951076209.90,2836296444.02,1659398672.67,1752342004.99,2410472319.53,2184878284.45,2833401619.29,2440767781.47,1868881600.42,2586951463.90,1280868223.75,1936169163.00,1310109570.65,1464462059.06,1150090331.39,1021744165.01,1882106342.32,1101016655.74,1482955976.96,1696482853.44,269886224.25,1584766159.44,1337734546.76,674127256.62,1685847117.88,1554662463.94,555918944.26,1726317147.88,547292348.87,588864303.55,1263755384.43,1053966194.16,1318710453.99,1092309089.25,1240246157.28,902870984.63,1079786321.91,271449277.56,329606780.60,733143339.19,1002620109.13,898608893.82,1190677348.04,1180732055.80,487871376.33,599388945.87,807341812.85,830702173.38
2021-06-01,685330893421.97,305143101413.33,61862704696.78,54015149196.63,54984897955.98,46734198267.70,22675121786.47,42403552839.38,22389837811.79,8669683726.29,14134995859.69,12893889871.89,12144209023.13,8619717551.84,12999491375.75,6795269126.13,11700343626.56,8615548707.77,9291938361.72,7416899703.82,4412767310.31,13713726573.60,8061010134.69,5284550766.85,5404728164.40,3120307197.47,6041767371.06,4684686292.46,4784074339.83,4375590381.78,3297363243.63,3235043831.17,2582604215.21,3129855785.53,3079544269.46,3591447267.71,2299148722.60,3505988485.67,2790304478.13,2916155079.80,3212007168.73,3025916444.89,1725650001.43,3435646821.09,2954674882.68,3816602186.72,3202234986.49,2197728624.09,3064765432.19,2313799234.60,1973950652.02,956734064.70,1949904529.94,3252285150.53,1880698747.24,1817142869.04,2428045906.73,2201450001.86,3052658766.29,2493856192.25,1944569857.76,2657386769.82,1284659534.94,2026632496.65,1310332532.49,1472543761.85,1170032816.65,1019000447.54,1930950917.86,1176803808.57,1508880545.62,1735667700.67,258878491.16,1643517056.37,1335637495.29,712517076.18,1698375208.83,1563010712.35,579116120.54,1723130775.62,567049917.62,595858117.71,1250998530.54,1093362450.00,1394692214.91,1095501434.49,1238817678.58,1014576665.08,1112611325.31,284280763.78,337237943.39,745683629.35,1030100278.79,936106288.38,1216165030.54,1188976351.21,502872595.26,606407098.38,853305846.51,824629639.26
2021-06-02,696605999291.44,312716472370.91,62007682123.92,58576146710.75,56696248141.53,46762962957.84,22695128132.32,51385148832.55,24168947080.47,8880016147.15,14395457664.92,13049450526.71,12265259656.20,8701336692.77,13189664255.71,6915695774.85,11359758301.38,8661980396.16,9721869292.37,7872957237.63,4414647017.87,13256285495.34,8161267020.55,5285542394.74,5506335521.41,3139835051.96,6059358493.07,4854259829.97,4889204966.55,4476496284.05,3395669724.86,3297153748.71,2722255982.74,3202152749.77,3352715537.45,3608230301.45,2557257316.24,3447794914.39,2803655538.95,3021330279.84,3299507294.19,3059458555.34,1730893823.72,3441156695.55,3136725522.65,3894772931.54,3242128401.54,2268107194.05,3237263158.75,2349835932.17,1985940318.77,952185145.55,1945391352.51,3544642797.01,1918467214.47,1836926939.22,2453063675.05,2096232302.96,2979336413.85,2507714092.31,1988026968.16,2778332044.03,1376116774.40,2078950078.80,1344092323.47,1465566545.34,1183884221.91,1043481588.25,1986491705.59,1216604418.91,1479421354.71,1737571659.29,256227955.45,1639999197.90,1294677232.62,704949229.33,1723389066.69,1543858778.53,607499686.90,1717533729.12,589425090.07,604383101.63,1250824761.22,1120528524.04,1527184442.26,1139884985.15,1312912753.26,1010864889.51,1154513549.67,314742931.34,338396629.37,747739166.30,1023552531.74,946752575.38,1217532242.83,1192707405.42,499511345.23,631723131.71,953169628.41,830423175.05
2021-06-03,723909917201.89,325147469849.91,61941851998.16,64133913880.77,57864989581.46,47727958535.94,22806676693.69,54501256358.41,27288336448.36,9262748541.62,14687685007.51,13364626985.92,12687784255.24,10082389811.15,13636441740.27,7184093310.11,11334838854.18,8804989244.75,9766566741.44,8815249110.02,4482399511.91,13741438403.25,8785529888.83,5475610913.96,5726106577.43,3154375401.45,6176406855.95,5401600793.37,5022826892.59,4833714345.87,3888718303.52,3358476121.75,2928292489.92,3340561966.62,3570449639.55,4687188211.78,2729782384.05,3770237625.71,3240399536.76,3125763753.48,3470419633.67,3310284726.86,1808038000.54,3484275310.64,3205926584.39,4304998099.58,3256206091.09,2294964060.73,3727323374.16,2578550047.60,2048725355.34,1019029958.88,1940650807.35,4183528049.20,2084997209.29,1906673071.50,2427333481.27,2048536980.06,3294299251.29,2622149084.12,2099402555.51,2966903787.05,1381384002.41,2233593413.03,1522551906.68,1532881250.08,1233535211.95,1083308910.78,2098027700.12,1278389104.41,1509039560.48,1898732369.92,259682228.15,1648997237.31,1313714006.37,731478853.24,1800227953.97,1616181426.01,737402490.89,1772332687.89,620214799.57,651385941.34,1173695839.46,1152775166.46,1702331005.59,1209564325.20,1358519835.02,1091483970.81,1226913066.93,302754400.69,340777341.46,755259614.90,1079914917.09,974033095.88,1277579870.11,1245725997.21,521915908.43,625298918.99,981908800.13,864814773.47
2021-06-04,693514011184.27,310809658939.91,62150587389.21,60298297667.82,54978332499.93,44615912123.41,22809628529.23,48900371067.60,24897500561.24,9362699816.76,13783097809.98,12575332160.96,11875133391.38,10283687718.91,12516230114.57,6910594069.76,10336783462.75,8276437355.92,9014418138.98,9280201178.01,4528127385.96,14228816262.26,8788365168.70,6870846650.08,5528203676.41,3192659000.93,5774325967.66,5150160611.22,4750339664.01,4397457298.77,3623895010.63,3374211139.28,2671171870.99,3118939852.21,3403545441.49,4430537337.91,2641889584.88,3582711064.05,3175310350.27,3016160593.44,3241065414.51,3299574798.87,1685878205.41,3300505373.33,2982324729.30,3991914791.06,3268535830.00,2120280170.10,3489900103.16,2405752406.62,1901723478.79,995570242.25,1931329989.32,3807130343.10,2202717082.31,1747439459.65,2186316892.88,1873667412.88,2890595752.96,2740219454.72,2001501619.40,2811149972.92,1404842648.96,2056101620.25,1392054562.47,1449045224.69,1276022498.54,1068864159.69,1952461752.11,1226757861.32,1422678214.99,1750546716.38,244234596.18,1550156806.31,1257700035.03,695070928.85,1705881958.23,1525293781.20,687976319.20,1852976687.70,571539257.91,667673132.00,1152885628.13,1090329639.31,1548231119.39,1194866979.14,1269404301.60,993253866.58,1141747076.67,281004831.54,340212733.92,756955982.96,1006540112.19,921119862.50,1178304545.26,1165501497.79,473764504.86,622048944.51,929397554.24,845361725.23
2021-06-05,687669496150.68,313827509200.58,62431519200.25,61672973116.11,54922947420.98,44668852920.74,22893530458.75,49115816820.32,24757437935.15,9545236220.73,13763121097.24,12481476432.59,11871776862.51,10924766461.12,12371151077.79,6902866927.30,10244394405.31,8271763241.76,8928555195.13,9315403407.39,4559134869.98,13746064471.26,8725262892.35,6811456337.21,5525846641.46,3177305338.42,5727503896.77,5063734770.36,4807129006.41,4346956373.20,3667647846.70,3382363222.01,2640506272.75,3107006610.53,3473365379.69,4404593548.67,2542991014.77,3601040936.03,3167540239.94,3061080899.08,3255037229.19,3263987087.16,2017512009.08,3267758926.44,2957718420.29,4025567962.56,3350328714.10,2100931611.09,3492724150.30,2394039857.83,1912413119.58,983394729.70,1928464706.70,3768530011.50,2478012783.34,1755395145.71,2274837995.06,1815610655.63,2911681041.71,2768289959.41,1974747069.41,2825939626.05,1421954199.61,2019002887.07,1436764053.60,1439825553.61,1319375240.46,1081647254.99,1939867411.35,1241593901.74,1396071219.71,1733792710.84,238920526.50,1541250784.15,1249420019.82,692363330.25,1669140202.65,1525998367.94,700438508.21,1820462857.85,574110626.76,662666109.11,1125286229.74,1103227234.83,1528798822.90,1199940340.53,1265331787.57,982228971.33,1154824996.95,286300254.02,489557374.67,762668919.57,1010380684.47,928549839.00,1169169115.88,1138016237.55,466980508.87,622683329.21,905629443.99,921789655.55
2021-06-06,674140986472.75,312380716517.60,62500854044.49,60265523288.80,53837424013.05,43171834538.13,22957396926.68,48286573658.04,24084658952.37,9569436018.72,13459076398.97,12330378163.59,11770691625.92,11118437495.85,11849041209.00,6759864866.14,9765872250.22,8157969054.27,8833733989.67,8970084701.64,4565124588.94,13273342259.34,8506170735.01,6728671451.49,5504268740.16,3146690458.79,5602041736.89,4817159569.56,4637902332.16,4205829475.04,3557472963.92,3331648466.86,2568268402.25,3065482631.99,3336858693.72,4333722237.62,2459146081.45,3589281305.31,3063290312.57,2973253181.21,3318597114.23,3271469111.14,2111962868.40,3137915270.29,2913772462.54,3970788979.94,3222866257.49,2017538106.49,3416713298.94,2315853060.32,1832663816.96,950335427.44,1921646227.85,3647651586.57,2390424239.52,1746800375.59,2296375342.43,1857444736.17,2705822960.35,2667116382.24,1940799016.91,2729820823.36,1466794908.57,1999525799.74,1554437471.81,1422956819.97,1292397767.46,1052681848.61,1916970463.16,1234584990.75,1376958708.32,1701638619.69,237038202.67,1538174539.05,1211645117.46,665613687.61,1678241124.12,1514999984.60,674429665.37,1794373519.56,567094196.44,632072116.93,1125753989.75,1084897057.18,1522580837.34,1218027153.48,1267424224.13,957404403.41,1131666408.24,271697374.45,582136270.76,773654008.69,988309499.12,908296541.39,1131483741.85,1091357243.88,447889252.25,624896447.28,885982171.87,894379997.39
2021-06-07,678183215067.26,321449132280.73,62562856786.60,61140778051.08,54890244359.11,44159781231.09,23094980682.82,48386951704.72,24670367658.30,9687119019.06,13727655933.60,12410013644.23,11908554283.51,11651435301.09,12050406287.70,6789932221.65,10417961761.44,8198187623.88,8931010544.29,9436093391.80,4585638442.99,13203116425.04,8520387890.13,6921139832.21,5575012476.27,3187524520.34,5613558417.79,4935026610.56,4798551217.25,4239265682.26,3654242574.74,3354747164.07,2631621576.23,3199568534.77,3467856378.94,4352408193.45,2361198648.92,3709085720.40,3206963275.69,3020856920.38,3328071179.45,3256718276.15,2138788767.44,3065202379.60,3254438061.74,4039811714.24,3334754550.11,2077970836.97,3538131907.58,2981919910.46,1872627552.29,991727943.58,1915967347.00,3854367073.98,2514182064.27,1777165160.03,2363951374.96,1886124242.49,2739182489.94,2680405644.80,1981125406.63,2735244792.51,1474342745.98,1986539635.23,1585369705.95,1444881678.40,1300141018.54,1069161937.36,1936454819.70,1274980460.60,1387410582.76,1687028616.95,244758653.79,1571251167.05,1211957942.26,674458324.93,1706322277.69,1540319778.68,684079016.14,1883451040.41,578698799.57,641788669.37,1087179334.06,1088376587.42,1526361427.73,1312775044.08,1274191532.16,993233465.03,1150033672.90,272980937.33,499204374.99,776683350.24,1011275172.99,922395183.92,1144722647.73,1090263654.21,453704396.92,628446291.92,894343775.62,912410521.99
2021-06-08,618034368845.33,291512223417.19,62488904717.30,53944637167.92,49204343090.12,39646079728.86,23106983102.44,42612393269.41,21340442708.47,9613562845.92,12109318675.41,10963643720.38,10569918669.99,10170161939.92,10314863520.63,6186643421.66,9035101109.12,7144718009.40,7848449971.72,8808723043.06,4636861992.91,11114315807.20,7295798104.00,5903653057.21,5067342023.87,3547302597.17,4791536575.82,4445400666.07,4163456755.52,3638129960.67,3147333810.68,3456351055.96,2287410930.87,2882677217.57,3029515063.17,3759729266.19,2487135546.84,3366641467.94,2854949718.02,2697644938.76,3005195617.18,3126554934.03,1916947086.84,2580259439.25,2790476983.44,3439700348.02,2922577286.93,1773911433.13,3025974155.78,2565669120.35,1605756311.42,850119640.99,1909412479.37,3421858343.88,2912400940.59,1554352666.66,2089878793.27,1688831978.85,2254100436.48,2409528258.56,1795324964.34,2483565860.03,1479410295.21,1755962006.61,1374442928.90,1257495048.38,1253813858.87,944159111.38,1702013462.75,1163415068.44,1207024305.53,1465584896.47,213760007.05,1419458376.58,1090193217.56,610815920.32,1485659057.81,1393724580.79,617734417.58,1626396384.31,525915234.94,556231112.95,1121422741.85,938937668.46,1315554833.77,1148574654.07,1149670455.89,877054474.70,1011612417.21,255621301.47,416712849.28,779399617.30,908502706.29,826240543.46,956722449.68,926747855.21,397625792.19,623468259.66,765106436.55,771899852.82
2021-06-09,641477248385.03,293026998060.36,62787557521.20,54926047756.14,50456004858.86,40194481037.35,23262901130.09,42607980843.04,21754975848.01,9571868663.67,12271264662.59,11212485174.29,10743968430.15,11531875353.67,10393595121.38,6433428003.97,9132568485.85,7286204539.89,7955141194.66,9214072871.68,4683071809.44,10311220564.37,7443718689.25,5844216938.66,5227270551.77,3582231625.98,4835074477.62,4551951440.18,4217518373.29,3594720874.82,3226387227.16,3417178167.96,2351935995.20,2951768442.61,3084269958.96,3782530950.70,2381490625.40,3386686658.14,3136464364.24,2755991704.23,3094991188.53,2953699072.73,2440360175.71,2633351788.15,2858397825.61,3463957670.26,2910509228.58,1881195289.30,3203587402.48,2562214832.50,1624153430.02,863202724.50,1913451746.90,3934514768.20,3330261277.11,1622317305.23,2162932195.08,1748025825.58,2295595954.80,2449370909.61,1814451718.13,2452377720.32,1521686390.69,1724768078.45,1424795445.99,1254866645.43,1298333955.40,954154753.99,1719678073.99,1169603113.34,1229747639.84,1481834765.70,211371791.63,1438411505.84,1198764601.99,602038080.19,1506106034.78,1439377864.70,640903331.58,1786641317.59,541104250.76,563335803.98,1163578810.55,935590000.03,1341618668.65,1140170101.30,1173750524.06,889069101.57,1012089686.90,259317542.40,404594402.88,777209216.16,1159478388.23,835585548.66,971630883.36,932912629.91,415260712.97,620280409.86,802462786.63,782779346.32
2021-06-10,692677129553.76,297246444376.95,62860810720.64,56423353126.80,50530350493.93,41015640607.31,23257953854.63,43800560348.83,23644898735.75,9429329854.50,12713577470.92,11613419304.92,11330448435.74,11337641187.31,10591503522.65,6964753314.34,9087031930.31,7706210210.48,8190813213.52,9018213187.34,4884796592.75,9706723961.64,7667294868.19,5969422043.07,5357685022.97,3029357754.81,5010831301.40,4896468793.08,4200612476.99,3548388648.02,3231417366.13,3939713628.21,2474634644.15,3075093853.17,3226754424.07,3849263879.96,2321628291.87,3378111732.33,3089593054.67,2887975751.17,3189268162.93,3045974807.54,2655190595.75,2667140648.71,2840436711.98,3681505997.07,2909010785.98,1843354293.37,3154700966.73,2517295123.09,1653466829.82,848848015.15,1909887731.07,4521262351.49,3023342826.76,1634622599.04,2250937862.33,1803448222.63,2398974210.96,2471414344.88,1811220500.87,2521773569.79,1723754801.94,1729938740.00,1429443390.24,1278883604.40,1401318443.36,973069127.42,1770750626.45,1203306866.18,1248464111.53,1602858586.68,219283588.88,1425847068.05,1175153634.91,622824730.59,1567366553.01,1450894811.80,649467336.93,1778136106.57,566777683.27,576238628.95,1097336164.82,954627284.43,1351708827.34,1183013010.76,1270362196.80,891755728.87,1029324109.59,963817873.91,423473354.33,779473713.84,1258572008.30,870400865.66,1044208947.57,998661756.32,416836415.42,615361806.39,807139399.92,810196070.30
2021-06-11,693513453146.17,286102842030.04,62884269231.61,55058431979.11,48729412165.46,40137630607.99,23384848466.00,42143688005.54,22684275659.13,9339810838.09,11950394778.86,11240903365.76,11338398008.88,10788497400.98,9890734622.66,7003133150.45,8510698006.94,7417729742.15,7796795562.22,8446074074.44,4987510180.30,8587007917.97,7337427855.43,5731770403.03,5199508600.00,3013420120.61,4848864184.42,4554740315.26,3918820799.28,3374286640.10,3025790400.64,3925140467.60,2502733663.94,3006543149.57,3016572585.22,3760507732.69,2292907443.21,2953791256.39,3177717332.23,2839900563.55,3130827777.49,2999750875.61,3270506971.36,2590286405.55,2741548097.76,3527534391.61,2772876022.80,1703976719.53,3087819706.06,2411871212.09,1427302953.83,795037548.07,1905911310.33,4178674334.74,2658263341.14,1561143092.10,2183507706.11,1822014134.25,2129151691.93,2389141601.90,1781426165.54,2501647409.17,1438127041.38,1609764256.66,1440173693.96,1680215492.22,1404730187.64,967106236.65,1734038735.10,1180056545.88,1256153172.18,1494672565.75,235362643.96,1355102010.02,1131937675.45,597303021.13,1538779625.85,1397792717.02,637643569.98,1675334055.57,615006531.42,595969341.53,1074869518.97,946853653.84,1324874421.63,1144456648.74,1213504653.66,840798118.64,1000157587.85,925704183.28,395275097.34,779696787.22,1120415925.38,833501377.77,983373266.09,942989560.02,392677751.19,606552736.30,776025872.79,786632605.90
2021-06-12,672183690787.48,274631231074.58,62872673996.70,52770059153.33,45875196465.55,38568295277.15,23542326983.15,40728099548.78,20714795055.34,9593761912.51,11173807350.67,10776253482.48,10776315462.13,9893440997.46,9172393959.10,6799353469.18,7807029212.97,7076830204.99,7383410958.63,7856696905.30,4961828929.02,7715759446.61,6809287920.44,5513459043.66,4891829702.70,3022942444.95,4628436078.33,4378115599.94,3606426457.47,3019732451.04,2767859365.36,3726044477.28,2362125607.62,2880567551.63,2845254575.15,3543240774.59,2281346000.62,2851635373.30,2971166774.71,2681294993.41,3035044793.08,2949338140.47,2899896325.89,2389684932.82,2608332911.98,3276019005.40,2636564335.35,1560618498.25,2842140725.60,2297166715.83,1333559457.63,734463953.55,1904910476.23,3647508407.62,2341715967.52,1427514130.08,2100621750.30,1719009700.83,1825992725.83,2265517124.74,1621892020.63,2313324528.98,1440198106.59,1428739331.19,1433738083.13,1568752712.20,1359217499.14,889702358.89,1655315950.65,1143020749.72,1158783370.82,1407178453.47,214561905.64,1319188313.92,1084329824.86,573350229.54,1430830186.33,1323378551.87,623372584.65,1597527470.34,640942097.66,548083938.52,982566099.90,886735066.01,1205891723.53,1071880620.95,1167331456.33,778241534.82,941549392.01,898928565.20,391856572.69,779838538.67,991376460.19,784201697.37,897917110.26,875094084.06,381538393.94,606042744.91,727919163.66,710581836.20
2021-06-13,671915900622.00,275619567783.02,62942100942.59,52626468140.87,46798815441.40,38523453333.96,23647713013.28,40639823386.03,20610511050.08,9607983482.48,10950079060.16,10741218758.33,10777423093.13,9851290535.82,9155571676.58,6787050859.33,8597220702.70,7035749013.18,7504356271.57,7993850127.87,4983544604.96,8114916752.49,6810574541.24,5511029583.84,4875469980.01,3042299809.67,4577367467.68,4373739103.86,3613128485.52,3105958096.97,2805508989.42,3733206068.63,2316896559.35,2868444526.87,2819780738.63,3529201289.54,2499880518.25,2798881954.58,3081940216.25,2687128318.96,3048922968.59,2906897948.60,2736430235.03,2394669916.58,2577403919.94,3224110643.30,2653313698.13,1572576736.85,2856504869.86,2366023789.50,1322260953.45,741590701.72,1908780428.70,3592517660.48,2754792958.23,1417833163.33,2200138118.39,1704933366.82,1796591580.72,2248038273.19,1593895617.26,2298280646.43,1440858433.53,1372252392.46,1462772591.30,1470468402.76,1359571423.49,884496899.07,1635938697.71,1174687743.58,1161236027.51,1400522233.93,207669077.00,1312859723.67,1087153250.40,604933234.27,1429527492.87,1324489304.37,634877221.98,1595096941.43,690563886.20,542949361.68,983027527.32,876092163.57,1197734698.40,1032913673.73,1180037339.52,800134631.83,920015738.32,882266928.71,424449802.29,788341724.25,986911398.64,775187101.98,885111704.35,881543507.95,390296978.37,606489380.60,707930702.95,729659067.01
2021-06-14,738822261405.85,292227428007.28,62927956110.52,56467363503.63,49894425596.26,40768497073.45,23749907968.27,42288703465.28,22039593963.95,9622308973.99,12046644649.44,11548708948.37,11407481002.80,10522545110.24,10144626060.69,7446320702.59,9209951601.70,7492671986.93,7894678032.44,9042421635.52,5016815868.85,8652487908.93,7355389721.12,5777615511.36,5111649446.35,3113387560.19,4869450648.73,4745510121.15,4031202051.67,3422587214.13,3004556079.30,3796337464.89,2521716315.64,3030922313.90,3043858945.90,3748333199.12,2658195843.74,2958569207.61,3229391120.98,2883967648.87,3211548870.63,2941959427.77,3182552785.04,2547684825.47,2739736101.99,3510125370.57,2851134766.84,1717793305.52,3025046654.14,2556034264.05,1429274616.23,849050100.66,1908913073.79,3799206088.77,2888876712.65,1570148508.33,2335486804.79,1773343683.01,2091957076.22,2321825425.16,1697239109.52,2428988852.69,1446879706.31,1639338930.25,1558373965.57,1525373786.87,1494212602.24,929550051.77,1746040648.97,1245931361.37,1234301869.69,1483504392.02,223220042.15,1402376083.14,1148615495.79,647087327.48,1499761836.23,1456001680.83,680630594.49,1766966192.58,750936398.02,552823811.24,986541307.55,921470619.22,1312286405.49,1081069431.78,1261757181.69,843972005.03,976285301.10,912838518.93,426230156.26,787971835.78,1047742661.31,832755091.88,945924256.70,931391233.92,409541665.08,608476141.33,758693367.37,766698385.04
2021-06-15,755730317916.42,301255906598.13,62932791535.82,57253839819.93,50476225426.87,40886381809.48,23809107908.27,42460782278.73,24787403829.00,9474335964.76,12480627793.29,11902664577.31,11810093414.57,11052901510.76,11028809387.48,7598650540.09,10386187281.15,7521239537.09,7903545552.63,9043844751.23,5039140698.98,8591197717.80,7379802405.87,5864614327.54,5156425365.28,3152171402.39,5033152092.75,4997965259.82,4067246338.64,3543569273.34,3156144425.02,3903612773.45,2693355832.88,2997686520.41,3141803931.02,3878384787.51,2282973552.57,3034104901.88,3253338868.83,2972225509.58,3231569395.21,2928564275.23,4013487916.73,2933168606.18,2763359317.00,3567079091.90,2885574605.34,1774563877.02,3123995580.39,2601032301.62,1562116152.22,853132789.99,1907898249.18,3723657971.41,2860136349.56,1613995646.22,2589790320.94,1826454204.06,2387161777.65,2321111900.01,1804311741.44,2458838207.93,1446816627.09,1744674211.85,1593905122.72,1530557809.13,1531493010.49,939034297.25,1779121260.37,1293691609.30,1317713230.98,1535133973.83,230258394.81,1421093841.70,1165142297.56,657963107.93,1557717632.40,1456657973.76,689909969.61,1784976481.68,785541267.08,569265539.94,948834298.13,946273953.44,1353333476.39,1092247344.16,1302426388.45,851783452.73,1044721995.19,928445548.90,433996598.71,789392582.61,1054277678.42,858791598.54,964956561.32,939545515.73,405488265.54,622495481.02,780488532.42,776088337.47
2021-06-16,750035358532.90,293686386329.18,62880384603.02,55897953966.55,49700827016.75,39882381014.85,23879139035.60,41215970283.89,23917793113.07,9406130896.40,12004505836.53,11645559168.70,11546370541.91,10742979482.61,10459059344.68,7569641929.89,10007181644.59,7384031410.77,7686912546.03,8855139945.88,5125040952.10,7836511622.53,7245568455.20,5640550450.25,5118375058.85,3171533488.10,4916791289.75,4976990499.98,3933217434.57,4409321057.52,3064833963.67,4024162591.77,2652805348.57,2997100272.45,3060541465.00,3834886392.74,2331528451.25,2978671764.63,3171197085.40,2921408616.59,3143332942.71,2871620005.51,4604393566.76,2954115026.77,2711999812.07,3496286078.99,2798142559.32,1687764526.37,3051451278.80,2507366903.68,1499773298.79,882894335.76,1909118292.31,3356631035.19,2665648787.83,1591848096.28,2491848002.25,1794956019.33,2496529028.73,2296694839.90,1786919766.07,2356998729.46,1419621425.15,1650433871.23,1682578410.42,1772690861.81,1492827410.29,966323897.95,1738425104.97,1268839943.54,1336223226.07,1541916788.50,245113512.78,1384156365.29,1147367925.22,646403461.77,1554895748.61,1419657334.47,689338233.82,1800109865.36,882584586.66,582863514.58,924312398.49,944252163.39,1299031090.50,1009135151.89,1286779392.51,831153847.58,1017494694.96,929418805.04,425604018.84,797715093.75,1020113911.22,840015491.80,942894664.73,968919800.87,395411867.96,619820265.99,753472747.52,761652025.76
2021-06-17,727871883822.92,281169930188.03,62863927696.85,54988288128.57,48456341446.55,39445488880.83,23946370265.21,40510487158.21,23486974515.73,9337737984.58,11650914021.35,11472678339.70,11361199144.74,10931791077.46,10300934338.04,7350969109.68,9522389707.86,7208128891.01,7516224527.40,9335337471.55,5050448097.00,7552621450.18,7119950637.75,5581388083.08,5114188236.45,3295581908.09,4800319837.93,4906248242.59,3810357704.09,4055661219.77,3309872110.12,3772384578.72,2603772859.13,2928714161.30,2994628913.84,3678361826.20,2453984485.68,2845258103.96,3268832556.28,2829103055.66,3097252246.71,2839107040.45,5230342921.13,2868657526.13,2685852217.27,3505600111.38,2705266656.71,1642880954.78,3039180374.04,2537253752.98,1448724911.23,850662786.19,1909403846.41,3282698643.14,2842017816.29,1560826002.30,2412803250.42,1739254257.26,2585476828.10,2231231368.20,1765570457.51,2284955801.52,1429424222.28,1657289300.36,1840092002.55,1779501573.49,1471402234.42,961379286.52,1733713836.73,1252528959.58,1340917901.29,1604565826.03,245498625.03,1335994964.10,1173522122.07,734378602.52,1503657043.41,1387940220.39,711181754.96,1730509934.75,967658030.59,566607088.08,838132070.89,947532419.33,1288985799.00,1039806936.79,1262418992.85,830100542.56,1009419487.98,966915499.10,409723531.09,800226233.58,1048283558.04,814455337.06,916705563.94,994617491.46,388329277.91,617138536.46,747389693.80,740495233.41
2021-06-18,707557120660.41,272169467307.08,62844393671.64,54176720027.88,47191099431.87,38703950754.89,23941390632.96,39529200674.28,22175270125.66,9326735976.84,11243049138.24,11108027880.88,11008102850.10,10584265887.31,9794204850.11,7232594574.07,9266192227.66,6984911084.28,7286517078.72,9499063159.96,4999301637.33,7129465852.50,6902317482.89,5425421430.05,5205724374.09,3347506130.87,4625180691.35,4892419412.94,3658827065.47,3776317168.96,3149430387.63,3717660775.91,2558690150.75,2860400774.46,2927761765.43,3513883542.12,2445991359.33,2857887155.57,3200679601.41,2767509909.46,3049040922.70,2836136936.29,4267751630.07,2670767659.17,2718794614.55,3345686749.82,2579655000.82,1596651908.06,2966936294.23,2501028721.89,1376981874.45,810516061.77,1909511072.94,3009201542.82,3144745022.92,1493552302.00,2339149906.91,1654881314.45,2351495124.72,2153791657.55,1823314767.58,2222583876.96,1428422510.36,1569605635.25,1751183917.60,1675584207.20,1419410013.78,918432629.61,1653793506.77,1218213201.69,1259627031.47,1563287234.34,253929823.68,1297176735.55,1176456527.01,892164460.38,1438208891.37,1339680085.03,691262421.40,1667313214.06,900710637.36,542282200.19,799111033.16,896147301.55,1245995742.97,1011040260.77,1263053604.07,800597832.71,966818841.33,962711538.96,396447659.67,799772826.89,990021257.14,791579058.36,876300232.58,936988825.67,385334435.79,618450702.54,730790973.64,724335860.34
2021-06-19,672143369353.93,260574521837.90,62932927808.15,52555896641.47,45623620633.14,36702795093.82,24265699858.69,38093608403.55,21145300610.65,9450756902.31,10686358711.21,10729423867.15,10519782504.03,9885479950.54,9280762073.40,6887415423.35,8767144662.26,6717905378.43,6961931201.66,8994622303.66,5025935610.22,6603438272.47,6559370101.12,5269835804.09,4993386240.89,3329341688.32,4404570925.14,4932945940.45,3396888233.59,3777971555.85,2977117486.13,3444184889.76,2443423959.51,2740901570.57,2863803206.37,3420760868.94,2473052292.27,2730741566.80,2991794445.67,2608196300.43,2958275143.98,2708411956.24,3864101497.80,2551095313.84,2609602593.54,3220046440.02,2409368280.49,1494580360.56,2776461728.92,2374292705.68,1317852390.76,1783376655.70,1915700282.69,2795671015.98,3228527781.20,1436498315.12,2271414734.16,1580866421.43,2158436118.84,2019019379.33,1739842316.90,2126955677.02,1427662799.24,1475627745.82,1632613373.40,1567615513.20,1360483219.47,878771182.42,1587756575.79,1181672040.68,1188252353.04,1486418882.92,238781523.50,1239337001.50,1116362677.69,818317570.78,1363954850.37,1272322936.52,641954817.73,1602584985.86,957433048.65,475563994.49,793877305.81,857978359.35,1181129238.08,960817877.20,1187734259.82,751189441.66,923802592.55,978396052.99,401254701.83,790276977.42,942273122.05,756177898.97,821503475.24,909965129.77,365364990.02,620785079.57,687987701.98,673435145.49
2021-06-20,665430427179.38,253860831954.67,62832587620.61,51690234490.65,44801488402.34,34632431048.22,24399453796.80,36739639902.55,20301475161.75,9477511858.16,10347069350.83,10372257068.55,10154786976.39,9549311108.18,8890914431.75,6791423882.35,8592681533.47,6487887891.81,6743773640.41,8702807627.79,4973252754.25,6527396017.99,6334154715.95,5122542857.78,4849823528.19,3316378188.13,4250092105.38,4767759653.16,3311215353.09,3822168124.83,2846205107.93,3189738004.77,2396560754.01,2713598769.00,2845005907.82,3359810936.12,2459040469.32,2559021702.62,2882249758.23,2575644360.68,2883306972.29,2614919543.95,4251273927.93,2470348628.23,2541709724.56,3115977553.14,2339787953.33,1472160331.83,2652957688.78,2322437132.69,1291451758.39,1749785886.49,1915239147.71,2664167372.08,3062237728.38,1430434394.11,2230365433.23,1600276732.22,2043469994.34,1936577498.14,1658700364.41,2059324602.37,1430201654.95,1537898837.20,1702205518.28,1546566273.20,1339598765.06,858435089.01,1546901298.09,1156896320.05,1155906843.67,1441344979.17,231579736.18,1259797046.02,1104134471.06,865968548.77,1294787282.48,1251013507.40,629288475.26,1584605321.37,913251547.55,472641175.17,793816322.26,831248739.30,1145581730.51,938571332.57,1162917122.46,732898949.67,889998728.63,1003393575.73,386899151.26,791674906.62,911330969.73,737374913.63,780605407.97,886372907.31,346849348.29,620325469.74,657182795.02,643512866.11
2021-06-21,618024080064.28,234310670362.88,62867301636.58,48918422924.95,42501746201.43,32107108200.64,24524383976.26,33346797631.04,18110894795.49,9701097193.46,9470659521.41,9460085429.90,9276073578.68,8427426035.02,8336842878.36,6316361383.75,8165633742.76,5837666135.68,6289170569.76,7785310337.24,4969404249.32,5708639762.56,5809498446.98,4604788496.34,4443962489.05,3308961207.61,3865433349.10,4371652394.20,3051192641.37,3667939447.10,2561927749.37,3146110837.03,2250740226.60,2459606349.53,2697922872.93,3032613052.41,2410852947.98,2329107285.66,2657518355.00,2345957937.03,2642425218.99,2473095991.70,3873684741.69,2229057356.75,2346015144.79,2802557807.01,2153374685.47,1364318378.96,2355841413.07,2179091558.70,1181166392.58,1670928628.19,1911151392.11,2354275942.40,2982337896.83,1346281787.11,2149201869.14,1485136492.20,1917260407.44,1711378250.68,1533039806.21,1845286037.38,1427583768.62,1370381118.17,1637563922.20,1386004293.56,1300688611.35,729119717.28,1413929735.00,1073722239.94,1058001668.76,1293166312.26,205443351.57,1166632019.84,1074631288.49,791408440.55,1135299018.75,1215148400.90,550495620.37,1472909443.65,856860666.27,389323694.80,793689157.15,737014144.11,1054898009.44,814023565.23,1062127868.05,668021962.16,817925239.40,954801753.47,377932918.62,780768339.64,813624857.94,684476283.12,681251192.40,775257931.92,328605378.83,617775740.83,594364230.03,567938352.90
2021-06-22,600999555284.10,222752526769.54,62880010873.38,42007640349.31,38408322976.54,27509391483.93,25140835486.65,25222068726.33,15555845393.51,9748574738.10,8559222934.29,8438693274.50,8188948708.16,7301199302.81,7590172363.46,6155649049.63,7134994712.46,4900460719.74,5566689227.23,6492279163.02,4859584531.56,4951181288.03,4952322498.74,3930466245.50,3770667956.85,2938149741.55,3363273524.54,3717877420.30,2688647185.99,3183315678.64,2253605791.95,2561407596.43,2082082683.77,2311973725.37,2290287372.16,2583492755.85,2305449660.67,2210767368.85,2414450292.10,2191178076.16,2254622550.11,2292064225.04,3094992205.68,2017608316.02,2058964792.99,2247042552.03,1982068468.57,1230164122.60,2033269148.56,1904835713.03,1035123618.37,1492445745.54,1915218854.86,1858614309.18,2331857362.19,1175381752.09,1829056723.00,1363888551.81,1540253944.86,1416827667.48,1489527848.72,1641552756.78,1435162554.89,1321376823.87,1373302812.45,1192407074.66,1292999532.03,628136271.09,1247829128.96,1021992060.40,893508919.13,1152922824.49,186289714.04,1060685834.15,917267660.91,691082615.34,926969593.45,1049624612.05,500947975.46,1274112090.75,751273100.01,339066434.61,765656384.12,606800992.34,877448716.82,754933546.71,910662795.87,576209959.66,746201076.50,814531427.83,333781634.66,762940796.16,627268544.93,641784868.36,551862144.35,652598452.60,296826618.45,611904097.29,507018539.84,459629041.46
2021-06-23,635760161183.07,231893473900.25,62972471843.67,44702452394.50,40125053332.67,28921372797.23,25320899350.03,28383814879.86,16113811955.06,9844967431.76,9249883461.04,8832766895.34,8575357245.85,8172064341.44,7992772625.11,6474967656.27,7422171682.26,5074519014.49,5985156533.82,6958348163.84,4865591619.68,5068710871.18,5099604749.75,4404746236.35,3970445089.74,2894220773.82,3520888136.43,3861815288.81,2801178079.31,3365445341.00,2378495424.57,2834401803.16,2206387250.52,2348812597.60,2463634292.90,2624846480.17,2377846728.10,2327741374.10,2520028605.69,2299939291.49,2361355795.56,2413342731.07,3008940319.30,2125933504.25,2203441717.75,2354407179.40,2162338128.41,1376394558.42,2180534118.27,1957952859.82,1074792509.45,1615940202.64,1911086070.49,1866738955.99,2493381189.62,1170570994.97,1843109479.56,1410310183.53,1661291261.58,1530877875.77,1584936832.78,1711322699.91,1440943188.67,1363241103.12,1308566707.10,1299385778.69,1340565018.24,668958395.54,1295831128.58,1070023243.28,947352350.79,1266963793.47,192146094.14,1127578559.63,1016846086.52,694985642.34,973125584.30,1046153446.92,531082281.87,1322897529.67,798656197.20,379099835.49,777967136.31,643025840.84,910965060.05,829372943.43,936869775.46,605013649.06,809609465.83,834271033.17,336286870.20,742936946.60,643929173.21,670904438.60,583701935.00,691606317.14,293458906.17,609147731.23,538926847.75,494212161.66
2021-06-24,628344890363.14,227602095878.52,62982667831.01,46646329008.69,43051050043.47,30107289158.01,25528247272.48,30747508053.89,15870144535.55,9727245119.69,9090541191.64,9137069320.03,8796422276.79,8268965823.62,7987101668.96,6396918393.21,7439546677.67,5317966147.28,6054196187.76,6949909080.11,4942654962.00,4866794890.40,5039609909.87,4654487694.09,4643373456.78,2957447868.81,3651153632.81,3886417946.43,2614407360.35,3399459228.39,2332058557.25,2861854676.49,2214642054.12,2438415910.82,2519772114.62,2741290567.05,2308231011.05,2270454790.98,2578313703.42,2272548787.58,2449303555.48,2409813504.26,2966510734.38,2740728378.17,2281560479.62,2382660483.36,2000773767.71,1280998059.69,2216380527.29,1960872861.77,1046680067.81,1745663879.14,1912100108.86,1799324423.39,2467090439.72,1164916215.97,1838143687.98,1417067259.09,1565273819.66,1642911687.51,1620208431.64,1829272038.20,1413076265.28,1314150172.18,1307852506.51,1281635267.96,1334939866.69,678461049.47,1302665040.32,1049045967.13,974529453.63,1269568003.43,204123541.15,1108342880.94,1047014941.12,686863342.62,1018465784.70,1056778977.46,531903948.83,1285603190.41,931561308.72,421461522.38,863334011.31,675104773.68,911518410.99,828979332.72,877145797.66,602088649.52,824076229.81,824082802.15,345019537.94,744667268.00,722471007.26,671393335.17,617772668.40,729233606.78,279388669.83,609836426.14,553704732.89,501226126.56
2021-06-25,637182278361.56,224031601627.00,62855792951.84,45197924650.00,42788603868.64,29719538050.14,25546322300.89,33676926903.70,15493018060.92,9977385156.18,8906990339.27,8857193567.12,8750088576.68,8446654278.98,7919884168.03,6507715851.96,7231166811.67,5366490337.47,5965616742.03,6924219036.44,4935089656.53,4621124595.02,5056819065.04,4502252597.06,4656780533.44,3535252377.90,3594928620.23,3728825938.68,2565194480.11,3598384776.71,2318380377.35,2814967092.46,2215136360.56,2563228606.02,2439081236.71,2720940566.31,2271051056.81,2264620321.95,2622488572.57,2198699363.11,2395070192.78,2409272241.91,2921879752.64,2491522078.00,2222605520.28,2360632746.43,1940722821.31,1282696271.76,2187634973.00,1908751821.00,1029559076.73,1663342134.89,1909128397.69,1738502931.02,2388817791.93,1170112735.67,1734349566.74,1408857820.20,1719855856.98,1648709429.87,1607688380.61,1768918734.89,1410692122.67,1257178603.07,1338612359.00,1293931576.92,1360910529.82,718771369.87,1276781852.98,1041684090.54,943375619.54,1220051622.74,201946227.48,1094287087.88,1040408408.98,697752447.01,1012867726.37,1046465134.20,536525863.70,1255321797.98,1069078878.50,415505802.46,921279119.64,666912045.63,915797747.93,847771808.91,854618281.30,604223233.61,819870729.77,814665957.80,340555725.56,745137389.94,715235884.67,667013098.68,619216554.16,685360947.76,437460305.02,599916088.68,544534697.89,563658960.66
2021-06-26,593580581594.60,209340205680.89,62812013491.32,42764545031.70,39805448921.86,28103999261.34,25776783918.11,31408911119.91,14348108315.72,9943835924.05,8266853133.52,8366721865.30,8324193005.99,7796080594.97,7268239817.08,6053790291.50,6601033590.95,5070451590.94,5568886846.32,6410702788.56,4923649916.00,4063023555.51,4744793040.64,4290739620.32,4416043456.66,3549595025.19,3358189962.21,3504847987.40,2358485247.66,3591629855.09,2172333683.56,2785393406.04,2117897237.38,2393662572.97,2259023923.56,2568983440.24,2168858416.68,2084013381.36,2446269341.51,1978214725.35,2300805193.59,2242433687.51,2685605926.14,2359818151.21,2107285869.53,2178952199.87,1789129339.18,1179820737.05,2110385701.77,1755948839.47,917779933.54,1536707559.93,1915006124.62,1521760041.26,2160349275.20,1116692964.63,1704749877.94,1428653711.55,1459256026.93,1554553982.04,1552988818.72,1657697283.90,1423960705.59,1220252085.95,1345980769.16,1227207873.62,1261999281.78,664084923.76,1230515858.73,965397262.69,876886258.13,1145666985.88,193608567.99,1020419192.65,969353848.88,672578855.12,956151673.98,991437198.93,519896503.22,1166763112.79,1053094440.76,382027604.25,873480553.08,614213499.47,845228473.76,781275186.97,758954844.36,575569139.51,759466039.91,770554802.66,325010569.15,746311267.90,666682218.17,622785977.22,578270745.94,621731505.19,412350524.65,591729819.68,502844086.94,507864366.79
2021-06-27,619325528773.00,214583897719.21,62883894010.84,43035689556.93,40709472118.76,28305032617.55,25831573042.74,31937917931.83,14458807986.83,9978576885.75,8389102350.12,8595230592.56,8491444173.49,8223891871.38,7404790042.69,6308955026.30,6701304249.23,5157671302.01,5748882201.62,6520940988.18,4911584714.10,4238223283.98,4784985592.57,4426320271.45,4481142982.95,3561661941.40,3432749353.60,3602079714.00,2483546641.01,3687645215.95,2303709345.07,2762378908.26,2166906779.46,2546680061.09,2309370879.74,2591117665.70,2039759617.03,2135542197.47,2476272667.19,2011796692.52,2391874050.17,2097755102.05,2836993241.99,2398493971.87,2120336107.92,2163649466.14,1825080572.37,1248278999.79,2131873083.65,1790262081.79,950375731.47,1548423269.10,1913962763.62,1523116754.19,2195849943.27,1143028777.14,1724093289.77,1550106128.38,1484088729.83,1579398457.53,1554359168.53,1673941825.76,1433603541.75,1278160975.13,1350506804.36,1235152624.69,1317835909.30,684327580.48,1257310173.14,992250006.20,888339816.31,1145701261.92,199734601.68,1036289553.84,972061768.63,730787936.48,980679324.47,1013254677.10,542310767.12,1198476775.48,1051992190.87,401219967.91,882843548.05,620672960.70,852855145.53,675566145.49,765622154.47,646189423.95,773293085.78,790708837.56,334150464.47,745441667.31,690038654.67,635023654.78,613488553.26,635240529.71,416160925.88,588625167.04,506718492.39,514899879.98
2021-06-28,646892497608.59,233854233690.50,62827674591.20,44604719199.78,42465968639.10,29725200459.74,25970271432.52,33352241119.21,15086596522.59,10021244674.99,8908503214.74,9000419239.68,8796982758.43,8625231696.48,7948412518.59,6590354933.28,6981338640.17,5379342487.00,6021289075.43,6876513153.86,4920235723.70,5832132932.48,5071517531.49,4632708790.58,4648545845.33,3556956664.64,3607563173.67,3800178403.85,2683278193.08,3926881057.87,2762590990.66,2750141736.47,2237427797.70,2682504168.12,2429137704.11,2664484217.27,2217424399.11,2320151082.51,2600545735.87,2174293361.04,2475753039.61,2343416274.82,2881592268.38,2457239701.54,2200480802.61,2215294771.31,1916828151.06,1402477182.52,2222496001.34,1900137683.97,1022794286.88,1616253539.73,1911143786.98,1728081559.87,2249455164.93,1212582139.46,1841397746.10,1689614185.61,1685300742.70,1671250492.34,1584544463.28,1728864871.93,1408698607.20,1362514470.36,1381951607.42,1282964390.60,1379581224.37,728927905.17,1298037286.94,1084885844.81,934884260.91,1197948727.07,212521645.58,1092638448.15,1010506971.31,845674296.64,1017142831.74,1054761434.72,572069833.07,1264436106.56,1060823996.41,420853969.31,900244810.98,660455121.15,920995758.37,734244431.33,805883643.30,674987650.18,815863502.56,808941393.84,355390577.21,746244349.78,725482714.22,671331019.34,638470772.10,672271249.94,417958728.55,595149166.60,553021852.03,580651328.11
2021-06-29,661236895189.23,251936456310.49,62807932850.03,46555605905.45,43851354286.25,31250001930.13,25454483974.72,34105299622.98,16463209214.76,10097705278.97,9697913260.58,9984155778.19,9581404214.32,9322583882.97,8537417905.36,6846894634.70,7264178946.42,6505469379.81,6483822429.25,7243636376.00,4963877213.95,6655450313.60,5477401248.48,4845837275.20,4873329642.81,3541972038.51,3927650559.93,3940038171.51,3119343945.89,4382366091.93,3207806276.80,2848097675.86,2379338329.63,2850123497.74,2582838458.77,2911914623.96,2299861920.75,2491697697.10,2766387276.73,2292325409.65,2987739425.32,2609490619.70,2841147572.32,2603633949.49,2429449497.53,2472541685.61,2129421149.86,1700620077.58,2355742641.98,2002339945.42,1154617285.08,1709197153.04,1913068589.77,1983908519.49,2309854865.70,1470696539.61,1996073086.70,1761372670.54,1791053687.92,1852838119.37,1670841578.01,1832876488.04,1410728626.47,1503286912.28,1467624128.40,1341779574.95,1407081919.74,779974572.41,1441811843.11,1166609628.05,998559463.26,1350887752.35,233680438.78,1171799206.62,1101552077.13,933823476.14,1154557559.93,1102325952.70,585196537.05,1323197810.00,988506135.36,439374130.14,821402267.58,719132760.93,1044181274.35,787944662.58,861487515.63,697971779.43,880094172.94,829515069.83,399557894.08,746935733.95,834525181.14,727490096.07,723038417.76,734123420.40,418607827.96,602392065.66,610856653.08,617573885.99
2021-06-30,655200014156.66,250908233157.35,62700259954.75,45745753431.06,43159631714.81,31397596522.40,25264487455.88,32911950131.55,15916319235.68,10129278162.24,9431251423.96,9698781457.01,9478686662.69,8998617721.43,8312415734.04,6796500448.85,7141607334.91,7359561462.04,6403753443.95,6776822115.12,4999825960.79,6568998023.28,5736267046.26,5063282775.57,4745936751.57,2351639811.00,3870461042.94,3918511494.11,2974844441.21,4395620847.71,3200838839.19,1995038846.12,2512868130.10,2880654062.84,2547839202.90,2830831151.99,2308123003.17,2511554484.48,2687385990.39,2319761897.21,2775266856.20,2597155113.33,2755340524.80,2507828288.35,2437758036.59,2503710264.01,2130528479.57,1627915491.67,2273981968.26,2007853112.69,1109581345.14,1663882615.24,1912307764.94,1850496641.72,2170569978.02,1513084886.22,1989457348.25,1860822961.27,1792347773.98,1780574062.61,1633772304.48,1803202646.12,1503519059.17,1474509820.47,1642840662.69,1320673553.85,1401963933.95,788622670.17,1427385867.05,1191441971.34,1015324997.75,1424995780.75,279189623.84,1157374270.92,1104645338.46,900245540.70,1123273986.34,1081074585.63,568876055.21,1415122754.61,950471652.38,456707394.43,838353873.51,717158571.81,1026346232.66,808232027.03,830888987.68,667052837.67,872444890.31,822891846.29,393527363.31,749261610.62,891016285.20,721233608.00,770636538.61,753942985.14,412470529.71,613438605.27,596832757.51,603224854.44
2021-07-01,631150018295.26,250469834807.88,62701318668.61,44869055160.49,43069889249.47,30785386194.84,25230356652.23,32459181461.77,15578681123.38,10111694420.94,9541659980.66,9341103588.24,9165105334.44,9259738780.89,7918597635.63,6591349918.92,6951550371.25,6956727337.17,6246088923.61,6473893143.33,5164001925.40,6368618545.14,5570747735.34,4805803710.25,4670302867.45,2464991406.88,3785778233.91,3793407943.66,3101086693.43,4188292740.70,3121866464.86,2441606920.35,2496860982.79,2891339642.07,2465115633.89,2791198103.48,2351514725.32,2501631229.62,2623420288.69,2281895668.09,2676656524.42,2510310703.94,2736951413.28,2465403614.32,2440999249.57,2417002146.41,2363951490.00,1802142896.68,2227222547.88,1959301225.02,1098568707.72,1596240364.45,1910368221.73,1825574445.70,2041910535.37,1455745797.77,1950702377.55,1834287370.22,1716844154.64,1766492897.87,1722217648.96,1784914904.04,1506302362.07,1427410220.87,1573272059.66,1302183852.78,1349271309.67,795153529.09,1402663285.59,1221114482.35,1060652389.14,1384607949.16,307785569.83,1170809456.26,1111751645.84,1029053328.86,1167873661.57,1060388211.18,560915625.42,1510863241.78,889444835.68,455642757.25,842612484.86,726878128.67,1012524881.46,758932779.48,830979217.07,656121730.12,864987008.23,839253007.37,441470937.69,752945993.75,857664520.27,712792893.82,742437560.28,716453004.71,431434520.75,614938877.22,609604550.27,624050539.38
2021-07-02,625402803247.48,244169192782.87,62711874441.83,43768314271.46,42848486833.85,29846033236.96,25259392086.32,31675564544.95,15140669599.48,10350266567.66,9177806552.43,9156037871.19,8922386904.54,8945381852.62,7751334439.39,6535341017.06,6792837288.90,6703523813.19,6072982414.59,6069228887.59,5183862140.12,5882920465.17,5521332993.39,4767743156.66,4639038265.70,2570150465.11,3676502787.80,3713679722.80,2913763583.87,4118065611.59,3042275837.64,2443491862.59,2375693703.28,2803770705.25,2421973988.00,2730806807.38,2253226409.21,2441998471.78,2571848293.33,2286203637.93,2676600902.22,2592261030.31,2666550599.28,2407183126.70,2366986512.88,2418493282.43,2253140641.03,1779942473.18,2200874990.17,1883235213.17,1055094089.89,1561370066.03,1930059887.49,1766139721.45,1933018465.25,1443706976.75,1887641945.92,1744301840.96,1591984070.38,1727536186.32,1741619352.10,1752056439.14,1511228919.80,1374293964.41,1590310475.03,1263869258.85,1334880420.15,845594813.55,1357796851.65,1221464326.54,1015589465.45,1295010238.33,336538612.26,1122095616.89,1088773362.37,1128489861.56,1151942038.27,1045011558.71,553499354.55,1371898005.96,883122599.90,468834858.27,822238390.15,701550712.69,975378170.63,765637508.49,839327249.70,640882256.56,846301188.29,840727804.78,470953681.58,755403866.42,810358923.96,700899787.49,713724861.61,683051588.65,481184199.21,611235417.63,568817757.07,619679520.36
2021-07-03,648264042265.86,256714315267.22,62747111857.05,45413027003.90,45159920038.81,31017507562.78,25536367074.74,32257558592.65,15636097344.09,10656647185.01,9763188843.75,9520523763.94,9301520936.15,9483460234.14,8111460321.46,6768099119.21,7088362964.14,7281633701.11,6187202138.67,6239498748.69,5187453512.59,6318021682.40,5748569028.76,4988113520.93,4784465296.39,2671712521.49,3841328968.12,3844099206.17,3263862745.21,4287177803.46,3253943070.62,2517849769.78,2444918823.48,2990228725.13,2546516308.44,2804814530.05,2291894795.46,2579129705.50,2675201950.73,2415775843.92,2738274413.57,2717297645.55,2746313602.46,2509129787.11,2488018576.47,2599613524.76,2387171561.71,2006832734.48,2287596365.80,1968549091.10,1121740082.29,1778123808.75,1930824243.13,1868841713.98,1963134113.59,1571557891.52,1891640669.94,1874421616.10,1635768577.58,1775944250.97,1734921939.53,1783669510.96,1515917945.70,1437412969.69,1629665008.09,1289959012.26,1381850346.78,857893140.62,1418940912.60,1292646121.04,1055236543.80,1325841542.28,359269310.39,1170530154.34,1138324570.71,1311625684.38,1206725682.10,1084023422.50,575386077.23,1388501072.44,1029941616.36,504196935.88,887442960.87,728586729.57,1001846052.41,851897260.57,917147395.91,669944268.22,880879070.80,862322854.87,574802328.63,758864784.44,847756705.27,726258847.43,752090069.13,729681460.79,564009003.39,610678883.24,589482181.42,639871970.93
2021-07-04,665320615713.65,270495252536.89,62686076882.95,47158517128.47,46020232281.42,32045656827.58,25570700484.48,32419042672.40,15902051199.70,10646649619.39,10735886388.04,9794008220.59,9613853704.70,9529345596.18,8268724298.91,6935790203.31,7256491466.97,7382523510.35,6289353670.95,6329121348.77,5192450433.45,6664110475.45,5748374549.52,5053296813.93,4817592485.08,2716925544.46,3941775222.70,3974919564.93,3473572295.06,4353703332.95,3359070910.84,2523403380.44,2493271702.51,3098118031.52,2647182560.30,2876985035.65,2249365752.55,2727085877.15,2795901352.27,2412743226.15,2778018102.82,2943158320.06,2757082368.58,2551071518.29,2548634542.03,2656915557.60,2500738916.21,2188425399.26,2308528431.73,2048359519.58,1198497487.52,1962512272.43,1929812221.57,1878072704.73,2011648022.86,1684013243.94,1852680993.55,1890991785.19,1712599989.98,1806290684.43,1742074197.35,1820177211.49,1519970872.55,1500910566.86,1705030400.18,1307409495.10,1415699128.54,902537296.69,1430923823.28,1364848887.96,1107292732.30,1328963341.09,486837919.81,1195604473.66,1182479105.04,1327699115.92,1233251547.37,1108693438.97,590254110.64,1397387997.56,1030506343.42,552320689.53,888099460.72,758845105.47,1014364477.49,854622654.75,932752938.09,676112197.41,891135905.17,872371720.52,715013802.48,760762589.48,872135960.30,750421054.35,765093101.07,761348597.98,591169110.93,609935542.62,602578581.58,673348089.84
2021-07-05,643970287210.28,264458698677.50,62705161126.48,46519857925.82,45565884724.80,31299274556.98,25569917693.94,31642571627.92,15645762139.64,10710191428.25,10543819253.36,9683241234.61,9387328053.65,9228197320.97,8168722148.42,6720505962.24,7112598985.58,7137429371.70,6101906929.89,6170790146.65,5225785858.05,6269541416.38,5606286705.53,4903064879.51,4736786783.75,2820313466.53,3796740411.96,3818626816.65,3517934705.18,4227765118.36,3509771935.75,2812972954.16,2444215006.17,2992188375.37,2614970026.54,2808863236.47,2359261566.89,2711136727.36,2700059584.41,2297996629.86,2754046777.17,2880863353.09,2654563960.85,2579830740.30,2490867252.65,2582709096.95,2474224938.85,2346687973.23,2324884542.28,2093332480.28,1422417908.07,2168152834.37,1929198036.52,1824780093.92,1937950352.12,1698251205.23,1722572317.84,1783158781.11,1655075045.92,1779734479.34,1712731816.98,1794180845.90,1520300207.42,1459692186.07,1672577342.55,1287611159.81,1387417851.91,873110100.11,1380964176.95,1360064690.29,1058466552.91,1302202686.51,449475621.90,1162598491.74,1161350357.34,1395005044.91,1202269890.74,1080110108.06,612346544.97,1373053554.13,1039068885.83,525496028.49,907344144.61,741438416.68,985299757.13,847309597.87,912965630.82,669431742.14,872610572.61,860836767.24,697548366.51,766275029.36,842427954.17,750499654.40,743748379.41,734668375.86,664400327.85,617482655.08,591518557.32,655796182.63
2021-07-06,641207434029.14,269303808349.13,62696851649.99,48799922871.10,45667356268.68,30728574843.54,25644130951.27,30373086413.17,15764518067.54,10736238090.49,11577318953.46,9619470338.81,9231347591.80,9204271616.20,8586513215.38,6682824732.03,7095827110.86,7034557881.75,6037695763.67,6124571381.13,5225864710.31,6350621650.03,5518909612.45,4881695822.09,4660854675.37,3103543060.36,3718239648.23,3891916612.35,4194440414.54,4337285698.64,3673094701.22,2963063117.14,2615419935.74,3070605368.25,2896266927.51,2794287028.92,2541509113.06,2763075444.66,2810855358.38,2295370508.52,2692105043.93,2914560192.95,2652652808.42,2574837098.93,2428785025.11,2600524918.72,2652313137.53,2696912377.87,2363928966.17,2332177819.00,1895156290.28,2145001818.42,1931649766.76,1880504819.86,1905908682.93,1783283906.99,1749694150.24,1811448030.39,1911354608.09,1772718278.24,1662587602.72,1775826664.93,1531170576.01,1699722712.59,1632741911.85,1290218964.22,1359465612.44,890586624.02,1373077273.36,1396822252.27,1088814765.95,1293926162.33,576311175.95,1241344792.06,1162242291.00,1269188625.36,1198650958.12,1084015972.84,853960613.98,1314827866.61,1027742793.82,561689861.38,906605651.59,804608385.12,982074238.92,874435095.41,923021831.43,702628042.62,885289371.69,866586678.34,768082471.56,767277222.07,853499149.88,777675020.74,739784200.67,731053185.03,852546822.36,622115252.82,611582479.74,661683054.01
2021-07-07,650512509757.30,276029176518.19,62628393317.94,51581151009.35,45645715076.02,30911068284.73,25813289691.77,30499074613.88,16981176722.77,10774702639.97,11897191893.03,9841331462.26,9401847040.33,9574656780.66,9023614846.62,6810672723.89,7246232057.39,6999324830.15,6103858929.57,6260743260.50,5245791893.16,6352401580.34,5553755993.30,4948705771.44,4693637503.42,3174600639.49,3777159934.32,4014607168.35,4140354168.01,4341366440.44,3640498987.76,2974886839.56,2961937200.99,3053842460.00,3031707607.13,2846711817.70,2583880307.90,2891711730.60,2861555406.18,2599566728.90,2697709067.85,2925110298.82,2732309514.17,2575253702.78,2448718511.32,2669615080.74,2597838443.94,2553974436.88,2490003401.04,2347485807.11,1796026867.68,2082929124.53,1934495170.34,2131022169.97,1900312120.42,1738935165.37,1757267056.02,1816373278.23,1987575504.66,1787074435.25,1679646210.22,1788137729.80,1534069309.51,1750102499.20,1644684782.94,1442075251.06,1366359600.86,998267211.90,1406432081.11,1437727642.93,1234029343.79,1341945239.55,740177767.10,1304831082.94,1158559538.18,1229522538.80,1211881229.60,1096607056.51,1087093182.76,1296743445.74,1036291916.02,656657381.39,943842059.02,950784540.01,1000279887.53,943025148.35,963359604.33,845082357.63,949569237.94,879803541.61,719842956.14,764158446.45,853408651.14,801888087.02,749189591.36,761053433.81,763049877.00,622737190.34,660320488.18,677752270.16
2021-07-08,618551183073.12,254463247673.86,62626241990.46,48968661439.32,44015599910.69,29110938414.75,25925811633.92,27817495727.89,15737070612.40,10791083885.43,10817677858.54,9317548976.86,8848255538.70,9514385607.57,8275739602.30,6502539385.85,6834324866.66,6497898521.40,5757939857.90,6410888840.41,5249389517.85,5792460185.74,5116700248.51,4814142325.99,4436641406.44,3243431862.52,3517330400.57,3743019394.99,3860747956.40,4033551235.29,3370174803.42,3006061575.30,2829329414.43,2874115104.98,2815589212.42,2717761331.77,2595432141.36,2721918950.06,2724511710.09,2516481003.36,2614595251.32,2781642626.09,2696186727.01,2431233903.41,2278967730.83,2436481345.07,2436770974.07,2311557210.64,2308730041.87,2132738765.71,1597339927.61,1942893790.64,1933345533.25,1950606610.90,1958858072.80,1612250467.85,1729269616.46,1678710191.31,1802637902.31,1681144282.11,1594258502.07,1709058027.78,1524259364.96,1576447965.16,1564622633.90,1393683949.50,1316087983.41,1179554911.61,1314330105.56,1333632181.52,1218127958.24,1284492557.14,748501789.37,1198256990.41,1111162190.23,1115542332.42,1131005150.88,1042917520.86,923452461.77,1131248553.33,984048087.70,776688577.87,944523578.86,990951651.24,929405253.01,900221479.29,888568691.62,857173584.84,870742955.82,869407190.38,657488068.45,759918560.50,816970231.07,742797169.59,694954109.70,689511701.52,753273212.79,623192273.41,631726518.96,654901459.18
2021-07-09,619026438583.71,248050451607.53,62541309628.62,48090004111.73,42820977203.80,28722025182.53,26027099975.46,28170522212.81,15550079008.04,10808549737.01,10764271464.79,9193076869.34,8791391010.52,9042644194.19,8007464833.49,6504150002.75,6591174473.56,6365212471.02,5651732778.69,6024373144.49,5259670093.18,5443392618.96,4961820239.78,4699551668.26,4388289478.97,3269864202.18,3455641627.85,3698026380.21,3785768526.34,3967948012.03,3499031648.83,2994285161.50,3066195574.99,2937407512.90,2738223655.39,2663521432.43,2740866151.31,2631083206.55,2747535583.20,2534450696.39,2595932304.41,2716086285.32,2611923503.04,2404265717.52,2252147082.79,2395299484.19,2394483170.28,2207530851.75,2253180508.03,2115966481.14,1689168509.73,1947465286.49,1934538339.66,1877975401.47,1906335489.04,1694640899.90,1671624020.06,1610439786.31,1678554598.53,1640568426.86,1551787237.88,1674913692.71,1503184138.57,1543408984.78,1480050861.81,1305082498.51,1309110165.62,1131182897.60,1292169687.14,1327403911.04,1119973871.72,1232960942.90,688565324.05,1177954583.63,1099705954.61,1094805484.48,1093046879.92,1021898688.70,986299190.41,1045895098.89,975822250.37,664025437.77,938493079.96,848584097.64,905301466.33,888490700.79,858618783.62,881530732.26,840744558.48,869041419.06,862416157.49,759941597.36,792330868.69,728843415.30,665210460.05,670881961.39,654929453.42,624328403.19,706045628.09,632349338.54
2021-07-10,635610595758.58,248148999317.70,62532879435.34,48687318402.02,43096905962.45,29003444851.29,26129835410.46,28277097853.50,15589306095.89,10715518093.78,10760408145.17,9322925103.42,8901771572.53,9064249819.85,8007937506.66,6669642254.90,6608335574.49,6377420400.08,5681615898.58,5985670899.60,5258346884.36,5428893741.22,5028003919.08,4764977901.15,4449504896.17,4100510664.24,3912405993.88,3842432114.37,3851522296.87,3931010480.73,3713467703.22,3009363967.90,3368585521.64,3009614856.17,2828637048.05,2645221813.52,2754427098.14,2620172310.34,2774678137.46,2602062362.10,2601154930.14,2674493961.97,2643436913.19,2411796468.10,2313882340.98,2430243689.45,2422027844.19,2349914174.67,2241832797.89,2133347129.51,1768850878.78,1971862193.89,1936359848.47,1885763364.41,1884148294.32,1741432176.10,1668850302.04,1727751598.05,1681494180.62,1681100921.57,1545205575.15,1635866965.39,1519745361.35,1575487249.71,1478861688.70,1370908480.42,1348685466.69,1297322682.72,1299387774.25,1347330031.94,1222684201.09,1253517916.73,1001017215.79,1182871106.47,1132679755.71,1155762305.15,1100326737.88,1037053077.42,1006064997.09,1039400827.56,1017325706.57,878661180.33,923116984.77,958383564.62,903018831.11,914229162.70,860652750.39,878697012.27,848837980.36,872927222.34,891912727.84,758871300.89,793801988.36,740928446.72,684373389.24,681183313.39,634925111.17,633145111.95,691735812.48,632932150.39
2021-07-11,634228809105.59,247954565832.01,62556155897.97,49256675083.69,42999018855.00,29021346161.86,26166113941.23,27408019535.95,15567310551.62,10726543610.87,10593300444.62,9316166800.92,8978803301.11,8739580325.67,7995993165.95,6654663732.42,6557373544.63,6326871070.92,5706296772.49,5903326107.37,5258179218.32,5453667280.74,5014696438.56,4734247272.21,4417881796.35,4329444777.63,3796258764.88,3795080226.66,3789807179.65,3833780592.33,3972369857.64,3182889555.56,3511583783.25,3101192700.49,2925192339.88,2611869851.44,2755854245.49,2620749485.84,2815669217.86,2631428700.46,2605331132.36,2612601835.59,2610459289.25,2405666285.13,2356585802.13,2402908549.24,2414446205.86,2339458251.71,2225156684.97,2109162629.17,1777591591.28,2085565028.37,1935213067.62,1881846667.71,1843000177.15,1738329313.70,1678022136.47,1738170398.01,1677579930.87,1659535200.96,1542530851.59,1579821198.50,1512479608.97,1551645298.83,1423430061.62,1386022573.11,1299697969.76,1436841956.76,1305843044.15,1349868529.59,1251744464.08,1231085974.01,974503318.63,1196653171.81,1141803596.50,1131769451.36,1099542228.66,1026746048.77,1045176526.32,936983741.21,1028101032.61,949434785.84,922988363.87,983887220.17,897490988.12,913316173.75,901882793.32,852619152.27,836670552.71,860787610.95,873338199.34,759801927.97,772245732.44,738262241.09,685230567.23,677106227.47,647911092.04,629250679.00,661689392.69,625298057.33
