date,BTC,ETH,XRP,BCH,BSV,LTC,EOS,BNB,INNBCL,STO,TAGZ5,CRO,ADA,LINK
20200201,0.0166361462827537,0.012524482704242,0.0409169778017205,0.00204195325478886,0.00779703885960978,0.00325957492802847,0.0030837980867448,0.00889969631402643,0,0,0,0,0,0
20200202,0.0230869640814866,0.0124534767786453,0.0461395548908196,0.00181042227083522,0.0218030860779369,0.00159321077078943,0.0205988971844866,0.00883548186138395,0,0,0,0,0,0
20200203,0.0258102388256824,0.0129381779926139,0.0396360408794536,0.00212834217309704,0.00901571439551217,0.0772387321039088,0.0221297657393803,0.00949547267386248,0,0,0,0,0,0
20200204,0.024278508742488,0.0175960047185079,0.0382151257775968,0.00609703043350461,0.00157014638815788,0.0713385103622823,0.0016670871327964,0.00555941672182953,0,0,0,0,0,0
20200205,0.0255670230127044,0.0241450979059334,0.0168941043585678,0.00572351489532807,0.000279490368075319,0.00530933590672784,0.00310967854647671,0.0252892844187196,0,0,0,0,0,0
20200206,0.0221829610522079,0.0255452910202929,0.0451405392668961,0.00445435984394405,0.000000235443441593909,0.00442206629183741,0.00565396971346907,0.0117301064480308,0,0,0,0,0,0
20200207,0.0794277518527194,0.023712372889148,0.0291697829043804,0.00320908609391335,0.00191701696499553,0.00377084934689315,0.00298498907805318,0.0114134263234819,0,0,0,0,0,0
20200208,0.0650999139639378,0.0186429727505214,0.034163420275164,0.00282848587858399,0.00104474052411133,0.00306629428186942,0.0024322048669002,0.040593564891167,0,0,0,0,0,0
20200209,0.0260428200627226,0.0166068643637942,0.0458169604863161,0.00239400096474156,0.0019775878942739,0.00905542455351642,0.00379723084250795,0.0424714309596713,0,0,0,0,0,0
20200210,0.0380113340061375,0.0161728009047658,0.0272273729505021,0.00225633152035011,0.00221611879994487,0.00640477366608896,0.00279059904591634,0.0424182559006294,0,0,0,0,0,0
20200211,0.0395508588047001,0.0207905264902828,0.00876882979384364,0.00525887565365327,0.000913143807555469,0.0119414430569212,0.00344605039633459,0.036710600423224,0,0,0,0,0,0
20200212,0.0315713224925775,0.0241155642523964,0.00278594957920282,0.00324311483199443,0.00190330212105988,0.00886081263411385,0.00274003860611979,0.0186118954023129,0,0,0,0,0,0
20200213,0.0270666826305439,0.0282745553928045,0.00419622377754253,0.00523758829656635,0.000819417661035067,0.00675268558143555,0.00188356884795792,0.00916722229373916,0,0,0,0,0,0
20200214,0.0360362046975346,0.0224399773783168,0.00558586084761747,0.00499343917159548,0.0046296538002322,0.00174695042439591,0.0017813556490622,0.00984814199834769,0,0,0,0,0,0
20200215,0.06353378421479,0.01909710643364,0.0265576909497952,0.00501011218888394,0.00592683169568582,0.0144077707653608,0.00544709419002608,0.00591628386849592,0,0,0,0,0,0
20200216,0.057660223734592,0.0192277465724348,0.0301250130950991,0.00524249103231411,0.00585871479592743,0.0136214709379725,0.0118681419428361,0.0157909860541456,0,0,0,0,0,0
20200217,0.0392393438451772,0.0188499455265947,0.0367689366128268,0.0062866113732282,0.00542962345027557,0.0186471095540035,0.0124096312031834,0.00918819050297076,0,0,0,0,0,0
20200218,0.0261307356278642,0.0194475651568468,0.00379695225413172,0.00312191965048917,0.0033411211543456,0.0132026002324689,0.00843551397940307,0.0287365214864508,0,0,0,0,0,0
20200219,0.0307983614182637,0.0174574310754751,0.00210827408198062,0.00126567072036788,0.00683796454749851,0.0108333504008311,0.00187064916327264,0.0123030398983822,0,0,0,0,0,0
20200220,0.0304910693477883,0.00506055570114629,0.00235986677637356,0.00383324591295066,0.00701936273460699,0.0125749024928844,0.00221530188978662,0.011378703250331,0,0,0,0,0,0
20200221,0.0418911943287354,0.00723597664849603,0.00242100967432876,0.0019030639383311,0.0107950931580246,0.294977856822959,0.0028395152762625,0.0146244812841581,0,0,0,0,0,0
20200222,0.045474793862951,0.00769702539333134,0.00191639662029959,0.00227416214821156,0.00773503819509847,0.0153357338209469,0.00355047359362237,0.0148106096923436,0,0,0,0,0,0
20200223,0.0349466737731103,0.017811627962683,0.0019197353356237,0.00231571935999718,0.00789208188708541,0.0156033389299578,0.00317684455988811,0.0144867681935745,0,0,0,0,0,0
20200224,0.0361430112051171,0.0018056826562888,0.00192316804217668,0.00312948040804692,0.0080633319793203,0.0150874422565025,0.00422473718302528,0.000406336876872065,0,0,0,0,0,0
20200225,0.0229488811048442,0.00170120125833964,0.0480763749333399,0.00462104537459532,0.0130002569716061,0.0293311673158597,0.00303734554709811,0.0188803623960041,0,0,0,0,0,0
20200226,0.0156529864948096,0.00324836408931103,0.0442277309775359,0.00406510434769164,0.0271814090163241,0.0426388066079418,0.00654381836028453,0.00900522126299454,0,0,0,0,0,0
20200227,0.0130421388403918,0.00304072396419802,0.0208853760598094,0.00367941643722812,0.0123714399606567,0.0425386316964415,0.00731955499181912,0.00715648306511916,0,0,0,0,0,0
20200228,0.010933456404915,0.00609086767817778,0.0442524213438419,0.0247043438150675,0.0297131204335282,0.0398930448917978,0.0068435379884689,0.0194768209995098,0,0,0,0,0,0
20200229,0.0268155612228239,0.0030650381082527,0.0379859395095333,0.0245380852612349,0.0294511815193551,0.0421810242289277,0.00734169066736425,0.0150319763706138,0,0,0,0,0,0
20200301,0.0117590803111671,0.00294452361490387,0.0405831459095693,0.00413383069760819,0.0165996218252179,0.0425830815306913,0.00725143936492874,0.0138012392742962,0,0,0,0,0,0
20200302,0.0120333873786225,0.00308371831283976,0.0182434135024162,0.0241892591781877,0.0292819089996045,0.0426185815480813,0.00743311789250762,0.0112851412040565,0,0,0,0,0,0
20200303,0.0129088256365198,0.0307257311825486,0.00242645518742202,0.0203642039097302,0.00876300880956915,0.046630125749002,0.000442263767153875,0.00233095847258378,0,0,0,0,0,0
20200304,0.0119621998272746,0.0316082845481988,0.0490517112122763,0.0208387318853248,0.00861385128073301,0.0413816876410204,0.0132502180655689,0.0055297981977988,0,0,0,0,0,0
20200305,0.0174830157011567,0.0342931877310546,0.000592357906250768,0.0128868471056535,0.00994386895844892,0.0394574401560263,0.019717318779753,0.012390045085929,0,0,0,0,0,0
20200306,0.0179767371739235,0.0384710961188783,0.00106009438798495,0.0170623330469173,0.0281020027521326,0.0326826359971609,0.00215884510301699,0.00762551147844792,0,0,0,0,0,0
20200307,0.0262150643783255,0.039186152142931,0.0033347892235503,0.0183380704121355,0.02692840278959,0.0222897122445889,0.00606262741016251,0.00509382220428641,0,0,0,0,0,0
20200308,0.0162661551015635,0.00452696508391481,0.0033198325127507,0.0355131310482671,0.028966227985153,0.0195439016393925,0.0228548125842272,0.0160245765454736,0,0,0,0,0,0
20200309,0.0204123433752137,0,0.00374392659358445,0.0350986986423306,0.012903037113376,0.00616733425519525,0.00390992198140482,0.0194114510931208,0,0,0,0,0,0
20200310,0.0143936637760159,0.0203990479744382,0.00913112078840892,0.0702559279856064,0.0134003273257853,0.0249062373467781,0.00393468722097687,0.0173635582180048,0,0,0,0,0,0
20200311,0.0152507387502166,0.00750292477348725,0.00659770186413477,0.0652050482667108,0.013958506478421,0,0.00105878366262121,0.0140487872619205,0,0,0,0,0,0
20200312,0.0245507152147134,0.0756036451056223,0.0272886470179745,0.0256836055178699,0.0245886511086673,0.021071416967071,0.0072220944562922,0.0130344780749271,0,0,0,0,0,0
20200313,0.056367117440451,0.171040735443529,0.00510018678260277,0.015757667566635,0.00266951552409521,0.0242339017138936,0.00592162185339975,0,0.00535573696555489,0,0,0,0,0
20200314,0.020597054915999,0.210760624650964,0.0445948766853511,0.0248175686692791,0.0082845603719165,0.0232761623708082,0.0037522588085499,0.0245330933906375,0,0,0,0,0,0
20200315,0.0269186962025235,0.0419557727204678,0.0133220053006786,0.0195902394201909,0.0111141865780409,0.0229628071636497,0.0110241984456438,0,0,0.117785992551851,0,0,0,0
20200316,0.0276613623303973,0.0395335845354306,0.0467122244076249,0.00980334829631583,0.011270953069547,0.0529905364859686,0.00991537238126286,0,0,0.115817739548545,0,0,0,0
20200317,0.0509999422599677,0.0731416110769441,0.0171749544347761,0.00335585425874277,0.133562340044336,0.0329705819301494,0,0,0,0.0297130045221458,0,0,0,0
20200318,0.0143387320734751,0.0627436089862355,0.0222464669612938,0.011783308051218,0.00217785991942722,0.0953597389886703,0.00798098033053318,0,0.0140491013718838,0,0,0,0,0
20200319,0.00538831007625044,0.0123449940035089,0.0518190464134242,0.00593468697769474,0.00918616439228775,0.0514868718333505,0.000595523952948704,0.0225196408756354,0,0,0,0,0,0
20200320,0.00367934685901978,0.0190418700151538,0.112611673618414,0.0312536061491491,0.00386472569884161,0.0489601849652681,0.0189178723242712,0.0201227856737925,0,0,0,0,0,0
20200321,0.00400927774686618,0.0186204287390448,0.141085956247328,0.0624646126020589,0.00976458743674174,0.0456402782684779,0.0127605325516369,0.0197246490935054,0,0,0,0,0,0
20200322,0.00404473676527071,0.00665705016257739,0.034312634969472,0.0695027728344776,0.00960567656922288,0.0588334340031671,0.0136715012366819,0.0198143857820746,0,0,0,0,0,0
20200323,0.0111767726322057,0.0342026043424571,0.111729867499629,0.0461973311012096,0.0122991785495207,0.0239673147289277,0.037178039277839,0,0.00317480674869353,0,0,0,0,0
20200324,0.0727075793895931,0.0167580774039718,0.109627816937228,0.0504971097576798,0.0275071741267022,0.0276879503521838,0.0132890543146642,0.0255725496144258,0,0,0,0,0,0
20200325,0.00539138829894018,0.0303322566062444,0.0333144035283611,0.0436617372843958,0.0272905060255667,0.0497647041322784,0.0127394654402326,0.0296602436569821,0,0,0,0,0,0
20200326,0.00333976939935833,0.00300086798210372,0.0516451536551277,0.0437929864283128,0.00924026452180791,0.0300145430456821,0.0144091503726609,0.0254039912191233,0,0,0,0,0,0
20200327,0,0.0067057003868647,0.0473052007068405,0.00595832739514245,0.0112709881011793,0.0290140858715846,0.0062793222010094,0.0239469012532353,0,0,0,0,0,0
20200328,0.00737680142537238,0.00827565523725219,0.0445738012251932,0.0067068997034831,0.00980044821161147,0.00367926283320347,0.00690014345843634,0.0259071786701301,0,0,0,0,0,0
20200329,0.0054394275862458,0.0312796594997061,0.0265826794274555,0.0600944045974083,0.0381651211478925,0.0198207594166659,0.00936151680008768,0,0.015561244850702,0,0,0,0,0
20200330,0,0.0381470135228035,0.0468787325868355,0.0595217416602543,0.0139841947501209,0.0290488446104105,0.00931690095788038,0,0.0166623772867042,0,0,0,0,0
20200331,0.0056398611244472,0.036227185541965,0.0526718929051375,0.0604601654952077,0.0105682530122808,0.0329158351074137,0.0102744274261766,0,0.0155992468584715,0,0,0,0,0
20200401,0.00134185209089375,0.005427740161878,0.0577587859155533,0.00567053510833723,0.0106534472597071,0.0669993406704256,0.00739587632858344,0.0241295618274543,0,0,0,0,0,0
20200402,0.0460634540140902,0.00687831712136989,0.0585958408889189,0.00446264297091421,0.00266002918825947,0.0454575871646651,0.00520287240358011,0.0239501942477498,0,0,0,0,0,0
20200403,0.00241447349107513,0.0580149025163917,0.0411365157697623,0.00493099394882589,0.00990146978612574,0.0437195956532816,0.0465726071630487,0.0223850518641613,0,0,0,0,0,0
20200404,0.0489849165289655,0.0263506269583088,0.0307290762100265,0.00498312957417256,0.00702695602291124,0.043108519313767,0.00618783109110553,0.0237463596380814,0,0,0,0,0,0
20200405,0.123739668807842,0.0270778427077011,0.059308193641872,0.0454879079751355,0.00707559693188661,0.02165562457398,0.0145837403366693,0,0.00702227851161371,0,0,0,0,0
20200406,0.0677023330855904,0.00825877935230277,0.0533846934577502,0.0201149705457338,0.0307081776743269,0.0440366168861841,0.0608848109673613,0.0355088696324953,0,0,0,0,0,0
20200407,0.0563470937512906,0.0169672656955769,0.0316972749804242,0.00289947597088511,0.0103934402326839,0.0477889163042533,0.00503622637820222,0.0295345917735058,0,0,0,0,0,0
20200408,0.0135995612805001,0.0471228851831723,0.0606581837780932,0.0461605824661759,0.00999310043746221,0.0118198703506895,0.01417103524402,0,0.00145667937110943,0,0,0,0,0
20200409,0.0165336639084332,0.0246136280463299,0.0538997629794802,0.0932519873792396,0.0150417285303575,0.0273123916587393,0.0213766319088881,0,0.00156323900337531,0,0,0,0,0
20200410,0.0163983697048268,0.0541399713678108,0.0299339909432576,0.0822952993075435,0.0101992750366242,0.0277177667396119,0.0155283851766741,0,0.0199498753757511,0,0,0,0,0
20200411,0.0135241344832383,0.0304642607704989,0.0250565548803792,0.0373307150794589,0.0095179121594602,0.011702351681892,0.017679985122659,0,0.00797267136364336,0,0,0,0,0
20200412,0.0477658687089113,0.0384481855527042,0.0136854890772303,0.0725421384448194,0.0179492242909367,0.0265144325201785,0.0112251407690116,0.0156959574594966,0,0,0,0,0,0
20200413,0.039423678641536,0.012505685012878,0.00552982834046761,0.0254429583280083,0.01704482683267,0.0276687792023836,0.0115787339229363,0.0222517316903887,0,0,0,0,0,0
20200414,0.158789740603398,0.0233209368561479,0.0429683728550668,0.0294437813398156,0.086206568275491,0.0428181027127012,0,0.0255960775846862,0.00810358762477132,0,0,0,0,0
20200415,0.132447395165879,0.0654376689703668,0.0233005025402552,0.0257305035130973,0.106616180178973,0.0355054928236841,0,0.0197082632781173,0.00760754256876125,0,0,0,0,0
20200416,0.259944684572518,0.0164815115957115,0.0500514976781351,0.0440155841488927,0.00362205165662659,0.0239977579611138,0.0451931845448139,0,0.00579268520182662,0,0,0,0,0
20200417,0.0996393073504358,0.0441279877115466,0.04448527560407,0.0740842500895212,0.0113125648683219,0.0419606634361178,0,0.103494954611996,0.0059939568226039,0,0,0,0,0
20200418,0.0633819368285834,0.0672554776547876,0.0508245820291818,0.0592268722120567,0.0154268621952854,0.0427893938449466,0,0.10300586586468,0.00676503802061214,0,0,0,0,0
20200419,0.0946071902683857,0.0537858690447265,0.0396069676998679,0.0291162287152319,0.00103800989944913,0.036529659077252,0,0.102926946468072,0.00732544635414193,0,0,0,0,0
20200420,0.158408417132881,0.050341942312755,0.0545854818116253,0.0338283853456898,0.00134176595389428,0.0884859696519665,0,0.103301002837043,0.00497293565465263,0,0,0,0,0
20200421,0.273553547475119,0.0458151694509872,0.0532291648930045,0.0166734461345442,0,0.0877922909020553,0,0.0461608103948982,0,0,0,0,0,0
20200422,0.162519173278731,0.0416257044378401,0.0545738007415148,0.014884932737782,0.00325040305466202,0.0710530777617646,0,0.018170296822599,0,0,0,0,0,0
20200423,0.164174902562808,0.0246402052998584,0.0538690463744912,0.0155500024499937,0.00270601105322004,0.0829990907613312,0,0.0420783905717144,0,0,0,0,0,0
20200424,0.138757708316225,0.0293103372550153,0.0126728252947197,0.0163763733239037,0.0037954699794956,0.0350747264837478,0.101921906878192,0,0.00549010743171964,0,0,0,0,0
20200425,0.165528399210296,0.0249159166313159,0.0370514626983259,0.0144195482667888,0.00719941490026249,0.0695258655682294,0,0.0469633898156148,0.00405933121397763,0,0,0,0,0
20200426,0.165340776658526,0.0227002258734711,0.0638375623983693,0.0167530312230678,0.00213856146805879,0.0521913629561794,0,0.0560118401440692,0,0,0,0,0,0
20200427,0.168167225328639,0.0238900826455572,0.0305684031438366,0.0148838439450077,0.000295133166380776,0.0758061025535718,0,0.0183908087818276,0.00764351769992418,0,0,0,0,0
20200428,0.119958806422923,0.11034406070478,0.0136391707321244,0.01852036781885,0.0180785649488308,0.0389565173826111,0.0284652146995906,0,0.00321771834391881,0,0,0,0,0
20200429,0.121633046247881,0.113391532088716,0.0072161662385274,0.0290744101741135,0.0181942473331572,0.0250293109369045,0.0731724794628185,0,0.00353229231529248,0,0,0,0,0
20200430,0.157131419268261,0.0156166106370916,0.0143834797448733,0.0327585483278342,0.0708404939159434,0.0375131059065836,0,0.0143643412421088,0,0,0,0,0,0
20200501,0.0510979133260359,0.00352958859261682,0.0309007564877144,0.0248280576148624,0.0713704450306227,0.034592588322668,0,0,0.00296737674187412,0,0,0,0,0
20200502,0.0732795216274044,0.0387765461237439,0.0682819356736455,0.0183140530843918,0.0815370618958659,0.0420836569194504,0,0,0.00267731368690015,0,0,0,0,0
20200503,0.070313935333689,0.0471838212432953,0.051654366142877,0.0199864330030538,0.0774309658531,0.0282343445856788,0,0.0058997152081144,0.00307166230322506,0,0,0,0,0
20200504,0.149657360397375,0.0527748266404207,0.0611714456369057,0.0192841867942738,0.0765420924272772,0.0283805483926647,0,0.00258451755227576,0.00732147024957533,0,0,0,0,0
20200505,0.145969809347654,0.0464675298283398,0.0269562731103315,0.0189600556837605,0.00220173873867171,0.0246850087074164,0,0.00260681796349197,0.00275130286130157,0,0,0,0,0
20200506,0.0806482167791847,0.0355799566552096,0.0957791505727934,0.0197162138947704,0.00679821135640621,0.0415074382710863,0,0.00328307688057294,0.00569308080175912,0,0,0,0,0
20200507,0.060967957751531,0.0296982393963847,0.0190902548786513,0.0188496214724258,0.00747457022364591,0.0348986481538035,0,0.00837357277755693,0.00426257546297292,0,0,0,0,0
20200508,0.0277925922298961,0.111256347406866,0.0733081503113628,0.0210832599639278,0.00575085676094491,0.0458096992961572,0,0.14849237519524,0.00685963739596436,0,0,0,0,0
20200509,0.0289658106219171,0.0408898413719572,0.0688103749198188,0.0109424977841068,0.00618918301514769,0.0207855421365572,0,0.0158290787751539,0.0033783260036679,0,0,0,0,0
20200510,0.145958252380436,0.0198411984187865,0.0368615943684406,0.0296706913466571,0.00370653789196429,0.0539234594940947,0,0,0.00043050748982254,0,0.0196452693629841,0,0,0
20200511,0.107006796929157,0.0691346890414609,0.0424671644940569,0.0166443854492808,0.00773595867448724,0.0505919266264167,0,0,0.00612179543204163,0,0.0192736458903545,0,0,0
20200512,0.092247885193108,0.0823921935579164,0.0133032297496371,0.019545418990973,0.00590026906184464,0.0774945231176148,0,0,0.00231839698176711,0,0.00513908078318492,0,0,0
20200513,0.0687989512197329,0.0613973406414509,0.0139263328403586,0.00898962941147345,0,0.0707692714151742,0,0,0.00282745880254974,0,0.0198782697800931,0,0,0
20200514,0.0124724305453988,0.00370638989654443,0.0101665306364364,0.0175045435733152,0.00881539203771233,0.0703702649941968,0,0,0.00205699113618659,0,0.0137968209599504,0,0,0
20200515,0.00842444918888691,0.0225526298238771,0.0330817493274779,0.0201186821909541,0.0121415060921917,0.0183351021032835,0,0,0.00303845758921088,0,0.0120470001046744,0,0,0
20200516,0.00391594892091371,0.00745070693514222,0.0333655148126498,0.0256334424274072,0.00585254362133398,0.00465973888377945,0,0,0.00299330269736035,0,0.00905974724068148,0,0,0
20200517,0.00364105866674483,0.00295008320045949,0.00462831470592779,0.0307086704856569,0.00375866451317102,0.010495921732193,0,0,0.00316594811527755,0,0.00888959267410183,0,0,0
20200518,0.00405229609694315,0.0378420876399817,0.00202558573683749,0.0194657703072685,0.0107674397940762,0.0260927985994886,0,0,0.00614653087869823,0,0.0127768481969939,0,0,0
20200519,0.0811796750343194,0.0421445091772287,0.00417191629810933,0.00802795896499383,0,0.0284309741999475,0,0,0.00162009516319064,0,0.0155050826110578,0,0,0
20200520,0.0828568086813428,0.0436764660286305,0.0038246119873811,0.016103565553781,0,0.0277590914303031,0,0,0.000953919259534935,0,0.0143130495473258,0,0,0
20200521,0.0131469153005227,0.0911765247691434,0.00543748988448112,0.00955005326595082,0.0327766421348027,0.0224686664317151,0,0,0.00434387880910795,0,0.0502394814423855,0,0,0
20200522,0.0144257648896001,0.0259272578302841,0.00589348386163173,0.010323545017183,0.00731217393713096,0.044225189511664,0,0,0.00341527828345872,0,0.0445629711630112,0,0,0
20200523,0.0167106426955423,0.0274660071612509,0.0148612956238614,0.00557490935359335,0.00424148470042292,0.0390900998852315,0,0,0.000798277081340544,0,0.0426179043881043,0,0,0
20200524,0.0139181875693398,0.0448975882213834,0.0100356197932362,0.00705971718021217,0,0.0168631662070323,0,0,0.000867741243083846,0,0.0311576462237556,0,0,0
20200525,0.0177806720250104,0.0774880080848925,0.0167272265936058,0.0092838567684701,0.00350973450517115,0.0400967997545294,0,0,0.00135385306784156,0,0.0277555315665259,0,0,0
20200526,0.0597989235503862,0.0145318512350276,0.0079854068034163,0.00303311880962116,0,0.147184415857611,0,0.0474681434651256,0.00303833963485304,0,0,0,0,0
20200527,0.0227392234754909,0.0259493199254988,0.00667043545973395,0.00461952591295981,0.0116718907915237,0.00778537446428254,0.00695788314050608,0.0279370135903112,0,0,0,0,0,0
20200528,0.00248501362102872,0.0265683189672101,0.00954747296888526,0.00534179212514825,0.042515118228249,0.00882717473784761,0.00515047110992421,0.0256417056633579,0,0,0,0,0,0
20200529,0.0026148048417932,0.0360411633276242,0.00709911297519739,0.00709054464908588,0.0367405373052497,0.0021976951233077,0.00829175363492542,0.0095163720440448,0,0,0,0,0,0
20200530,0.0288989688553402,0.0325835298196337,0.00888034118402022,0.00376065764937085,0.0162661223064945,0.0107879203375779,0.00733344772155399,0.0100093341750826,0,0,0,0,0,0
20200531,0.0280715092478104,0.0295479227212055,0.00483110283439605,0.00126396466892061,0.0209048423019988,0.0123044779518754,0.00691519685083236,0.0126376001667264,0,0,0,0,0,0
20200601,0.0272772267830468,0.0247295332890283,0.00407981931762193,0.00424257259770731,0.0198950444104618,0.0032384563284656,0.00206250621324101,0.012530558296925,0,0,0,0,0,0
20200602,0.0285869709215928,0.0599625182616526,0.00605215263160796,0.00384142283618953,0.0156147492495207,0.0033406696621877,0.00289060015611928,0.0174870749855329,0,0,0,0,0,0
20200603,0.0041197266002108,0.0417349678658555,0.00318957523452026,0.00265163566441671,0.0395935423285574,0.00622966729570091,0.00328201665590154,0.016760419445896,0,0,0,0,0,0
20200604,0.0263425495726298,0.0404612322583154,0.000996148957579804,0.00146131920234081,0.0152529573075693,0.0742143132200178,0.00117823907248037,0.00952812193149246,0,0,0,0,0,0
20200605,0.0032185301110392,0.0364746819273738,0.00467239450044679,0.00838265922386257,0.0144322769111661,0.00207281401860054,0.00264436802705493,0.008659348471246,0,0,0,0,0,0
20200606,0.00332864748758123,0.0374758636373157,0.00513053803650911,0.000903415135794629,0.0356428704940984,0.00143459430872004,0.00792606969127268,0.00822966267354059,0,0,0,0,0,0
20200607,0.0029418355555249,0.034667987942857,0.005009246777114,0.0110374090374765,0.0146669714701526,0.00127871637219099,0.00768876100073626,0.0129191064545385,0,0,0,0,0,0
20200608,0.0353110814554154,0.0445673766069614,0.00306589454063014,0.00243158195571887,0.0119754416608879,0.0107902813060457,0.00769392539257742,0.00667142533133315,0,0,0,0,0,0
20200609,0.0327626523698389,0.0498690102159108,0.00310721411673489,0.00242134675476147,0.00690549715910374,0.00782367979134566,0.0104858979785555,0.014110405636776,0,0,0,0,0,0
20200610,0.0088906898932285,0.0261069767823696,0.00306736046541382,0.0025415387721296,0.00671433351210125,0.00788872341704552,0.0087207498040862,0.00464884003110706,0,0,0,0,0,0
20200611,0.0107951523083383,0.0342455451497547,0.00839044079688314,0.00926586419724299,0.00500823433202872,0.00637606476449719,0.00654338713045934,0.0134714976641059,0,0,0,0,0,0
20200612,0.0477778916954116,0.0376744825543764,0.00108179846850843,0.00372291427551285,0.00667307661873853,0.00900842034469774,0.00652531507737082,0.0224111898742363,0,0,0,0,0,0
20200613,0.00778185023727557,0.0380289571075185,0.0000736937684892376,0.00296286742184474,0.00744196140505194,0.0087270689872066,0.00651185311019191,0.0216846405891266,0,0,0,0,0,0
20200614,0.00741198329298071,0.0361058850795371,0.00549746323646303,0.00289804986656143,0.00817341152689247,0.0121977436964055,0.00698256184236541,0.0237439751847749,0,0,0,0,0,0
20200615,0.0213234627583823,0.0127325244934269,0.000983009128584957,0.00681555486762581,0.00311583448036773,0.0140235555291397,0.00164727166143771,0.0299358810117946,0,0,0,0,0,0
20200616,0.00908959742983181,0.0155948706745458,0.00339438833481799,0.00608046443229088,0.00334238921610383,0.0196105532519234,0.0106406050444646,0.0319930568660799,0,0,0,0,0,0
20200617,0.0097214836355076,0.0188986189850234,0.00273553660347825,0.00622076992931996,0.00315329772236339,0.0087101924903339,0.00962661178034734,0.0015459922203553,0,0,0,0,0,0
20200618,0.0120818489936687,0.0164953660263021,0.00747920599680971,0.00642214046595631,0.00416101281096063,0.00886699969129084,0.00137668371626361,0.00516052901430713,0,0,0,0,0,0
20200619,0.00980453722360096,0.0158251383840507,0.00361984367990558,0.00606241444124797,0.00461874714716718,0.0092120712641311,0.00118967055624834,0.00542731666298574,0,0,0,0,0,0
20200620,0.0123764347275111,0.0124006918039645,0.00405090361233245,0.012014390191077,0.00369565103470716,0.0132022376014361,0.00787292939969964,0.00553608174849626,0,0,0,0,0,0
20200621,0.0109734024229695,0.0119948280009395,0.00281214808884565,0.00862409264203997,0.0050216374368004,0.00983480815613127,0.00824140518383229,0.00253810755548207,0,0,0,0,0,0
20200622,0.00775943428237395,0.0186401709698612,0.003027562773889,0.0064598430550445,0.00298731401423211,0.0100937815711739,0.00826429176384213,0.0119519978636015,0,0,0,0,0,0
20200623,0.0137550246061342,0.018223629480996,0.00730313950936191,0.00227217270302891,0.0034263043593446,0.00582282211019202,0.00809617209717678,0.00639910730008541,0,0,0,0,0,0
20200624,0.00654278608417141,0.00860868300225313,0.0025417399185058,0.00605846737987818,0.00410500532015065,0.00637163592581699,0.00812634704520602,0.0197312870297794,0,0,0,0,0,0
20200625,0.00722969944750517,0.0126209225758603,0.00229711655106941,0.00522554746902267,0.00649217980123853,0.00895962590498483,0.00883953207582018,0.0168352872867481,0,0,0,0,0,0
20200626,0.0109963880987934,0.0151925072931031,0.00315334239817917,0.00528208858483043,0.00602538249325337,0.00644264393700261,0.00453564869505614,0.0295518844340325,0,0,0,0,0,0
20200627,0.00712588825334194,0.0185837203772544,0.00400308710319829,0.0087948465987644,0.00290468400586582,0.0136829721342699,0.00857452209091117,0.0120572384103959,0,0,0,0,0,0
20200628,0.00750221803536305,0.0181118388153653,0.00211282251420858,0.00949079948972128,0.00252991006649131,0.013022576472627,0.00862691460254155,0.039365362272123,0,0,0,0,0,0
20200629,0.00439437897537932,0.021191698562627,0.00594386192026747,0.0013473380694651,0.00900097079707083,0.00798132853066013,0,0.0251957864595574,0,0,0,0.00413812307998035,0,0
20200630,0.0130425103476163,0.0115288033868372,0.00512497715732577,0.0018738470355577,0.00907273194363328,0.00994496924610591,0,0.00242154087099211,0,0,0,0.00669111438055398,0,0
20200701,0.00665969524119969,0.0410577532488946,0.000192837082256986,0.0237741887451378,0.00194498741296048,0.0141425420899918,0,0.00877034272900305,0,0,0,0,0.012158216175585,0
20200702,0.00931094703140307,0.0320627586565354,0.0238427253123958,0.010669571776261,0.00312246244785255,0.0147370761951646,0,0.00243161604675037,0,0,0,0,0.00638322318722167,0
20200703,0.00910577104751516,0.0337418239930868,0.0217263733041702,0.011440198413262,0.00337613886572411,0.0156535719854738,0,0.0465964157774016,0,0,0,0,0.00615005557045714,0
20200704,0.00725439352867672,0.0361874411042237,0.00955698465551193,0.010497708982903,0.00222033987367838,0.0107949372335901,0,0.0480472057882453,0,0,0,0,0.0126078561406213,0
20200705,0.00751816739392662,0.0358099055317682,0.00673654035529367,0.0167051904421403,0.00202975666038222,0.00907249901672329,0,0.0485846193851735,0,0,0,0,0.0127013955843513,0
20200706,0.00697283315048438,0.0478816610643473,0.0222384325559877,0.0357717709134333,0.000939357026976718,0.00709736994549145,0,0.00837626464163338,0,0,0,0,0.00521467646049397,0
20200707,0.0208617138453067,0.0161566115720474,0.00333382806849746,0.0336591711826887,0.00039099789432189,0.00696230437284964,0,0.0455877397561685,0,0,0,0,0.00489840091327534,0
20200708,0.0129222760145171,0.0183882297109694,0.00267446838543523,0.0285809088344379,0.0013334640278203,0.0115696175186231,0,0.0596197062893978,0,0,0,0,0.00511612827467683,0
20200709,0.0125494275164992,0.025215706080983,0.00371527177685221,0.0257738753387784,0.00170766175298283,0.016766813509391,0,0.0113199671212458,0,0,0,0,0.00427080018947536,0
20200710,0.0181021918229775,0.0257688331926936,0.00162821630403051,0.0245984159185675,0.00119617031821211,0.0178824546453283,0,0.0390095811697993,0,0,0,0,0.0091445763077691,0
20200711,0.0108107320245015,0.0336699695030218,0.00141308334888415,0.0252744319703254,0.00118507376367704,0.00528539456616171,0,0.0494141642577022,0,0,0,0,0.0093019293550428,0
20200712,0.0136918075341131,0.00605614754088894,0.00135432908262439,0.00027051500773125,0.0231503281326981,0.0226909363308211,0,0.0286937768082074,0,0,0,0,0.0214892037449026,0
20200713,0.0138837700575947,0.00650043880406604,0.00400314657264495,0.00823936176912933,0.0236711670732604,0.0260147155461985,0,0.00900401114179236,0,0,0,0,0.0208104761463503,0
20200714,0.00529858050156152,0.0134672238922636,0.0169369060258204,0.0163248004910359,0.00206600665204704,0.0207876238407552,0,0,0,0,0,0,0.00692304197269068,0.00303149412603512
20200715,0.00318987666104184,0.0280659341706259,0.00583758383436546,0.0179582873853997,0.0025177843958899,0.0240677185331954,0,0,0,0,0,0,0.00622290974769638,0.00323935841572366
20200716,0.00256357012936648,0.0265848984104325,0.0179424862285711,0.0174317706617568,0.0136592630712936,0.012494554019271,0,0,0,0,0,0,0.011386959313147,0.00350831289281422
20200717,0.00289017908118367,0.0150005309793964,0.0079344500685206,0.012516049323969,0.00529919182127225,0.00711365135906802,0,0,0,0,0,0,0.0109356828224754,0.00371141394901637
20200718,0.00525886134220345,0.0133126089531415,0.017907582218989,0.0117728070275347,0.0051050248391178,0.00714212468526645,0,0,0,0,0,0,0.00922350822227113,0.00162419502696611
20200719,0.00150010721226206,0.0127622410628482,0.00415851947728112,0.0016225838018716,0.0197825836407238,0,0,0.00421353421806092,0,0,0,0,0.00934572227991587,0.00388968328676344
20200720,0.00353491312510466,0.0282190564002438,0.00325339456279311,0.0204495178103796,0.0216859627153791,0.00518869904502824,0,0.0230873428986819,0,0,0,0,0.00539286786247773,0
20200721,0.00116114971540595,0.0279887618067821,0.00560906688091884,0.014442023033907,0.00251576572205412,0.0114933724421845,0,0.00923701096258241,0,0,0,0,0.00556098857832443,0
20200722,0.00953869897158134,0.0103431348699684,0.00472981547520525,0.0136526637589826,0.0167130662397959,0.00475285633670414,0,0,0,0,0,0.00334963976857349,0.0423667255025079,0
20200723,0.00510594121481668,0.0110729510897151,0.0416395674266193,0.00393545905680526,0.00365559664028914,0.029638656459559,0,0,0,0,0,0,0.00965305111597786,0.000848290624971324
20200724,0.00333008757739873,0.0165491586992694,0.00282486761055953,0.00817800932146533,0.00309828431937505,0.00152682446480122,0,0.00686324901073097,0,0,0,0,0.00426040388669597,0
20200725,0.00168818174851439,0.015979259236295,0.0011251377344353,0.00920413015250485,0.0148942428915457,0.00232508145985739,0,0.00395025951185484,0,0,0,0,0.00954700128350819,0
20200726,0.00643832257506975,0.00638115322854897,0.0401324457616209,0.0121703546115173,0.0185374017510747,0.00565162736534308,0,0,0,0,0,0.0042076503659996,0.00152183901063503,0
20200727,0.00394574849216151,0.0109701680578612,0.0306893743024748,0.010095465002963,0.0176372349653946,0.00758616803416174,0,0,0,0,0,0.0039699761624837,0.00172400102459131,0
20200728,0.00312649946200988,0.0023358303043827,0.0322598598284207,0.00612982767039421,0.0120211456576434,0.00195020088044678,0,0,0,0,0,0.0156253448155683,0.00406003019072327,0
20200729,0.006295064379295,0.00718215288197692,0.0170260611096775,0.00962226757122078,0.02143486927068,0.00645007580099326,0,0,0,0,0,0.00464554050515813,0.0037928450477971,0
20200730,0.00608197763916355,0.0155143463622055,0.017668618750509,0.00889858641582326,0.0182248809591968,0.00405928600063928,0,0,0,0,0,0.00348875490532584,0.00362651636784523,0
20200731,0.00608745492267356,0.0094062802535429,0.0194337156048943,0.010278200840882,0.0177442370469591,0.00648543343882878,0,0,0,0,0,0.00422582496277211,0.00696812089675388,0
20200801,0.00921740022062435,0.00433887707587141,0.0226424884316561,0.0154879834276852,0.0136886578516652,0.00656748715868621,0,0,0,0,0,0.00432006026669727,0.00839115583135556,0
20200802,0.006168410007754,0.00644569098527804,0.025296345184481,0.0089779060657316,0.0053735960066966,0.00342099832420979,0,0,0,0,0,0.00447688068646974,0.00519917802925848,0
20200803,0.00252600636691682,0.0438071831384646,0.0266096328605767,0.00290751783671824,0.00943554292641455,0.00394324421200565,0,0,0,0,0,0,0.0090067879457246,0.00622496637806585
