Dates;BV010082 Index;CVIX Index;DXY Curncy;SPX Index;VIX Index
01/04/2013;0,178;8,93;82,733;1562,17;13,58
02/04/2013;0,18;8,9;82,924;1570,25;12,78
03/04/2013;0,173;8,6;82,718;1553,69;14,21
04/04/2013;0,171;8,81;82,677;1559,98;13,89
05/04/2013;0,176;8,81;82,496;1553,28;13,92
08/04/2013;0,179;8,9;82,752;1563,07;13,19
09/04/2013;0,175;8,74;82,309;1568,61;12,84
10/04/2013;0,176;8,91;82,532;1587,73;12,36
11/04/2013;0,175;8,79;82,247;1593,37;12,24
12/04/2013;0,171;8,79;82,311;1588,85;12,06
15/04/2013;0,166;8,92;82,417;1552,36;17,27
16/04/2013;0,169;8,79;81,749;1574,57;13,96
17/04/2013;0,169;9,06;82,684;1552,01;16,51
18/04/2013;0,169;9,05;82,559;1541,61;17,56
19/04/2013;0,168;9,15;82,714;1555,25;14,97
22/04/2013;0,166;9,06;82,676;1562,5;14,39
23/04/2013;0,165;8,93;83,048;1578,78;13,48
24/04/2013;0,163;8,82;83,048;1578,79;13,61
25/04/2013;0,162;8,6;82,744;1585,16;13,62
26/04/2013;0,158;8,71;82,502;1582,24;13,61
29/04/2013;0,153;8,43;82,147;1593,61;13,71
30/04/2013;0,153;8,38;81,746;1597,57;13,52
01/05/2013;0,152;8,53;81,484;1582,7;14,49
02/05/2013;0,15;8,43;82,224;1597,59;13,59
03/05/2013;0,159;8,37;82,125;1614,42;12,85
06/05/2013;0,154;8,63;82,315;1617,5;12,66
07/05/2013;0,155;8,65;82,253;1625,96;12,83
08/05/2013;0,155;8,32;81,896;1632,69;12,66
09/05/2013;0,158;8,66;82,793;1626,67;13,13
10/05/2013;0,163;9,09;83,143;1633,7;12,59
13/05/2013;0,164;8,94;83,277;1633,77;12,55
14/05/2013;0,161;9,24;83,595;1650,34;12,77
15/05/2013;0,156;9,29;83,83;1658,78;12,81
16/05/2013;0,153;9,29;83,588;1650,47;13,07
17/05/2013;0,162;9,67;84,252;1667,47;12,45
20/05/2013;0,16;9,18;83,736;1666,29;13,02
21/05/2013;0,154;9,06;83,864;1669,16;13,37
22/05/2013;0,16;9,41;84,352;1655,35;13,82
23/05/2013;0,156;9,41;83,8;1650,51;14,07
24/05/2013;0,158;9,42;83,7;1649,6;13,99
27/05/2013;0,155;9,42;83,7;1649,6;13,99
28/05/2013;0,171;9,55;84,1;1660,06;14,48
29/05/2013;0,168;9,59;83,66;1648,36;14,83
30/05/2013;0,166;9,5;83,042;1654,41;14,53
31/05/2013;0,17;9,68;83,375;1630,74;16,3
03/06/2013;0,169;9,73;82,656;1640,42;16,28
04/06/2013;0,17;9,66;82,769;1631,38;16,27
05/06/2013;0,17;9,63;82,594;1608,9;17,5
06/06/2013;0,172;9,84;81,537;1622,56;16,63
07/06/2013;0,175;9,79;81,669;1643,38;15,14
10/06/2013;0,175;9,81;81,646;1642,81;15,44
11/06/2013;0,18;9,86;81,113;1626,13;17,07
12/06/2013;0,182;10,41;80,947;1612,52;18,59
13/06/2013;0,172;10,18;80,752;1636,36;16,41
14/06/2013;0,169;10,21;80,67;1626,73;17,15
17/06/2013;0,166;9,81;80,787;1639,04;16,8
18/06/2013;0,165;10,06;80,612;1651,81;16,61
19/06/2013;0,18;10,47;81,428;1628,93;16,64
20/06/2013;0,182;10,62;81,915;1588,19;20,49
21/06/2013;0,199;10,84;82,318;1592,43;18,9
24/06/2013;0,22;11,21;82,425;1573,09;20,11
25/06/2013;0,227;10,74;82,581;1588,03;18,47
26/06/2013;0,212;10,77;82,977;1603,26;17,21
27/06/2013;0,205;10,46;82,902;1613,2;16,86
28/06/2013;0,204;10,61;83,136;1606,28;16,86
01/07/2013;0,197;10,25;83,054;1614,96;16,37
02/07/2013;0,189;10,38;83,544;1614,08;16,44
03/07/2013;0,198;10,57;83,231;1615,41;16,2
04/07/2013;0,183;10,43;83,231;1615,41;16,2
05/07/2013;0,205;10,54;84,449;1631,89;14,89
08/07/2013;0,192;10,01;84,193;1640,46;14,78
09/07/2013;0,19;10,05;84,58;1652,32;14,35
10/07/2013;0,193;10,22;84,041;1652,62;14,21
11/07/2013;0,179;10,18;82,746;1675,02;14,01
12/07/2013;0,183;10,31;82,988;1680,19;13,84
15/07/2013;0,176;10,24;83,043;1682,5;13,79
16/07/2013;0,174;9,96;82,498;1676,26;14,42
17/07/2013;0,167;9,49;82,708;1680,91;13,78
18/07/2013;0,171;9,3;82,823;1689,37;13,77
19/07/2013;0,163;9,38;82,607;1692,09;12,54
22/07/2013;0,164;8,72;82,219;1695,53;12,29
23/07/2013;0,17;8,68;81,945;1692,39;12,66
24/07/2013;0,172;8,95;82,291;1685,94;13,18
25/07/2013;0,167;8,95;81,97;1690,25;12,97
26/07/2013;0,162;9,07;81,657;1691,65;12,72
29/07/2013;0,161;9,34;81,663;1685,33;13,39
30/07/2013;0,164;9,35;81,829;1685,96;13,39
31/07/2013;0,161;9,43;81,452;1685,73;13,45
01/08/2013;0,164;9,37;82,336;1706,87;12,94
02/08/2013;0,158;9,22;81,908;1709,67;11,98
05/08/2013;0,161;9,29;81,875;1707,14;11,84
06/08/2013;0,163;9,2;81,603;1697,37;12,72
07/08/2013;0,16;8,95;81,287;1690,91;12,98
08/08/2013;0,161;8,79;80,977;1697,48;12,73
09/08/2013;0,161;8,66;81,126;1691,42;13,41
12/08/2013;0,17;8,67;81,333;1689,47;12,81
13/08/2013;0,173;8,94;81,768;1694,16;12,31
14/08/2013;0,171;8,93;81,711;1685,39;13,04
15/08/2013;0,172;8,82;81,181;1661,32;14,73
16/08/2013;0,172;8,81;81,257;1655,83;14,37
19/08/2013;0,176;9,11;81,226;1646,06;15,1
20/08/2013;0,171;9,28;80,906;1652,35;14,91
21/08/2013;0,18;9,42;81,213;1642,8;15,94
22/08/2013;0,179;9,37;81,488;1656,96;14,76
23/08/2013;0,179;9,54;81,361;1663,5;13,98
26/08/2013;0,179;9,31;81,407;1656,78;14,99
27/08/2013;0,174;9,61;81,166;1630,48;16,77
28/08/2013;0,177;9,55;81,431;1634,96;16,49
29/08/2013;0,175;9,62;81,948;1638,17;16,81
30/08/2013;0,176;9,690001;82,087;1632,97;17,01
02/09/2013;0,177;9,690001;82,087;1632,97;17,01
03/09/2013;0,176;9,62;82,361;1639,77;16,61
04/09/2013;0,195;9,28;82,169;1653,08;15,88
05/09/2013;0,201;9,34;82,633;1655,08;15,77
06/09/2013;0,185;9,14;82,146;1655,17;15,85
09/09/2013;0,182;8,65;81,793;1671,71;15,63
10/09/2013;0,186;8,63;81,821;1683,99;14,53
11/09/2013;0,183;8,71;81,518;1689,13;13,82
12/09/2013;0,183;8,73;81,489;1683,42;14,29
13/09/2013;0,179;8,78;81,452;1687,99;14,16
16/09/2013;0,171;8,66;81,295;1697,6;14,38
17/09/2013;0,164;8,53;81,143;1704,76;14,53
18/09/2013;0,155;8,16;80,237;1725,52;13,59
19/09/2013;0,153;8,36;80,372;1722,34;13,16
20/09/2013;0,156;8,48;80,431;1709,91;13,12
23/09/2013;0,157;8,4;80,449;1701,84;14,31
24/09/2013;0,157;8,41;80,563;1697,42;14,08
25/09/2013;0,155;8,3;80,334;1692,77;14,01
26/09/2013;0,155;8,25;80,523;1698,67;14,06
27/09/2013;0,155;8,37;80,287;1691,75;15,46
30/09/2013;0,154;8,38;80,221;1681,55;16,6
01/10/2013;0,162;8,57;80,141;1695;15,54
02/10/2013;0,16;8,46;79,9;1693,87;16,6
03/10/2013;0,166;8,36;79,749;1678,66;17,67
04/10/2013;0,177;8,43;80,122;1690,5;16,74
07/10/2013;0,191;8,47;79,941;1676,12;19,41
08/10/2013;0,222;8,48;80,06;1655,45;20,34
09/10/2013;0,224;8,47;80,376;1656,4;19,6
10/10/2013;0,216;8,18;80,417;1692,56;16,48
11/10/2013;0,231;8,16;80,362;1703,2;15,72
14/10/2013;0,233;7,95;80,263;1710,14;16,07
15/10/2013;0,237;8,01;80,482;1698,06;18,66
16/10/2013;0,214;7,85;80,47;1721,54;14,71
17/10/2013;0,183;7,57;79,649;1733,15;13,48
18/10/2013;0,177;7,53;79,654;1744,5;13,04
21/10/2013;0,169;7,51;79,695;1744,66;13,16
22/10/2013;0,163;7,39;79,23;1754,67;13,33
23/10/2013;0,169;7,42;79,264;1746,38;13,42
24/10/2013;0,166;7,32;79,185;1752,07;13,2
25/10/2013;0,167;7,61;79,194;1759,77;13,09
28/10/2013;0,17;7,43;79,246;1762,11;13,31
29/10/2013;0,171;7,62;79,607;1771,95;13,41
30/10/2013;0,168;7,53;79,777;1763,31;13,65
31/10/2013;0,166;7,82;80,195;1756,54;13,75
01/11/2013;0,167;8,15;80,716;1761,64;13,28
04/11/2013;0,165;7,99;80,553;1767,93;12,93
05/11/2013;0,164;8,03;80,706;1762,97;13,27
06/11/2013;0,161;7,94;80,483;1770,49;12,67
07/11/2013;0,164;7,91;80,845;1747,15;13,91
08/11/2013;0,177;8,06;81,303;1770,61;12,9
11/11/2013;0,172;7,98;81,091;1771,89;12,53
12/11/2013;0,18;8,01;81,192;1767,69;12,82
13/11/2013;0,174;7,87;80,926;1782;12,52
14/11/2013;0,169;7,68;81,023;1790,62;12,37
15/11/2013;0,175;7,67;80,849;1798,18;12,19
18/11/2013;0,17;7,44;80,825;1791,53;13,1
19/11/2013;0,172;7,43;80,704;1787,87;13,39
20/11/2013;0,168;7,65;81,112;1781,37;13,4
21/11/2013;0,168;7,75;81,073;1795,85;12,66
22/11/2013;0,172;7,85;80,708;1804,76;12,26
25/11/2013;0,175;7,91;80,92;1802,48;12,79
26/11/2013;0,175;7,89;80,611;1802,75;12,81
27/11/2013;0,173;8,03;80,722;1807,23;12,98
28/11/2013;0,17;8,1;80,582;1807,23;12,98
29/11/2013;0,175;8,03;80,68;1805,81;13,7
02/12/2013;0,17;8,12;80,925;1800,9;14,23
03/12/2013;0,17;8,17;80,591;1795,15;14,55
04/12/2013;0,165;8,44;80,619;1792,81;14,7
05/12/2013;0,176;8,25;80,235;1785,03;15,08
06/12/2013;0,178;8,16;80,315;1805,09;13,79
09/12/2013;0,178;8,08;80,134;1808,37;13,49
10/12/2013;0,175;8,01;79,966;1802,62;13,91
11/12/2013;0,178;8,1;79,894;1782,22;15,42
12/12/2013;0,179;8,35;80,206;1775,5;15,54
13/12/2013;0,183;8,45;80,214;1775,32;15,76
16/12/2013;0,186;8,26;80,074;1786,54;16,03
17/12/2013;0,18;8,06;80,061;1781;16,21
18/12/2013;0,182;8,03;80,105;1810,65;13,8
19/12/2013;0,186;7,96;80,63;1809,6;14,15
20/12/2013;0,189;8,17;80,575;1818,32;13,79
23/12/2013;0,189;8,09;80,447;1827,99;13,04
24/12/2013;0,182;8,09;80,536;1833,32;12,48
25/12/2013;0,183;8,19;80,558;1833,32;12,48
26/12/2013;0,193;8,21;80,484;1842,02;12,33
27/12/2013;0,182;8,38;80,392;1841,4;12,46
30/12/2013;0,187;8,36;80;1841,07;13,56
31/12/2013;0,177;8,36;80,035;1848,36;13,72
01/01/2014;0,179;8,36;80,108;1848,36;13,72
02/01/2014;0,176;8,51;80,63;1831,98;14,23
03/01/2014;0,187;8,53;80,791;1831,37;13,76
06/01/2014;0,18;7,83;80,652;1826,77;13,55
07/01/2014;0,176;7,76;80,833;1837,88;12,92
08/01/2014;0,19;7,91;81,022;1837,49;12,87
09/01/2014;0,188;7,67;81,005;1838,13;12,89
10/01/2014;0,169;7,58;80,658;1842,37;12,14
13/01/2014;0,162;7,41;80,513;1819,2;13,28
14/01/2014;0,172;7,49;80,662;1838,88;12,28
15/01/2014;0,169;8,31;81,027;1848,38;12,28
16/01/2014;0,159;7,55;80,91;1845,89;12,53
17/01/2014;0,163;7,71;81,225;1838,7;12,44
20/01/2014;0,159;7,48;81,225;1838,7;12,44
21/01/2014;0,165;7,49;81,098;1843,8;12,87
22/01/2014;0,165;7,57;81,167;1844,86;12,84
23/01/2014;0,156;7,8;80,438;1828,46;13,77
24/01/2014;0,172;8,06;80,458;1790,29;18,14
27/01/2014;0,178;7,79;80,524;1781,56;17,42
28/01/2014;0,17;7,7;80,568;1792,5;15,8
29/01/2014;0,162;7,95;80,505;1774,2;17,35
30/01/2014;0,154;8,08;81,085;1794,19;17,29
31/01/2014;0,151;8,42;81,311;1782,59;18,41
03/02/2014;0,152;8,4;81,009;1741,89;21,44
04/02/2014;0,158;8,19;81,121;1755,2;19,11
05/02/2014;0,16;8,13;81,036;1751,64;19,95
06/02/2014;0,167;7,92;80,906;1773,43;17,23
07/02/2014;0,167;7,6;80,691;1797,02;15,29
10/02/2014;0,167;7,57;80,642;1799,84;15,26
11/02/2014;0,17;7,55;80,638;1819,75;14,51
12/02/2014;0,163;7,62;80,679;1819,26;14,3
13/02/2014;0,155;7,61;80,323;1829,83;14,14
14/02/2014;0,148;7,69;80,136;1838,63;13,57
17/02/2014;0,146;7,53;80,136;1838,63;13,57
18/02/2014;0,142;7,38;80,008;1840,76;13,87
19/02/2014;0,153;7,44;80,144;1828,75;15,5
20/02/2014;0,148;7,47;80,286;1839,78;14,79
21/02/2014;0,148;7,56;80,237;1836,25;14,68
24/02/2014;0,153;7,4;80,199;1847,61;14,23
25/02/2014;0,148;7,25;80,137;1845,12;13,67
26/02/2014;0,143;7,44;80,429;1845,16;14,35
27/02/2014;0,138;7,5;80,285;1854,29;14,04
28/02/2014;0,142;7,52;79,691;1859,45;14
03/03/2014;0,139;7,67;80,077;1845,73;16
04/03/2014;0,147;7,58;80,168;1873,91;14,1
05/03/2014;0,147;7,51;80,109;1873,81;13,89
06/03/2014;0,15;7,27;79,663;1877,03;14,21
07/03/2014;0,158;7,28;79,719;1878,04;14,11
10/03/2014;0,158;7,27;79,768;1877,17;14,2
11/03/2014;0,156;7,18;79,736;1867,63;14,8
12/03/2014;0,153;7,14;79,608;1868,2;14,47
13/03/2014;0,145;7,38;79,62;1846,34;16,22
14/03/2014;0,152;7,63;79,446;1841,13;17,82
17/03/2014;0,158;7,35;79,385;1858,83;15,64
18/03/2014;0,156;7,39;79,414;1872,25;14,52
19/03/2014;0,182;7,32;79,995;1860,77;15,12
20/03/2014;0,17;7,29;80,192;1872,01;14,52
21/03/2014;0,169;7,13;80,105;1866,52;15
24/03/2014;0,172;7,02;79,934;1857,44;15,09
25/03/2014;0,163;7,08;79,944;1865,62;14,02
26/03/2014;0,149;7,18;80,032;1852,56;14,93
27/03/2014;0,144;7,51;80,111;1849,04;14,62
28/03/2014;0,146;7,36;80,176;1857,62;14,41
31/03/2014;0,137;7,34;80,1;1872,34;13,88
01/04/2014;0,142;7,32;80,094;1885,52;13,1
02/04/2014;0,143;7,25;80,215;1890,9;13,09
03/04/2014;0,141;7,07;80,475;1888,77;13,37
04/04/2014;0,133;6,88;80,423;1865,09;13,96
07/04/2014;0,134;6,64;80,232;1845,04;15,57
08/04/2014;0,128;6,61;79,752;1851,96;14,89
09/04/2014;0,119;6,58;79,484;1872,18;13,82
10/04/2014;0,118;6,67;79,383;1833,08;15,89
11/04/2014;0,12;6,64;79,452;1815,69;17,03
14/04/2014;0,128;6,73;79,729;1830,61;16,11
15/04/2014;0,124;6,83;79,803;1842,98;15,61
16/04/2014;0,122;6,54;79,803;1862,31;14,18
17/04/2014;0,129;6,52;79,828;1864,85;13,36
18/04/2014;0,126;6,52;79,847;1864,85;13,36
21/04/2014;0,122;6,52;79,945;1871,89;13,25
22/04/2014;0,129;6,45;79,905;1879,55;13,19
23/04/2014;0,125;6,49;79,855;1875,39;13,27
24/04/2014;0,127;6,34;79,799;1878,61;13,32
25/04/2014;0,125;6,29;79,749;1863,4;14,06
28/04/2014;0,131;6,24;79,683;1869,43;13,97
29/04/2014;0,127;6,15;79,808;1878,33;13,71
30/04/2014;0,121;6,11;79,474;1883,95;13,41
01/05/2014;0,119;5,84;79,527;1883,68;13,25
02/05/2014;0,122;6,02;79,516;1881,14;12,91
05/05/2014;0,118;6,02;79,486;1884,66;13,29
06/05/2014;0,118;6,05;79,093;1867,72;13,8
07/05/2014;0,117;6,02;79,202;1878,21;13,4
08/05/2014;0,11;5,8;79,361;1875,63;13,43
09/05/2014;0,114;6,13;79,903;1878,48;12,92
12/05/2014;0,119;6,08;79,901;1896,65;12,23
13/05/2014;0,115;6,15;80,143;1897,45;12,13
14/05/2014;0,112;5,98;80,073;1888,53;12,17
15/05/2014;0,108;6,17;80,003;1870,85;13,17
16/05/2014;0,112;6,31;80,043;1877,86;12,44
19/05/2014;0,107;6,12;79,993;1885,08;12,42
20/05/2014;0,107;6,28;80,041;1872,83;12,96
21/05/2014;0,113;6,09;80,095;1888,03;11,91
22/05/2014;0,113;6,26;80,254;1892,49;12,03
23/05/2014;0,107;6,27;80,393;1900,53;11,36
26/05/2014;0,109;6,27;80,393;1900,53;11,36
27/05/2014;0,116;6,15;80,352;1911,91;11,51
28/05/2014;0,114;6,18;80,571;1909,78;11,68
29/05/2014;0,12;6,02;80,494;1920,03;11,57
30/05/2014;0,118;5,89;80,369;1923,57;11,4
02/06/2014;0,122;6,1;80,644;1924,97;11,58
03/06/2014;0,127;6,09;80,554;1924,24;11,87
04/06/2014;0,124;6,23;80,663;1927,88;12,08
05/06/2014;0,121;5,75;80,371;1940,46;11,68
06/06/2014;0,129;5,57;80,409;1949,44;10,73
09/06/2014;0,134;5,51;80,653;1951,27;11,15
10/06/2014;0,141;5,61;80,82;1950,79;10,99
11/06/2014;0,134;5,55;80,788;1943,89;11,6
12/06/2014;0,132;5,57;80,576;1930,11;12,56
13/06/2014;0,145;5,51;80,576;1936,16;12,18
16/06/2014;0,15;5,58;80,471;1937,78;12,65
17/06/2014;0,163;5,68;80,629;1941,99;12,06
18/06/2014;0,154;5,49;80,584;1956,98;10,61
19/06/2014;0,144;5,28;80,317;1959,48;10,62
20/06/2014;0,147;5,78;80,372;1962,87;10,85
23/06/2014;0,15;5,38;80,272;1962,61;10,98
24/06/2014;0,145;5,37;80,327;1949,98;12,13
25/06/2014;0,137;5,31;80,225;1959,53;11,59
26/06/2014;0,134;5,31;80,22;1957,22;11,63
27/06/2014;0,14;5,31;80,039;1960,96;11,26
30/06/2014;0,14;5,26;79,775;1960,23;11,57
01/07/2014;0,141;5,27;79,815;1973,32;11,15
02/07/2014;0,146;5,21;79,956;1974,62;10,82
03/07/2014;0,146;5,02;80,212;1985,44;10,32
04/07/2014;0,148;5,17;80,269;1985,44;10,32
07/07/2014;0,153;5,41;80,218;1977,65;11,33
08/07/2014;0,15;5,26;80,179;1963,71;11,98
09/07/2014;0,151;5,18;79,993;1972,83;11,65
10/07/2014;0,137;5,3;80,127;1964,68;12,59
11/07/2014;0,134;5,19;80,187;1967,57;12,08
14/07/2014;0,139;5,21;80,188;1977,1;11,82
15/07/2014;0,142;5,1;80,39;1973,28;11,96
16/07/2014;0,142;5,29;80,559;1981,57;11
17/07/2014;0,129;5,35;80,505;1958,12;14,54
18/07/2014;0,139;5,01;80,524;1978,22;12,06
21/07/2014;0,143;4,93;80,56;1973,63;12,81
22/07/2014;0,134;5,35;80,781;1983,53;12,24
23/07/2014;0,134;5,35;80,823;1987,01;11,52
24/07/2014;0,14;5,39;80,872;1987,98;11,84
25/07/2014;0,139;5,35;81,029;1978,34;12,69
28/07/2014;0,146;5,36;81,025;1978,91;12,56
29/07/2014;0,147;5,54;81,214;1969,95;13,28
30/07/2014;0,154;5,79;81,432;1970,07;13,33
31/07/2014;0,14;5,82;81,456;1930,67;16,95
01/08/2014;0,124;5,47;81,302;1925,15;17,03
04/08/2014;0,129;5,4;81,328;1938,99;15,12
05/08/2014;0,126;5,5;81,328;1920,21;16,87
06/08/2014;0,129;5,57;81,444;1920,24;16,37
07/08/2014;0,122;5,83;81,524;1909,57;16,66
08/08/2014;0,134;5,86;81,389;1931,59;15,77
11/08/2014;0,134;5,19;81,466;1936,92;14,23
12/08/2014;0,134;5,74;81,5;1933,75;14,13
13/08/2014;0,127;5,79;81,596;1946,72;12,9
14/08/2014;0,128;5,63;81,588;1955,18;12,42
15/08/2014;0,13;5,74;81,424;1955,06;13,15
18/08/2014;0,133;5,59;81,576;1971,74;12,32
19/08/2014;0,139;5,78;81,883;1981,6;12,21
20/08/2014;0,154;5,88;82,226;1986,51;11,78
21/08/2014;0,145;5,74;82,154;1992,37;11,76
22/08/2014;0,152;5,64;82,336;1988,4;11,47
25/08/2014;0,152;5,64;82,549;1997,92;11,7
26/08/2014;0,147;5,83;82,65;2000,02;11,63
27/08/2014;0,147;5,82;82,428;2000,12;11,78
28/08/2014;0,141;5,83;82,477;1996,74;12,05
29/08/2014;0,14;5,83;82,748;2003,37;11,98
01/09/2014;0,13;5,83;82,748;2003,37;11,98
02/09/2014;0,147;6,26;82,992;2002,28;12,25
03/09/2014;0,14;6,15;82,865;2000,72;12,36
04/09/2014;0,145;6,43;83,82;1997,65;12,64
05/09/2014;0,138;6,53;83,739;2007,71;12,09
08/09/2014;0,15;7,02;84,232;2001,54;12,66
09/09/2014;0,156;7,66;84,278;1988,44;13,5
10/09/2014;0,161;7,68;84,283;1995,69;12,88
11/09/2014;0,156;7,64;84,298;1997,45;12,8
12/09/2014;0,158;7,66;84,24;1985,54;13,31
15/09/2014;0,149;7,58;84,264;1984,13;14,12
16/09/2014;0,15;7,53;84,074;1998,98;12,73
17/09/2014;0,159;7,38;84,345;2001,57;12,65
18/09/2014;0,151;7,03;84,323;2011,36;12,03
19/09/2014;0,151;6,99;84,735;2010,4;12,11
22/09/2014;0,14;6,97;84,752;1994,29;13,69
23/09/2014;0,136;7,09;84,658;1982,77;14,93
24/09/2014;0,141;7,25;85,037;1998,3;13,27
25/09/2014;0,126;7,3;85,195;1965,99;15,64
26/09/2014;0,136;7,51;85,64;1982,85;14,85
29/09/2014;0,137;7,54;85,591;1977,8;15,98
30/09/2014;0,141;7,43;85,936;1972,29;16,31
01/10/2014;0,111;7,41;85,972;1946,16;16,71
02/10/2014;0,125;7,25;85,601;1946,17;16,16
03/10/2014;0,136;7,55;86,694;1967,9;14,55
06/10/2014;0,127;7,32;85,928;1964,82;15,46
07/10/2014;0,121;7,53;85,672;1935,1;17,2
08/10/2014;0,108;6,97;85,297;1968,89;15,11
09/10/2014;0,117;7,2;85,522;1928,21;18,76
10/10/2014;0,102;7,37;85,912;1906,13;21,24
13/10/2014;0,097;7,37;85,532;1874,74;24,64
14/10/2014;0,096;7,27;85,822;1877,7;22,79
15/10/2014;0,099;7,81;85,147;1862,49;26,25
16/10/2014;0,105;7,79;84,955;1862,76;25,2
17/10/2014;0,115;7,71;85,11;1886,76;21,99
20/10/2014;0,11;7,44;84,953;1904,01;18,57
21/10/2014;0,114;7,53;85,303;1941,28;16,08
22/10/2014;0,116;7,53;85,741;1927,11;17,87
23/10/2014;0,118;7,4;85,843;1950,82;16,53
24/10/2014;0,12;7,4;85,732;1964,58;16,11
27/10/2014;0,117;7,33;85,495;1961,63;16,04
28/10/2014;0,118;6,87;85,408;1985,05;14,39
29/10/2014;0,144;6,93;85,952;1982,3;15,15
30/10/2014;0,138;7,12;86,147;1994,65;14,52
31/10/2014;0,144;7,78;86,917;2018,05;14,03
03/11/2014;0,151;8,14;87,309;2017,81;14,73
04/11/2014;0,15;8;86,984;2012,1;14,89
05/11/2014;0,153;8,62;87,444;2023,57;14,17
06/11/2014;0,16;8,62;88,012;2031,21;13,67
07/11/2014;0,148;8,21;87,642;2031,92;13,12
10/11/2014;0,166;7,59;87,81;2038,26;12,67
11/11/2014;0,16;8,05;87,531;2039,68;12,92
12/11/2014;0,167;8,16;87,822;2038,25;13,02
13/11/2014;0,158;8,12;87,674;2039,33;13,79
14/11/2014;0,159;8,33;87,525;2039,82;13,31
17/11/2014;0,161;8,43;87,926;2041,32;13,99
18/11/2014;0,157;8,37;87,575;2051,8;13,86
19/11/2014;0,162;8,51;87,647;2048,72;13,96
20/11/2014;0,154;8,28;87,591;2052,75;13,58
21/11/2014;0,154;8,44;88,31;2063,5;12,9
24/11/2014;0,152;8,65;88,151;2069,41;12,62
25/11/2014;0,153;8,49;87,92;2067,03;12,25
26/11/2014;0,161;8,34;87,607;2072,83;12,07
27/11/2014;0,154;8,43;87,607;2072,83;12,07
28/11/2014;0,139;8,57;88,356;2067,56;13,33
01/12/2014;0,152;8,43;87,946;2053,44;14,29
02/12/2014;0,169;9,02;88,647;2066,55;12,85
03/12/2014;0,172;9,46;88,956;2074,33;12,47
04/12/2014;0,168;8,74;88,704;2071,92;12,38
05/12/2014;0,201;8,94;89,334;2075,37;11,82
08/12/2014;0,208;8,82;89,041;2060,31;14,21
09/12/2014;0,217;8,91;88,69;2059,82;14,89
10/12/2014;0,207;9,38;88,271;2026,14;18,53
11/12/2014;0,224;9,4;88,663;2035,33;20,08
12/12/2014;0,21;9,24;88,363;2002,33;21,08
15/12/2014;0,222;9,07;88,46;1989,63;20,42
16/12/2014;0,223;9,06;88,125;1972,74;23,57
17/12/2014;0,247;9,32;89,133;2012,89;19,44
18/12/2014;0,262;9,46;89,235;2061,23;16,81
19/12/2014;0,274;9,27;89,598;2070,65;16,49
22/12/2014;0,278;9,47;89,77;2078,54;15,25
23/12/2014;0,281;9,5;90,064;2082,17;14,8
24/12/2014;0,281;9,45;89,967;2081,88;14,37
25/12/2014;0,273;9,45;89,835;2081,88;14,37
26/12/2014;0,292;9,45;90,03;2088,77;14,5
29/12/2014;0,273;9,58;90,19;2090,57;15,06
30/12/2014;0,258;9,47;89,991;2080,35;15,92
31/12/2014;0,251;9,51;90,269;2058,9;19,2
01/01/2015;0,24;9,56;90,276;2058,9;19,2
02/01/2015;0,258;9,5;91,08;2058,2;17,79
05/01/2015;0,258;9,43;91,378;2020,58;19,92
06/01/2015;0,244;9,58;91,499;2002,61;21,12
07/01/2015;0,239;9,64;91,89;2025,9;19,31
08/01/2015;0,233;9,52;92,368;2062,14;17,01
09/01/2015;0,216;9,31;91,935;2044,81;17,55
12/01/2015;0,206;9,24;91,983;2028,26;19,6
13/01/2015;0,206;9,42;92,31;2023,03;20,56
14/01/2015;0,186;9,48;92,161;2011,27;21,48
15/01/2015;0,164;12,11;92,352;1992,67;22,39
16/01/2015;0,186;12,48;92,52;2019,42;20,95
19/01/2015;0,184;11,25;92,52;2019,42;20,95
20/01/2015;0,19;11,09;93,046;2022,55;19,89
21/01/2015;0,188;11,04;92,904;2032,12;18,85
22/01/2015;0,188;11,01;94,077;2063,15;16,4
23/01/2015;0,179;11,69;94,762;2051,82;16,66
26/01/2015;0,194;11,69;94,802;2057,09;15,52
27/01/2015;0,187;11,35;94,022;2029,55;17,22
28/01/2015;0,181;11,42;94,467;2002,16;20,44
29/01/2015;0,186;11,55;94,782;2021,25;18,76
30/01/2015;0,171;11,73;94,804;1994,99;20,97
02/02/2015;0,177;11,3817;94,504;2020,85;19,43
03/02/2015;0,191;11,0563;93,6;2050,03;17,33
04/02/2015;0,187;11,0598;93,986;2041,51;18,33
05/02/2015;0,191;11,0729;93,569;2062,52;16,85
06/02/2015;0,25;10,838;94,698;2055,47;17,29
09/02/2015;0,248;11,49;94,449;2046,74;18,55
10/02/2015;0,244;11,55;94,758;2068,59;17,23
11/02/2015;0,241;11,76;94,985;2068,53;16,96
12/02/2015;0,231;11,44;94,094;2088,48;15,34
13/02/2015;0,234;10,8767;94,201;2096,99;14,69
16/02/2015;0,234;10,7236;94,201;2096,99;14,69
17/02/2015;0,247;10,5776;94,061;2100,34;15,8
18/02/2015;0,227;10,4522;94,198;2099,68;15,45
19/02/2015;0,23;10,3494;94,404;2097,45;15,29
20/02/2015;0,244;10,4388;94,253;2110,3;14,3
23/02/2015;0,236;10,1532;94,569;2109,66;14,56
24/02/2015;0,219;9,65;94,493;2115,48;13,69
25/02/2015;0,222;9,03;94,213;2113,86;13,84
26/02/2015;0,249;9,4;95,292;2110,74;13,91
27/02/2015;0,239;9,56;95,293;2104,5;13,34
02/03/2015;0,25;9,83;95,462;2117,39;13,04
03/03/2015;0,259;9,41;95,383;2107,78;13,86
04/03/2015;0,249;9,54;95,965;2098,53;14,23
05/03/2015;0,246;9,82;96,378;2101,04;14,04
06/03/2015;0,285;10,09;97,615;2071,26;15,2
09/03/2015;0,276;10,18;97,588;2079,43;15,06
10/03/2015;0,273;10,95;98,618;2044,16;16,69
11/03/2015;0,274;11,45;99,795;2040,24;16,87
12/03/2015;0,269;11,18;99,435;2065,95;15,42
13/03/2015;0,279;11,5;100,33;2053,4;16
16/03/2015;0,283;11,29;99,604;2081,19;15,61
17/03/2015;0,299;11,34;99,585;2074,28;15,66
18/03/2015;0,254;10,85;98,55;2099,5;13,97
19/03/2015;0,279;11,76;99,26;2089,27;14,07
20/03/2015;0,268;11,21;97,909;2108,1;13,02
23/03/2015;0,266;11,3;97,033;2104,42;13,41
24/03/2015;0,257;11;97,193;2091,5;13,62
25/03/2015;0,265;10,71;96,979;2061,05;15,44
26/03/2015;0,274;11;97,436;2056,15;15,8
27/03/2015;0,264;11,3;97,291;2061,02;15,07
30/03/2015;0,26;11,55;97,975;2086,24;14,51
31/03/2015;0,247;11,69;98,357;2067,89;15,29
01/04/2015;0,235;11,57;98,185;2059,69;15,11
02/04/2015;0,239;11,39;97,436;2066,96;14,67
03/04/2015;0,215;11,39;96,545;2066,96;14,67
06/04/2015;0,221;11,39;96,777;2080,62;14,74
07/04/2015;0,229;10,68;97,83;2076,33;14,78
08/04/2015;0,235;10,49;97,94;2081,9;13,98
09/04/2015;0,237;10,61;99,155;2091,18;13,09
10/04/2015;0,246;10,67;99,338;2102,06;12,58
13/04/2015;0,238;10,67;99,49;2092,43;13,94
14/04/2015;0,231;10,49;98,733;2095,84;13,67
15/04/2015;0,224;10,5;98,319;2106,63;12,84
16/04/2015;0,218;10,64;97,415;2104,99;12,6
17/04/2015;0,232;10,68;97,52;2081,18;13,89
20/04/2015;0,236;10,82;97,941;2100,4;13,3
21/04/2015;0,231;10,89;98,004;2097,29;13,25
22/04/2015;0,246;10,87;97,932;2107,96;12,71
23/04/2015;0,233;10,72;97,278;2112,93;12,48
24/04/2015;0,229;10,71;96,922;2117,69;12,29
27/04/2015;0,238;10,69;96,765;2108,92;13,12
28/04/2015;0,244;10,22;96,092;2114,76;12,41
29/04/2015;0,24;10,11;95,209;2106,85;13,39
30/04/2015;0,241;10,16;94,6;2085,51;14,55
01/05/2015;0,252;10,61;95,297;2108,29;12,7
04/05/2015;0,255;10,61;95,48;2114,49;12,85
05/05/2015;0,257;10,69;95,076;2089,46;14,31
06/05/2015;0,26;10,71;94,087;2080,15;15,15
07/05/2015;0,258;10,54;94,635;2088;15,13
08/05/2015;0,239;10,15;94,794;2116,1;12,86
11/05/2015;0,261;10,13;95,011;2105,33;13,85
12/05/2015;0,255;9,98;94,534;2099,12;13,86
13/05/2015;0,244;9,42;93,617;2098,48;13,76
14/05/2015;0,229;9,39;93,457;2121,1;12,74
15/05/2015;0,233;9,57;93,135;2122,73;12,38
18/05/2015;0,248;9,57;94,221;2129,2;12,73
19/05/2015;0,263;10,28;95,267;2127,83;12,85
20/05/2015;0,253;10,21;95,448;2125,85;12,88
21/05/2015;0,247;9,96;95,255;2130,82;12,11
22/05/2015;0,267;9,96;96,014;2126,06;12,13
25/05/2015;0,267;9,96;96,014;2126,06;12,13
26/05/2015;0,267;10,78;97,299;2104,2;14,06
27/05/2015;0,27;10,72;97,371;2123,48;13,27
28/05/2015;0,261;10,4;96,965;2120,79;13,31
29/05/2015;0,257;10,11;96,907;2107,39;13,84
01/06/2015;0,272;10,52;97,392;2111,73;13,97
02/06/2015;0,268;10,4;95,835;2109,6;14,24
03/06/2015;0,278;10,26;95,465;2114,07;13,66
04/06/2015;0,279;10,3;95,461;2095,84;14,71
05/06/2015;0,305;10,67;96,306;2092,83;14,21
08/06/2015;0,293;10,58;95,299;2079,28;15,29
09/06/2015;0,305;10,54;95,166;2080,15;14,47
10/06/2015;0,313;10,68;94,646;2105,2;13,22
11/06/2015;0,318;10,39;94,976;2108,86;12,85
12/06/2015;0,324;10,53;94,972;2094,11;13,78
15/06/2015;0,318;10,53;94,81;2084,43;15,39
16/06/2015;0,315;10,63;94,999;2096,29;14,81
17/06/2015;0,298;10,21;94,296;2100,44;14,5
18/06/2015;0,286;9,97;94,042;2121,24;13,19
19/06/2015;0,279;10,23;94,085;2109,99;13,96
22/06/2015;0,298;10,2;94,329;2122,85;12,74
23/06/2015;0,309;10,06;95,432;2124,2;12,11
24/06/2015;0,297;9,89;95,264;2108,58;13,26
25/06/2015;0,294;9,94;95,187;2102,31;14,01
26/06/2015;0,303;9,96;95,472;2101,49;14,02
29/06/2015;0,273;10,59;94,79;2057,64;18,85
30/06/2015;0,277;10,53;95,485;2063,11;18,23
01/07/2015;0,298;10,42;96,31;2077,42;16,09
02/07/2015;0,272;10,15;96,113;2076,78;16,79
03/07/2015;0,272;10,38;96,113;2076,78;16,79
06/07/2015;0,26;10,38;96,298;2068,76;17,01
07/07/2015;0,261;10,9;96,865;2081,34;16,09
08/07/2015;0,245;11,02;96,294;2046,68;19,66
09/07/2015;0,258;10,45;96,606;2051,31;19,97
10/07/2015;0,287;10,27;96,025;2076,62;16,83
13/07/2015;0,297;10,03;96,858;2099,6;13,9
14/07/2015;0,284;9,81;96,643;2108,95;13,37
15/07/2015;0,28;9,76;97,166;2107,4;13,23
16/07/2015;0,284;9,55;97,668;2124,29;12,11
17/07/2015;0,293;9,11;97,862;2126,64;11,95
20/07/2015;0,319;9,19;98,029;2128,28;12,25
21/07/2015;0,317;9,2;97,328;2119,21;12,22
22/07/2015;0,329;9,31;97,598;2114,15;12,12
23/07/2015;0,321;9,45;97,115;2102,15;12,64
24/07/2015;0,319;9,49;97,244;2079,65;13,74
27/07/2015;0,31;9,53;96,502;2067,64;15,6
28/07/2015;0,315;9,34;96,772;2093,25;13,44
29/07/2015;0,325;9,3;96,976;2108,57;12,5
30/07/2015;0,345;9,44;97,56;2108,63;12,13
31/07/2015;0,319;9,44;97,336;2103,84;12,12
03/08/2015;0,323;9,35;97,494;2098,04;12,56
04/08/2015;0,364;9,38;97,931;2093,32;13
05/08/2015;0,368;9,82;97,958;2099,84;12,51
06/08/2015;0,354;9,55;97,833;2083,56;13,77
07/08/2015;0,379;9,33;97,563;2077,57;13,39
10/08/2015;0,381;9,33;97,159;2104,18;12,23
11/08/2015;0,364;9,57;97,29;2084,07;13,71
12/08/2015;0,361;9,54;96,262;2086,05;13,61
13/08/2015;0,384;9,4;96,445;2083,39;13,49
14/08/2015;0,394;9,4;96,52;2091,54;12,83
17/08/2015;0,39;9,4;96,806;2102,44;13,02
18/08/2015;0,395;9,18;97,04;2096,92;13,79
19/08/2015;0,37;9,27;96,359;2079,61;15,25
20/08/2015;0,371;9,34;95,98;2035,73;19,14
21/08/2015;0,355;9,85;95,008;1970,89;28,03
24/08/2015;0,334;10,33;93,332;1893,21;40,74
25/08/2015;0,356;10,35;94,53;1867,61;36,02
26/08/2015;0,368;10,62;95,1;1940,51;30,32
27/08/2015;0,37;10,16;95,61;1987,66;26,1
28/08/2015;0,395;10,18;96,106;1988,87;26,05
31/08/2015;0,412;10,18;95,824;1972,18;28,43
01/09/2015;0,398;10,75;95,45;1913,85;31,4
02/09/2015;0,328;10,37;95,828;1948,86;26,09
03/09/2015;0,321;10,65;96,405;1951,13;25,61
04/09/2015;0,333;10,64;96,229;1921,22;27,8
07/09/2015;0,333;10,81;96,229;1921,22;27,8
08/09/2015;0,349;10,52;95,985;1969,41;24,9
09/09/2015;0,352;10,55;96,012;1942,04;26,23
10/09/2015;0,35;10,54;95,456;1952,29;24,37
11/09/2015;0,347;10,56;95,194;1961,05;23,2
14/09/2015;0,359;10,57;95,246;1953,03;24,25
15/09/2015;0,422;10,36;95,611;1978,09;22,54
16/09/2015;0,492;10,37;95,42;1995,31;21,35
17/09/2015;0,404;10,36;94,55;1990,2;21,14
18/09/2015;0,376;10,01;94,863;1958,03;22,28
21/09/2015;0,388;10,03;95,894;1966,97;20,14
22/09/2015;0,366;10,55;96,283;1942,74;22,44
23/09/2015;0,362;10,36;96,068;1938,76;22,13
24/09/2015;0,35;10,52;95,994;1932,24;23,47
25/09/2015;0,363;10,43;96,269;1931,34;23,62
28/09/2015;0,359;10,33;96,034;1881,77;27,63
29/09/2015;0,346;10,39;95,855;1884,09;26,83
30/09/2015;0,343;10,14;96,35;1920,03;24,5
01/10/2015;0,342;9,84;96,185;1923,82;22,55
02/10/2015;0,312;9,65;95,83;1951,36;20,94
05/10/2015;0,319;9,57;96,106;1987,05;19,54
06/10/2015;0,314;9,42;95,455;1979,92;19,4
07/10/2015;0,329;9,26;95,497;1995,83;18,4
08/10/2015;0,333;8,69;95,318;2013,43;17,42
09/10/2015;0,342;9,24;94,813;2014,89;17,08
12/10/2015;0,342;9,17;94,841;2017,46;16,17
13/10/2015;0,333;9,27;94,759;2003,69;17,67
14/10/2015;0,309;9,19;93,931;1994,24;18,03
15/10/2015;0,325;9,23;94,371;2023,86;16,05
16/10/2015;0,325;9,2;94,54;2033,11;15,05
19/10/2015;0,325;9,2;94,928;2033,66;14,98
20/10/2015;0,34;9,2;94,913;2030,77;15,75
21/10/2015;0,339;9,12;95,035;2018,94;16,7
22/10/2015;0,331;9,58;96,378;2052,51;14,45
23/10/2015;0,352;10,11;97,127;2075,15;14,46
26/10/2015;0,358;9,8;96,861;2071,18;15,29
27/10/2015;0,356;9,68;96,906;2065,89;15,43
28/10/2015;0,401;10,21;97,782;2090,35;14,33
29/10/2015;0,409;9,75;97,282;2089,41;14,61
30/10/2015;0,424;9,81;96,946;2079,36;15,07
02/11/2015;0,451;9,69;96,928;2104,05;14,15
03/11/2015;0,46;9,95;97,158;2109,79;14,54
04/11/2015;0,488;10,36;97,95;2102,31;15,51
05/11/2015;0,499;10,12;97,936;2099,93;15,05
06/11/2015;0,533;10,18;99,168;2099,2;14,33
09/11/2015;0,543;10,16;98,979;2078,58;16,52
10/11/2015;0,537;10,3;99,293;2081,72;15,29
11/11/2015;0,537;10,28;99,013;2075;16,06
12/11/2015;0,544;10,28;98,649;2045,97;18,37
13/11/2015;0,533;10,14;98,998;2023,04;20,08
16/11/2015;0,533;10,11;99,442;2053,19;18,16
17/11/2015;0,539;10,38;99,631;2050,44;18,84
18/11/2015;0,549;10,16;99,652;2083,58;16,85
19/11/2015;0,556;10,05;98,989;2081,24;16,99
20/11/2015;0,57;10,1;99,565;2089,17;15,47
23/11/2015;0,581;10,1;99,803;2086,59;15,62
24/11/2015;0,582;10,35;99,527;2089,14;15,93
25/11/2015;0,595;10,48;99,795;2088,87;15,19
26/11/2015;0,595;10,4;99,795;2088,87;15,19
27/11/2015;0,599;10,38;100,02;2090,11;15,12
30/11/2015;0,613;10,26;100,17;2080,41;16,13
01/12/2015;0,608;10,25;99,795;2102,63;14,67
02/12/2015;0,627;10,18;99,993;2079,51;15,91
03/12/2015;0,642;9,76;97,621;2049,62;18,11
04/12/2015;0,65;9,34;98,354;2091,69;14,81
07/12/2015;0,671;9,35;98,655;2077,07;15,84
08/12/2015;0,697;9,35;98,474;2063,59;17,6
09/12/2015;0,688;9,36;97,345;2047,62;19,61
10/12/2015;0,705;9,49;97,939;2052,23;19,34
11/12/2015;0,67;9,68;97,565;2012,37;24,39
14/12/2015;0,705;9,75;97,604;2021,94;22,73
15/12/2015;0,711;9,5;98,217;2043,41;20,95
16/12/2015;0,732;9,17;97,871;2073,07;17,86
17/12/2015;0,72;9,52;99,27;2041,89;18,94
18/12/2015;0,698;9,54;98,703;2005,55;20,7
21/12/2015;0,696;9,34;98,363;2021,15;18,7
22/12/2015;0,702;9,43;98,235;2038,97;16,6
23/12/2015;0,704;9,48;98,341;2064,29;15,57
24/12/2015;0,716;9,54;97,984;2060,99;15,74
25/12/2015;0,716;9,6;97,847;2060,99;15,74
28/12/2015;0,728;9,6;97,919;2056,5;16,91
29/12/2015;0,736;9,48;98,101;2078,36;16,08
30/12/2015;0,716;9,5;98,266;2063,36;17,29
31/12/2015;0,718;9,44;98,631;2043,94;18,21
01/01/2016;0,718;9,44;98,683;2043,94;18,21
04/01/2016;0,723;9,66;98,869;2012,66;20,7
05/01/2016;0,726;9,76;99,404;2016,71;19,34
06/01/2016;0,718;9,77;99,181;1990,26;20,59
07/01/2016;0,708;9,87;98,219;1943,09;24,99
08/01/2016;0,71;9,93;98,54;1922,03;27,01
11/01/2016;0,705;9,87;98,725;1923,67;24,3
12/01/2016;0,708;9,67;98,974;1938,68;22,47
13/01/2016;0,693;9,94;98,933;1890,28;25,22
14/01/2016;0,676;9,77;99,089;1921,84;23,95
15/01/2016;0,646;10,24;98,956;1880,33;27,02
18/01/2016;0,646;10,24;98,956;1880,33;27,02
19/01/2016;0,653;9,86;98,991;1881,33;26,05
20/01/2016;0,627;10,2;99,091;1859,33;27,59
21/01/2016;0,632;10,28;99,056;1868,99;26,69
22/01/2016;0,65;10,11;99,574;1906,9;22,34
25/01/2016;0,653;9,96;99,36;1877,08;24,15
26/01/2016;0,648;10,02;99,087;1903,63;22,5
27/01/2016;0,647;9,97;98,902;1882,95;23,11
28/01/2016;0,634;10,23;98,51;1893,36;22,42
29/01/2016;0,617;10,18;99,606;1940,24;20,2
01/02/2016;0,629;9,89;99,009;1939,38;19,98
02/02/2016;0,608;10,11;98,872;1903,03;21,98
03/02/2016;0,606;10,48;97,288;1912,53;21,65
04/02/2016;0,593;10,54;96,474;1915,45;21,84
05/02/2016;0,606;10,64;97,031;1880,05;23,38
08/02/2016;0,58;10,65;96,57;1853,44;26
09/02/2016;0,583;10,65;96,071;1852,21;26,54
10/02/2016;0,581;11,69;95,888;1851,86;26,29
11/02/2016;0,553;12,15;95,562;1829,08;28,14
12/02/2016;0,579;11,8;95,94;1864,78;25,4
15/02/2016;0,579;11,76;95,94;1864,78;25,4
16/02/2016;0,585;11,29;96,868;1895,58;24,11
17/02/2016;0,597;11,09;96,786;1926,82;22,31
18/02/2016;0,58;11,57;96,951;1917,83;21,64
19/02/2016;0,601;11,68;96,6;1917,78;20,53
22/02/2016;0,615;11,34;97,379;1945,5;19,38
23/02/2016;0,609;11,46;97,481;1921,27;20,98
24/02/2016;0,615;11,6;97,458;1929,8;20,72
25/02/2016;0,602;11,21;97,287;1951,7;19,11
26/02/2016;0,644;11,36;98,148;1948,05;19,81
29/02/2016;0,643;11,31;98,211;1932,23;20,55
01/03/2016;0,678;10,99;98,352;1978,35;17,7
02/03/2016;0,668;10,95;98,214;1986,45;17,09
03/03/2016;0,665;10,75;97,592;1993,4;16,7
04/03/2016;0,674;10,64;97,34;1999,99;16,86
07/03/2016;0,688;10,64;97,071;2001,76;17,35
08/03/2016;0,673;10,8;97,209;1979,26;18,67
09/03/2016;0,685;11,02;97,173;1989,26;18,34
10/03/2016;0,69;10,58;96,066;1989,57;18,05
11/03/2016;0,706;10,35;96,172;2022,19;16,5
14/03/2016;0,719;10,35;96,624;2019,64;16,92
15/03/2016;0,716;10,59;96,633;2015,93;16,84
16/03/2016;0,628;10,06;95,89;2027,22;14,99
17/03/2016;0,653;10,31;94,76;2040,59;14,44
18/03/2016;0,638;10,34;95,086;2049,58;14,02
21/03/2016;0,653;10,09;95,288;2051,6;13,79
22/03/2016;0,668;10,84;95,648;2049,8;14,17
23/03/2016;0,641;11,47;96,046;2036,71;14,94
24/03/2016;0,655;11,53;96,142;2035,94;14,74
25/03/2016;0,655;11,53;96,273;2035,94;14,74
28/03/2016;0,654;11,69;95,943;2037,05;15,24
29/03/2016;0,592;11,25;95,16;2055,01;13,82
30/03/2016;0,575;11,09;94,841;2063,95;13,56
31/03/2016;0,564;11,28;94,586;2059,74;13,95
01/04/2016;0,593;11,3;94,619;2072,78;13,1
04/04/2016;0,58;11,38;94,51;2066,13;14,12
05/04/2016;0,561;11,45;94,631;2045,17;15,42
06/04/2016;0,572;11,7;94,43;2066,66;14,09
07/04/2016;0,545;12,05;94,482;2041,91;16,16
08/04/2016;0,543;11,79;94,235;2047,6;15,36
11/04/2016;0,549;11,8;93,95;2041,99;16,26
12/04/2016;0,568;11,55;93,959;2061,72;14,85
13/04/2016;0,564;11,57;94,744;2082,42;13,84
14/04/2016;0,571;11,6;94,902;2082,78;13,72
15/04/2016;0,55;11,6;94,696;2080,73;13,62
18/04/2016;0,551;11,3;94,49;2094,34;13,35
19/04/2016;0,551;11,09;93,976;2100,8;13,24
20/04/2016;0,57;11,06;94,492;2102,4;13,28
21/04/2016;0,567;11,01;94,599;2091,48;13,95
22/04/2016;0,574;11,14;95,116;2091,58;13,22
25/04/2016;0,589;10,73;94,842;2087,79;14,08
26/04/2016;0,6;10,58;94,573;2091,7;13,96
27/04/2016;0,579;10,46;94,387;2095,15;13,77
28/04/2016;0,551;10,51;93,761;2075,81;15,22
29/04/2016;0,552;10,71;93,082;2065,3;15,7
02/05/2016;0,56;10,71;92,626;2081,43;14,68
03/05/2016;0,546;10,71;92,944;2063,37;15,6
04/05/2016;0,531;11,3;93,179;2051,12;16,05
05/05/2016;0,523;11,32;93,78;2050,63;15,91
06/05/2016;0,547;11,1;93,888;2057,14;14,72
09/05/2016;0,527;10,92;94,128;2058,69;14,57
10/05/2016;0,533;10,91;94,29;2084,39;13,63
11/05/2016;0,542;10,91;93,823;2064,46;14,69
12/05/2016;0,563;10,91;94,15;2064,11;14,41
13/05/2016;0,555;11,28;94,608;2046,61;15,04
16/05/2016;0,582;11,17;94,572;2066,66;14,68
17/05/2016;0,605;11,12;94,548;2047,21;15,57
18/05/2016;0,665;10,9;95,08;2047,63;15,95
19/05/2016;0,653;10,69;95,287;2040,04;16,33
20/05/2016;0,656;10,6;95,334;2052,32;15,2
23/05/2016;0,673;11,05;95,231;2048,04;15,82
24/05/2016;0,682;10,71;95,571;2076,06;14,42
25/05/2016;0,678;10,35;95,354;2090,54;13,9
26/05/2016;0,647;9,75;95,168;2090,1;13,43
27/05/2016;0,685;9,69;95,521;2099,06;13,12
30/05/2016;0,685;9,78;95,521;2099,06;13,12
31/05/2016;0,669;10,25;95,891;2096,96;14,19
01/06/2016;0,687;10,49;95,455;2099,33;14,2
02/06/2016;0,676;10,33;95,564;2105,26;13,63
03/06/2016;0,613;10,14;94,029;2099,13;13,47
06/06/2016;0,621;10,14;93,902;2109,41;13,65
07/06/2016;0,613;10,37;93,828;2112,13;14,05
08/06/2016;0,608;10,51;93,59;2119,12;14,08
09/06/2016;0,602;10,97;93,953;2115,48;14,64
10/06/2016;0,586;11,9;94,571;2096,07;17,03
13/06/2016;0,573;12,21;94,362;2079,06;20,97
14/06/2016;0,582;12,58;94,928;2075,32;20,5
15/06/2016;0,545;12,09;94,61;2071,5;20,14
16/06/2016;0,554;12,08;94,569;2077,99;19,37
17/06/2016;0,554;12;94,206;2071,22;19,41
20/06/2016;0,577;11;93,611;2083,25;18,37
21/06/2016;0,583;11,17;94,017;2088,9;18,48
22/06/2016;0,571;11,75;93,716;2085,45;21,17
23/06/2016;0,601;10,65;93,529;2113,32;17,25
24/06/2016;0,534;10,65;95,448;2037,41;25,76
27/06/2016;0,507;12,28;96,544;2000,54;23,85
28/06/2016;0,504;11,32;96,245;2036,09;18,75
29/06/2016;0,513;10,75;95,769;2070,77;16,64
30/06/2016;0,485;10,99;96,143;2098,86;15,63
01/07/2016;0,49;10,82;95,649;2102,95;14,77
04/07/2016;0,49;10,88;95,649;2102,95;14,77
05/07/2016;0,482;11,73;96,166;2088,55;15,58
06/07/2016;0,494;11,35;96,053;2099,73;14,96
07/07/2016;0,5;10,98;96,328;2097,9;14,76
08/07/2016;0,513;10,7;96,302;2129,9;13,2
11/07/2016;0,539;10,46;96,571;2137,16;13,54
12/07/2016;0,561;10,34;96,441;2152,14;13,55
13/07/2016;0,556;10,16;96,216;2152,43;13,04
14/07/2016;0,563;10,08;96,077;2163,75;12,82
15/07/2016;0,575;10,43;96,58;2161,74;12,67
18/07/2016;0,571;10,45;96,562;2166,89;12,44
19/07/2016;0,566;10,73;97,063;2163,78;11,97
20/07/2016;0,572;10,79;97,201;2173,02;11,77
21/07/2016;0,555;10,6;97;2165,17;12,74
22/07/2016;0,572;10,58;97,467;2175,03;12,02
25/07/2016;0,59;10,47;97,286;2168,48;12,87
26/07/2016;0,588;10,03;97,156;2169,18;13,05
27/07/2016;0,568;9,65;97,053;2166,58;12,83
28/07/2016;0,56;9,46;96,739;2170,06;12,72
29/07/2016;0,535;9,28;95,53;2173,6;11,87
01/08/2016;0,553;9,26;95,713;2170,84;12,44
02/08/2016;0,552;9,55;95,064;2157,03;13,37
03/08/2016;0,545;9,52;95,563;2163,79;12,86
04/08/2016;0,543;9,31;95,758;2164,25;12,42
05/08/2016;0,587;9,11;96,194;2182,87;11,39
08/08/2016;0,595;9,52;96,401;2180,89;11,5
09/08/2016;0,582;9,52;96,183;2181,74;11,66
10/08/2016;0,568;9,49;95,65;2175,49;12,05
11/08/2016;0,607;9,49;95,857;2185,79;11,68
12/08/2016;0,584;9,47;95,722;2184,05;11,55
15/08/2016;0,592;9,47;95,629;2190,15;11,81
16/08/2016;0,6;9,77;94,791;2178,15;12,64
17/08/2016;0,59;9,93;94,718;2182,22;12,19
18/08/2016;0,574;9,68;94,157;2187,02;11,43
19/08/2016;0,603;9,7;94,511;2183,87;11,34
22/08/2016;0,598;9,68;94,519;2182,64;12,27
23/08/2016;0,605;9,65;94,539;2186,9;12,38
24/08/2016;0,604;9,8;94,786;2175,44;13,45
25/08/2016;0,623;9,81;94,772;2172,47;13,63
26/08/2016;0,666;9,51;95,566;2169,04;13,65
29/08/2016;0,64;9,51;95,58;2180,38;12,94
30/08/2016;0,635;9,86;96,054;2176,12;13,12
31/08/2016;0,651;9,97;96,022;2170,95;13,42
01/09/2016;0,64;9,84;95,653;2170,86;13,48
02/09/2016;0,643;9,5;95,844;2179,98;11,98
05/09/2016;0,643;9,25;95,844;2179,98;11,98
06/09/2016;0,616;9,26;94,823;2186,48;12,02
07/09/2016;0,625;9,18;94,956;2186,16;11,94
08/09/2016;0,657;9,15;95,027;2181,3;12,51
09/09/2016;0,665;9,39;95,336;2127,81;17,5
12/09/2016;0,66;9,39;95,095;2159,04;15,16
13/09/2016;0,676;9,64;95,633;2127,02;17,85
14/09/2016;0,646;9,96;95,327;2125,77;18,14
15/09/2016;0,624;9,65;95,288;2147,26;16,3
16/09/2016;0,643;9,66;96,108;2139,16;15,37
19/09/2016;0,641;9,71;95,841;2139,12;15,53
20/09/2016;0,641;9,82;96,019;2139,76;15,92
21/09/2016;0,632;9,47;95,66;2163,12;13,3
22/09/2016;0,609;9,28;95,448;2177,18;12,02
23/09/2016;0,591;9,42;95,477;2164,69;12,29
26/09/2016;0,585;9,58;95,297;2146,1;14,5
27/09/2016;0,594;9,59;95,435;2159,93;13,1
28/09/2016;0,603;9,7;95,431;2171,37;12,39
29/09/2016;0,584;9,78;95,535;2151,13;14,02
30/09/2016;0,611;9,68;95,463;2168,27;13,29
03/10/2016;0,637;9,56;95,695;2161,2;13,57
04/10/2016;0,656;9,79;96,169;2150,49;13,63
05/10/2016;0,665;9,58;96,125;2159,73;12,99
06/10/2016;0,677;10,19;96,765;2160,77;12,84
07/10/2016;0,659;10,06;96,632;2153,74;13,48
10/10/2016;0,659;9,68;96,929;2163,66;13,38
11/10/2016;0,678;10,21;97,69;2136,73;15,36
12/10/2016;0,673;10,22;97,966;2139,18;15,91
13/10/2016;0,652;9,83;97,516;2132,55;16,69
14/10/2016;0,658;9,72;98,019;2132,98;16,12
17/10/2016;0,647;9,74;97,888;2126,5;16,21
18/10/2016;0,64;9,56;97,895;2139,6;15,28
19/10/2016;0,636;9,5;97,92;2144,29;14,41
20/10/2016;0,649;9,33;98,315;2141,34;13,75
21/10/2016;0,652;9,35;98,695;2141,16;13,34
24/10/2016;0,656;9,29;98,756;2151,33;13,02
25/10/2016;0,66;9,33;98,719;2143,16;13,46
26/10/2016;0,664;9,36;98,629;2139,43;14,24
27/10/2016;0,663;9,28;98,888;2133,04;15,36
28/10/2016;0,646;9,22;98,348;2126,41;16,19
31/10/2016;0,654;9,49;98,445;2126,15;17,06
01/11/2016;0,638;10,09;97,699;2111,72;18,56
02/11/2016;0,643;10,23;97,398;2097,94;19,32
03/11/2016;0,638;9,97;97,157;2088,66;22,08
04/11/2016;0,632;10,1;97,065;2085,18;22,51
07/11/2016;0,654;9,41;97,781;2131,52;18,71
08/11/2016;0,686;10,43;97,861;2139,56;18,74
09/11/2016;0,719;9,57;98,504;2163,26;14,38
10/11/2016;0,731;10,06;98,785;2167,48;14,74
11/11/2016;0,731;10,22;99,06;2164,45;14,17
14/11/2016;0,774;10,3;100,11;2164,2;14,48
15/11/2016;0,773;10,21;100,23;2180,39;13,37
16/11/2016;0,766;10,24;100,41;2176,94;13,72
17/11/2016;0,783;10,24;100,89;2187,12;13,35
18/11/2016;0,797;10,24;101,21;2181,9;12,85
21/11/2016;0,803;10,39;101,05;2198,18;12,42
22/11/2016;0,806;10,05;101,04;2202,94;12,41
23/11/2016;0,825;10,5;101,7;2204,72;12,43
24/11/2016;0,825;10,49;101,7;2204,72;12,43
25/11/2016;0,826;10,42;101,49;2213,35;12,34
28/11/2016;0,813;10,22;101,33;2201,72;13,15
29/11/2016;0,799;10,44;100,93;2204,66;12,9
30/11/2016;0,818;10,78;101,5;2198,81;13,33
01/12/2016;0,832;10,64;101,04;2191,08;14,07
02/12/2016;0,821;10,56;100,77;2191,95;14,12
05/12/2016;0,831;10,13;100,09;2204,71;12,14
06/12/2016;0,829;10,24;100,49;2212,23;11,79
07/12/2016;0,822;10,27;100,23;2241,35;12,22
08/12/2016;0,826;10,19;101,1;2246,19;12,64
09/12/2016;0,863;10,43;101,59;2259,53;11,75
12/12/2016;0,859;10,43;101,03;2256,96;12,64
13/12/2016;0,877;10,17;101,07;2271,72;12,72
14/12/2016;0,955;10,67;101,76;2253,28;13,19
15/12/2016;0,911;11,23;103,02;2262,03;12,79
16/12/2016;0,898;11,11;102,95;2258,07;12,2
19/12/2016;0,879;11,16;103,14;2262,53;11,71
20/12/2016;0,87;11,03;103,29;2270,76;11,45
21/12/2016;0,861;10,72;103,02;2265,18;11,27
22/12/2016;0,863;10,83;103,09;2260,96;11,43
23/12/2016;0,872;10,86;103,01;2263,79;11,44
26/12/2016;0,872;10,86;102,97;2263,79;11,44
27/12/2016;0,888;10,86;103,02;2268,88;11,99
28/12/2016;0,862;10,86;103,3;2249,92;12,95
29/12/2016;0,847;11,18;102,68;2249,26;13,37
30/12/2016;0,843;11,03;102,21;2238,83;14,04
02/01/2017;0,843;11,03;102,78;2238,83;14,04
03/01/2017;0,861;11,03;103,21;2257,83;12,85
04/01/2017;0,86;10,58;102,7;2270,75;11,85
05/01/2017;0,836;10,63;101,52;2269;11,67
06/01/2017;0,857;10,32;102,22;2276,98;11,32
09/01/2017;0,838;10,59;101,93;2268,9;11,56
10/01/2017;0,841;10,57;102,01;2268,9;11,49
11/01/2017;0,836;10,78;101,78;2275,32;11,26
12/01/2017;0,839;10,62;101,35;2270,44;11,54
13/01/2017;0,846;10,43;101,18;2274,64;11,23
16/01/2017;0,846;10,48;101,18;2274,64;11,23
17/01/2017;0,826;10,09;100,33;2267,89;11,87
18/01/2017;0,875;10,24;100,93;2271,89;12,48
19/01/2017;0,857;10,27;101,15;2263,69;12,78
20/01/2017;0,839;10,12;100,74;2271,31;11,54
23/01/2017;0,821;9,98;100,16;2265,2;11,77
24/01/2017;0,843;9,85;100,35;2280,07;11,07
25/01/2017;0,85;9,67;100,03;2298,37;10,81
26/01/2017;0,832;10;100,38;2296,68;10,63
27/01/2017;0,845;9,94;100,53;2294,69;10,58
30/01/2017;0,853;10,35;100,43;2280,9;11,88
31/01/2017;0,846;10,15;99,512;2278,87;11,99
01/02/2017;0,844;10,03;99,641;2279,55;11,81
02/02/2017;0,849;9,99;99,79;2280,85;11,93
03/02/2017;0,853;9,77;99,868;2297,42;10,97
06/02/2017;0,822;9,77;99,907;2292,56;11,37
07/02/2017;0,83;10,78;100,26;2293,08;11,29
08/02/2017;0,825;10,78;100,28;2294,67;11,45
09/02/2017;0,85;10,59;100,65;2307,87;10,88
10/02/2017;0,853;10,59;100,8;2316,1;10,85
13/02/2017;0,862;10,62;100,96;2328,25;11,07
14/02/2017;0,882;10,24;101,25;2337,58;10,74
15/02/2017;0,894;10,28;101,18;2349,25;11,97
16/02/2017;0,87;10,15;100,44;2347,22;11,76
17/02/2017;0,865;10,43;100,95;2351,16;11,49
20/02/2017;0,865;10,58;100,95;2351,16;11,49
21/02/2017;0,873;10,67;101,37;2365,38;11,57
22/02/2017;0,867;10,8;101,22;2362,82;11,74
23/02/2017;0,851;10,58;101,05;2363,81;11,71
24/02/2017;0,837;10,58;101,09;2367,34;11,47
27/02/2017;0,871;10,36;101,13;2369,75;12,09
28/02/2017;0,901;10,15;101,12;2363,64;12,92
01/03/2017;0,949;10,22;101,78;2395,96;12,54
02/03/2017;0,987;10,2;102,2;2381,92;11,81
03/03/2017;0,982;9,5;101,54;2383,12;10,96
06/03/2017;1,001;10,23;101,64;2375,31;11,24
07/03/2017;1,027;10,23;101,81;2368,39;11,45
08/03/2017;1,047;10,23;102,07;2362,98;11,86
09/03/2017;1,061;10,23;101,85;2364,87;12,3
10/03/2017;1,059;10,23;101,25;2372,6;11,66
13/03/2017;1,084;9,46;101,31;2373,47;11,35
14/03/2017;1,089;9,5;101,7;2365,45;12,3
15/03/2017;1,026;9,02;100,74;2385,26;11,63
16/03/2017;1,055;8,46;100,36;2381,38;11,21
17/03/2017;1,042;8,79;100,3;2378,25;11,28
20/03/2017;1,028;8,79;100,41;2373,47;11,34
21/03/2017;1,01;8,79;99,813;2344,02;12,47
22/03/2017;1,007;9,28;99,677;2348,45;12,81
23/03/2017;1,001;9,38;99,76;2345,96;13,12
24/03/2017;1,015;9,2;99,627;2343,98;12,96
27/03/2017;1,017;9,2;99,166;2341,59;12,5
28/03/2017;1,047;9,06;99,712;2358,57;11,53
29/03/2017;1,025;9,11;99,998;2361,13;11,42
30/03/2017;1,026;9,02;100,41;2368,06;11,54
31/03/2017;1,017;8,91;100,35;2362,72;12,37
03/04/2017;1,008;8,91;100,54;2358,84;12,38
04/04/2017;1,028;8,97;100,54;2360,16;11,79
05/04/2017;1,017;8,91;100,56;2352,95;12,89
06/04/2017;1,03;9,03;100,67;2357,49;12,39
07/04/2017;1,082;9,34;101,18;2355,54;12,87
10/04/2017;1,075;9,27;101,02;2357,16;14,05
11/04/2017;1,055;9,32;100,71;2353,78;15,07
12/04/2017;1,044;9,45;100,78;2344,93;15,77
13/04/2017;1,043;9,41;100,49;2328,95;15,96
14/04/2017;1,043;9,43;100,51;2328,95;15,96
17/04/2017;1,046;9,43;100,29;2349,01;14,66
18/04/2017;1,026;9,4;99,499;2342,19;14,42
19/04/2017;1,028;9,23;99,738;2338,17;14,93
20/04/2017;1,033;9,07;99,778;2355,84;14,15
21/04/2017;1,024;9,21;99,977;2348,69;14,63
24/04/2017;1,062;9,99;99,092;2374,15;10,84
25/04/2017;1,083;7,93;98,785;2388,61;10,76
26/04/2017;1,075;8,08;99,045;2387,45;10,85
27/04/2017;1,07;7,93;99,076;2388,77;10,36
28/04/2017;1,081;7,84;99,05;2384,2;10,82
01/05/2017;1,092;7,84;99,077;2388,33;10,11
02/05/2017;1,088;7,82;98,976;2391,17;10,59
03/05/2017;1,11;7,67;99,209;2388,13;10,68
04/05/2017;1,119;7,82;98,797;2389,52;10,46
05/05/2017;1,127;7,74;98,648;2399,29;10,57
08/05/2017;1,137;7,23;99,06;2399,38;9,77
09/05/2017;1,15;7,21;99,658;2396,92;9,96
10/05/2017;1,154;7,11;99,669;2399,63;10,21
11/05/2017;1,15;7,12;99,623;2394,44;10,6
12/05/2017;1,124;6,92;99,252;2390,9;10,4
15/05/2017;1,131;7,04;98,911;2402,32;10,42
16/05/2017;1,133;7,19;98,105;2400,67;10,65
17/05/2017;1,101;7,76;97,575;2357,03;15,59
18/05/2017;1,113;7,76;97,879;2365,72;14,66
19/05/2017;1,121;7,72;97,142;2381,73;12,04
22/05/2017;1,131;7,64;96,984;2394,02;10,93
23/05/2017;1,152;7,7;97,351;2398,42;10,72
24/05/2017;1,144;7,61;97,238;2404,39;10,02
25/05/2017;1,148;7,38;97,248;2415,07;9,99
26/05/2017;1,153;7,47;97,442;2415,82;9,81
29/05/2017;1,153;7,61;97,442;2415,82;9,81
30/05/2017;1,153;7,59;97,28;2412,91;10,38
31/05/2017;1,156;7,58;96,922;2411,8;10,41
01/06/2017;1,167;7,41;97,198;2430,06;9,89
02/06/2017;1,165;7,4;96,715;2439,07;9,75
05/06/2017;1,174;7,42;96,799;2436,1;10,07
06/06/2017;1,17;7,48;96,636;2429,33;10,45
07/06/2017;1,182;7,48;96,748;2433,14;10,39
08/06/2017;1,191;7,31;96,918;2433,79;10,16
09/06/2017;1,209;7,3;97,274;2431,77;10,7
12/06/2017;1,221;7,04;97,138;2429,39;11,46
13/06/2017;1,227;7,05;96,975;2440,35;10,42
14/06/2017;1,218;7,08;96,939;2437,92;10,64
15/06/2017;1,228;7,11;97,433;2432,46;10,9
16/06/2017;1,213;7,05;97,164;2433,15;10,38
19/06/2017;1,233;7,06;97,548;2453,46;10,37
20/06/2017;1,225;7,14;97,76;2437,03;10,86
21/06/2017;1,223;7,41;97,559;2435,61;10,75
22/06/2017;1,216;7,37;97,593;2434,5;10,48
23/06/2017;1,215;7,37;97,264;2438,3;10,02
26/06/2017;1,212;7,37;97,426;2439,07;9,9
27/06/2017;1,223;7,37;96,394;2419,38;11,06
28/06/2017;1,214;7,63;96,01;2440,69;10,03
29/06/2017;1,232;7,57;95,628;2419,7;11,44
30/06/2017;1,243;7,57;95,628;2423,41;11,18
03/07/2017;1,261;7,47;96,218;2429,01;11,22
04/07/2017;1,261;7,58;96,218;2429,01;11,22
05/07/2017;1,253;7,58;96,29;2432,54;11,07
06/07/2017;1,245;7,58;95,802;2409,75;12,54
07/07/2017;1,245;7,48;96,008;2425,18;11,19
10/07/2017;1,238;7,3;96,022;2427,43;11,11
11/07/2017;1,23;7,41;95,669;2425,53;10,89
12/07/2017;1,215;7,33;95,761;2443,25;10,3
13/07/2017;1,224;7,32;95,728;2447,83;9,9
14/07/2017;1,219;7,25;95,153;2459,27;9,51
17/07/2017;1,222;7,33;95,128;2459,14;9,82
18/07/2017;1,214;7,67;94,604;2460,61;9,89
19/07/2017;1,22;7,73;94,779;2473,83;9,79
20/07/2017;1,218;7,83;94,306;2473,45;9,58
21/07/2017;1,218;7,67;93,858;2472,54;9,36
24/07/2017;1,229;7,75;93,977;2469,91;9,43
25/07/2017;1,241;7,78;94,054;2477,13;9,43
26/07/2017;1,222;7,83;93,672;2477,83;9,6
27/07/2017;1,218;7,98;93,864;2475,42;10,11
28/07/2017;1,213;8,03;93,259;2472,1;10,29
31/07/2017;1,221;8,07;92,863;2470,3;10,26
01/08/2017;1,22;8,06;93,043;2476,35;10,09
02/08/2017;1,226;8,2;92,836;2477,57;10,28
03/08/2017;1,215;8,34;92,839;2472,16;10,44
04/08/2017;1,227;8,19;93,542;2476,83;10,03
07/08/2017;1,227;7,98;93,432;2480,91;9,93
08/08/2017;1,23;7,9;93,647;2474,92;10,96
09/08/2017;1,216;8,14;93,548;2474,02;11,11
10/08/2017;1,214;8,28;93,401;2438,21;16,04
11/08/2017;1,2;8,51;93,069;2441,32;15,51
14/08/2017;1,21;8,06;93,411;2465,84;12,33
15/08/2017;1,222;8,04;93,853;2464,61;12,04
16/08/2017;1,211;8,04;93,541;2468,11;11,74
17/08/2017;1,199;8,07;93,622;2430,01;15,55
18/08/2017;1,206;8,07;93,434;2425,55;14,26
21/08/2017;1,2;8,07;93,095;2428,37;13,19
22/08/2017;1,209;8,07;93,545;2452,51;11,35
23/08/2017;1,203;8,17;93,147;2444,04;12,25
24/08/2017;1,212;8,08;93,277;2438,97;12,23
25/08/2017;1,219;7,93;92,74;2443,05;11,28
28/08/2017;1,22;8,11;92,207;2444,24;11,32
29/08/2017;1,208;8,14;92,249;2446,3;11,7
30/08/2017;1,216;8,22;92,884;2457,59;11,22
31/08/2017;1,216;8,23;92,668;2471,65;10,59
01/09/2017;1,229;8,09;92,814;2476,55;10,13
04/09/2017;1,229;8,38;92,635;2476,55;10,13
05/09/2017;1,206;8,42;92,252;2457,85;12,23
06/09/2017;1,216;8,54;92,29;2465,54;11,63
07/09/2017;1,197;8,72;91,663;2465,1;11,55
08/09/2017;1,191;8,65;91,352;2461,43;12,12
11/09/2017;1,218;8,34;91,875;2488,11;10,73
12/09/2017;1,228;8,33;91,882;2496,48;10,58
13/09/2017;1,234;8,63;92,52;2498,37;10,5
14/09/2017;1,248;8,55;92,124;2495,62;10,44
15/09/2017;1,26;8,63;91,872;2500,23;10,17
18/09/2017;1,265;8,72;92,047;2503,87;10,15
19/09/2017;1,267;8,81;91,793;2506,65;10,18
20/09/2017;1,291;8,76;92,508;2508,24;9,78
21/09/2017;1,285;8,51;92,259;2500,6;9,67
22/09/2017;1,284;8,66;92,171;2502,22;9,59
25/09/2017;1,278;8,67;92,648;2496,66;10,21
26/09/2017;1,285;8,46;92,966;2496,84;10,17
27/09/2017;1,298;8,32;93,361;2507,04;9,87
28/09/2017;1,293;8,32;93,085;2510,06;9,55
29/09/2017;1,309;8,13;93,076;2519,36;9,51
02/10/2017;1,312;8,01;93,559;2529,12;9,45
03/10/2017;1,312;7,77;93,569;2534,58;9,51
04/10/2017;1,316;7,79;93,458;2537,74;9,63
05/10/2017;1,33;7,65;93,961;2552,07;9,19
06/10/2017;1,346;7,65;93,8;2549,33;9,65
09/10/2017;1,346;7,69;93,675;2544,73;10,33
10/10/2017;1,351;7,79;93,29;2550,64;10,08
11/10/2017;1,357;7,81;93,015;2555,24;9,85
12/10/2017;1,358;7,78;93,057;2550,93;9,91
13/10/2017;1,348;7,61;93,091;2553,17;9,61
16/10/2017;1,371;7,58;93,312;2557,64;9,91
17/10/2017;1,375;7,45;93,486;2559,36;10,31
18/10/2017;1,38;7,45;93,363;2561,26;10,07
19/10/2017;1,369;7,63;93,266;2562,1;10,05
20/10/2017;1,388;7,57;93,701;2575,21;9,97
23/10/2017;1,385;7,57;93,936;2564,98;11,07
24/10/2017;1,392;7,45;93,772;2569,13;11,16
25/10/2017;1,398;7,63;93,711;2557,15;11,23
26/10/2017;1,404;7,61;94,612;2560,4;11,3
27/10/2017;1,404;7,56;94,916;2581,07;9,8
30/10/2017;1,401;7,46;94,56;2572,83;10,5
31/10/2017;1,416;7,23;94,552;2575,26;10,18
01/11/2017;1,434;7,27;94,815;2579,36;10,2
02/11/2017;1,435;7,26;94,685;2579,85;9,93
03/11/2017;1,444;7,05;94,941;2587,84;9,14
06/11/2017;1,456;6,89;94,757;2591,13;9,4
07/11/2017;1,467;6,87;94,913;2590,64;9,89
08/11/2017;1,481;6,93;94,866;2594,38;9,78
09/11/2017;1,478;7,11;94,444;2584,62;10,5
10/11/2017;1,492;7,05;94,391;2582,3;11,29
13/11/2017;1,507;7,19;94,49;2584,84;11,5
14/11/2017;1,516;7,34;93,827;2578,87;11,59
15/11/2017;1,523;7,48;93,813;2564,62;13,13
16/11/2017;1,543;7,26;93,932;2585,64;11,76
17/11/2017;1,557;7,24;93,662;2578,85;11,43
20/11/2017;1,577;7,24;94,08;2582,14;10,65
21/11/2017;1,585;7,17;93,952;2599,03;9,73
22/11/2017;1,567;7,13;93,22;2597,08;9,88
23/11/2017;1,567;7,02;93,22;2597,08;9,88
24/11/2017;1,58;7,19;92,782;2602,42;9,67
27/11/2017;1,577;7,16;92,904;2601,42;9,87
28/11/2017;1,577;7,14;93,27;2627,04;10,03
29/11/2017;1,583;7,18;93,164;2626,07;10,7
30/11/2017;1,602;7,31;93,047;2647,58;11,28
01/12/2017;1,598;7,35;92,885;2642,22;11,43
04/12/2017;1,628;7,41;93,188;2639,44;11,68
05/12/2017;1,636;7,44;93,379;2629,57;11,33
06/12/2017;1,624;7,52;93,61;2629,27;11,02
07/12/2017;1,627;7,57;93,795;2636,98;10,16
08/12/2017;1,629;7,44;93,901;2651,5;9,58
11/12/2017;1,648;7,35;93,866;2659,99;9,34
12/12/2017;1,658;7,21;94,101;2664,11;9,92
13/12/2017;1,634;7,24;93,429;2662,85;10,18
14/12/2017;1,652;7,09;93,489;2652,01;10,49
15/12/2017;1,669;7,12;93,932;2675,81;9,42
18/12/2017;1,673;7,08;93,695;2690,16;9,53
19/12/2017;1,681;7,06;93,441;2681,47;10,03
20/12/2017;1,688;7,15;93,313;2679,25;9,72
21/12/2017;1,701;7,29;93,278;2684,57;9,62
22/12/2017;1,718;7,15;93,347;2683,34;9,9
25/12/2017;1,718;7,15;93,267;2683,34;9,9
26/12/2017;1,721;7,15;93,257;2680,5;10,25
27/12/2017;1,716;7,15;93,025;2682,62;10,47
28/12/2017;1,719;7,39;92,602;2687,54;10,18
29/12/2017;1,719;7,4;92,124;2673,61;11,04
01/01/2018;1,719;7,4;92,24;2673,61;11,04
02/01/2018;1,74;7,41;91,872;2695,81;9,77
03/01/2018;1,745;7,21;92,162;2713,06;9,15
04/01/2018;1,756;7,08;91,853;2723,99;9,22
05/01/2018;1,759;6,92;91,949;2743,15;9,22
08/01/2018;1,762;6,75;92,358;2747,71;9,52
09/01/2018;1,766;6,65;92,528;2751,29;10,08
10/01/2018;1,767;6,84;92,332;2748,23;9,82
11/01/2018;1,771;6,93;91,852;2767,56;9,88
12/01/2018;1,784;7,21;90,974;2786,24;10,16
15/01/2018;1,784;7,47;90,974;2786,24;10,16
16/01/2018;1,798;7,3;90,393;2776,42;11,66
17/01/2018;1,809;7,42;90,541;2802,56;11,91
18/01/2018;1,809;7,55;90,498;2798,03;12,22
19/01/2018;1,819;7,55;90,572;2810,3;11,27
22/01/2018;1,82;7,43;90,401;2832,97;11,03
23/01/2018;1,807;7,43;90,124;2839,13;11,1
24/01/2018;1,819;7,68;89,206;2837,54;11,47
25/01/2018;1,823;7,93;89,391;2839,25;11,58
26/01/2018;1,844;8,08;89,067;2872,87;11,08
29/01/2018;1,852;8,11;89,308;2853,53;13,84
30/01/2018;1,855;8,11;89,16;2822,43;14,79
31/01/2018;1,869;7,89;89,133;2823,81;13,54
01/02/2018;1,88;7,9;88,671;2821,98;13,47
02/02/2018;1,875;7,98;89,195;2762,13;17,31
05/02/2018;1,842;8,21;89,554;2648,94;37,32
06/02/2018;1,873;8,69;89,585;2695,14;29,98
07/02/2018;1,91;8,39;90,255;2681,66;27,73
08/02/2018;1,904;8,61;90,229;2581;33,46
09/02/2018;1,901;8,61;90,442;2619,55;29,06
12/02/2018;1,929;8,44;90,208;2656;25,61
13/02/2018;1,945;8,47;89,703;2662,94;24,97
14/02/2018;1,976;8,36;89,121;2698,63;19,26
15/02/2018;1,989;8,53;88,593;2731,2;19,13
16/02/2018;1,992;8,46;89,1;2732,22;19,46
19/02/2018;1,992;8,42;89,1;2732,22;19,46
20/02/2018;2,011;8,33;89,716;2716,26;20,6
21/02/2018;2,002;8,37;90;2701,33;20,02
22/02/2018;1,997;8,12;89,736;2703,96;18,72
23/02/2018;1,991;8,05;89,883;2747,3;16,49
26/02/2018;1,991;7,79;89,853;2779,6;15,8
27/02/2018;2,006;7,76;90,355;2744,28;18,59
28/02/2018;2,007;8,06;90,613;2713,83;19,85
01/03/2018;1,985;8;90,324;2677,67;22,47
02/03/2018;2,005;8,15;89,935;2691,25;19,59
05/03/2018;2,01;8,15;90,08;2720,94;18,73
06/03/2018;2,015;8,02;89,618;2728,12;18,36
07/03/2018;2,019;8,01;89,637;2726,8;17,76
08/03/2018;2,017;7,95;90,179;2738,97;16,54
09/03/2018;2,025;7,95;90,093;2786,57;14,64
12/03/2018;2,025;7,42;89,895;2783,02;15,78
13/03/2018;2,034;7,38;89,664;2765,31;16,35
14/03/2018;2,04;7,5;89,704;2749,48;17,23
15/03/2018;2,058;7,51;90,139;2747,33;16,59
16/03/2018;2,071;7,61;90,233;2752,01;15,8
19/03/2018;2,082;7,82;89,765;2712,92;19,02
20/03/2018;2,093;7,74;90,371;2716,94;18,2
21/03/2018;2,07;7,65;89,783;2711,93;17,86
22/03/2018;2,06;7,65;89,857;2643,69;23,34
23/03/2018;2,052;7,65;89,436;2588,26;24,87
26/03/2018;2,071;7,56;89,027;2658,55;21,03
27/03/2018;2,055;7,51;89,372;2612,62;22,5
28/03/2018;2,067;7,6;90,058;2605;22,87
29/03/2018;2,066;7,48;90,151;2640,87;19,97
30/03/2018;2,066;7,48;89,974;2640,87;19,97
02/04/2018;2,062;7,48;90,052;2581,88;23,62
03/04/2018;2,071;7,48;90,2;2614,45;21,1
04/04/2018;2,069;7,34;90,142;2644,69;20,06
05/04/2018;2,075;7,23;90,46;2662,84;18,94
06/04/2018;2,063;7,1;90,108;2604,47;21,49
09/04/2018;2,068;7,04;89,838;2613,16;21,77
10/04/2018;2,085;6,97;89,587;2656,87;20,47
11/04/2018;2,09;6,99;89,568;2642,19;20,24
12/04/2018;2,113;7,02;89,751;2663,99;18,49
13/04/2018;2,127;6,98;89,8;2656,3;17,41
16/04/2018;2,139;6,92;89,425;2677,84;16,56
17/04/2018;2,15;6,86;89,516;2706,39;15,25
18/04/2018;2,174;6,82;89,623;2708,64;15,6
19/04/2018;2,181;6,77;89,94;2693,13;15,96
20/04/2018;2,196;6,92;90,316;2670,14;16,88
23/04/2018;2,207;7,13;90,946;2670,29;16,34
24/04/2018;2,199;7,11;90,766;2634,56;18,02
25/04/2018;2,205;7,29;91,172;2639,4;17,84
26/04/2018;2,207;7,29;91,561;2666,94;16,24
27/04/2018;2,212;7,05;91,542;2669,91;15,41
30/04/2018;2,225;6,95;91,841;2648,05;15,93
01/05/2018;2,234;6,95;92,449;2654,8;15,49
02/05/2018;2,229;7,31;92,512;2635,67;15,97
03/05/2018;2,226;7,25;92,414;2629,73;15,9
04/05/2018;2,24;7,21;92,566;2663,42;14,77
07/05/2018;2,239;7,21;92,749;2672,63;14,75
08/05/2018;2,247;7,21;93,12;2671,92;14,71
09/05/2018;2,26;7,43;93,04;2697,79;13,42
10/05/2018;2,26;7,2;92,65;2723,07;13,23
11/05/2018;2,26;7,02;92,537;2727,72;12,65
14/05/2018;2,265;6,88;92,587;2730,13;12,93
15/05/2018;2,282;7,15;93,219;2711,45;14,63
16/05/2018;2,291;7,14;93,392;2722,46;13,42
17/05/2018;2,285;7,14;93,469;2720,13;13,43
18/05/2018;2,283;7,14;93,637;2712,97;13,42
21/05/2018;2,3;7,14;93,677;2733,01;13,08
22/05/2018;2,299;7,08;93,609;2724,44;13,22
23/05/2018;2,267;7,42;94,003;2733,29;12,58
24/05/2018;2,249;7,1;93,775;2727,76;12,53
25/05/2018;2,237;7,21;94,253;2721,33;13,22
28/05/2018;2,237;7,21;94,418;2721,33;13,22
29/05/2018;2,151;7,21;94,82;2689,86;17,02
30/05/2018;2,202;7,21;94,069;2724,01;14,94
31/05/2018;2,214;7,35;93,979;2705,27;15,43
01/06/2018;2,247;7,22;94,156;2734,62;13,46
04/06/2018;2,273;7,13;94,038;2746,87;12,74
05/06/2018;2,263;7,25;93,876;2748,8;12,4
06/06/2018;2,282;7,35;93,614;2772,35;11,64
07/06/2018;2,269;7,47;93,435;2770,37;12,13
08/06/2018;2,274;7,59;93,535;2779,03;12,18
11/06/2018;2,288;7,47;93,608;2782;12,35
12/06/2018;2,296;7,47;93,818;2786,85;12,34
13/06/2018;2,314;7,37;93,544;2775,63;12,94
14/06/2018;2,306;7,47;94,879;2782,49;12,12
15/06/2018;2,302;7,4;94,788;2779,66;11,98
18/06/2018;2,303;7,52;94,756;2773,75;12,31
19/06/2018;2,299;7,73;95,013;2762,59;13,35
20/06/2018;2,308;7,54;95,124;2767,32;12,79
21/06/2018;2,299;7,61;94,862;2749,76;14,64
22/06/2018;2,304;7,41;94,52;2754,88;13,77
25/06/2018;2,298;7,41;94,289;2717,07;17,33
26/06/2018;2,297;7,41;94,676;2723,06;15,92
27/06/2018;2,282;7,59;95,29;2699,63;17,91
28/06/2018;2,287;7,52;95,312;2716,31;16,85
29/06/2018;2,293;7,34;94,47;2718,37;16,09
02/07/2018;2,307;7,53;94,871;2726,71;15,6
03/07/2018;2,312;7,47;94,591;2713,22;16,14
04/07/2018;2,312;7,47;94,531;2713,22;16,14
05/07/2018;2,318;7,24;94,395;2736,61;14,97
06/07/2018;2,316;7,24;93,963;2759,82;13,37
09/07/2018;2,325;6,88;94,077;2784,17;12,69
10/07/2018;2,334;7,06;94,158;2793,84;12,64
11/07/2018;2,329;7,03;94,719;2774,02;13,63
12/07/2018;2,345;7,09;94,827;2798,29;12,58
13/07/2018;2,345;7,08;94,677;2801,31;12,18
16/07/2018;2,36;7;94,511;2798,43;12,83
17/07/2018;2,373;7,11;94,985;2809,55;12,06
18/07/2018;2,373;7,11;95,085;2815,62;12,1
19/07/2018;2,358;7,38;95,164;2804,49;12,87
20/07/2018;2,362;7,24;94,476;2801,83;12,86
23/07/2018;2,378;7,28;94,632;2806,98;12,62
24/07/2018;2,379;7,26;94,613;2820,4;12,41
25/07/2018;2,388;7,19;94,233;2846,07;12,29
26/07/2018;2,395;7,1;94,785;2837,44;12,14
27/07/2018;2,391;7,1;94,669;2818,82;13,03
30/07/2018;2,393;7,1;94,348;2802,6;14,26
31/07/2018;2,397;6,97;94,554;2816,29;12,83
01/08/2018;2,409;6,98;94,661;2813,36;13,15
02/08/2018;2,404;7,13;95,17;2827,22;12,19
03/08/2018;2,407;7,17;95,161;2840,35;11,64
06/08/2018;2,411;7,4;95,358;2850,4;11,27
07/08/2018;2,421;7,25;95,186;2858,45;10,93
08/08/2018;2,426;7,37;95,092;2857,7;10,85
09/08/2018;2,416;7,37;95,504;2853,58;11,27
10/08/2018;2,397;7,94;96,357;2833,28;13,16
13/08/2018;2,402;7,98;96,391;2821,93;14,78
14/08/2018;2,41;8,11;96,731;2839,96;13,31
15/08/2018;2,403;8,18;96,696;2818,37;14,64
16/08/2018;2,417;8,18;96,645;2840,69;13,45
17/08/2018;2,413;7,72;96,101;2850,13;12,64
20/08/2018;2,4;7,67;95,9;2857,05;12,49
21/08/2018;2,406;7,57;95,256;2862,96;12,86
22/08/2018;2,397;7,57;95,146;2861,82;12,25
23/08/2018;2,401;7,76;95,666;2856,98;12,41
24/08/2018;2,412;7,68;95,146;2874,69;11,99
27/08/2018;2,425;7,68;94,779;2896,74;12,16
28/08/2018;2,435;7,68;94,72;2897,52;12,5
29/08/2018;2,439;7,42;94,6;2914,04;12,25
30/08/2018;2,424;7,55;94,723;2901,13;13,53
31/08/2018;2,428;7,61;95,14;2901,52;12,86
03/09/2018;2,428;7,68;95,14;2901,52;12,86
04/09/2018;2,445;7,77;95,439;2896,72;13,16
05/09/2018;2,451;7,86;95,184;2888,6;13,91
06/09/2018;2,452;7,74;95,021;2878,05;14,65
07/09/2018;2,487;7,87;95,365;2871,68;14,88
10/09/2018;2,493;7,81;95,15;2877,13;14,16
11/09/2018;2,515;7,93;95,249;2887,89;13,22
12/09/2018;2,515;7,77;94,799;2888,92;13,14
13/09/2018;2,52;7,65;94,518;2904,18;12,37
14/09/2018;2,542;7,56;94,927;2904,98;12,07
17/09/2018;2,541;7,58;94,496;2888,8;13,68
18/09/2018;2,554;7,49;94,64;2904,31;12,79
19/09/2018;2,565;7,49;94,537;2907,95;11,75
20/09/2018;2,563;7,57;93,912;2930,75;11,8
21/09/2018;2,572;7,72;94,22;2929,67;11,68
24/09/2018;2,582;7,75;94,185;2919,37;12,2
25/09/2018;2,589;7,69;94,133;2915,56;12,42
26/09/2018;2,583;7,5;94,193;2905,97;12,89
27/09/2018;2,591;7,6;94,894;2914;12,41
28/09/2018;2,589;7,58;95,132;2913,98;12,12
01/10/2018;2,598;7,55;95,298;2924,59;12
02/10/2018;2,596;7,67;95,507;2923,43;12,05
03/10/2018;2,613;7,62;95,762;2925,51;11,61
04/10/2018;2,627;7,72;95,751;2901,61;14,22
05/10/2018;2,636;7,65;95,624;2885,57;14,82
08/10/2018;2,636;7,83;95,761;2884,43;15,69
09/10/2018;2,645;7,87;95,668;2880,34;15,95
10/10/2018;2,635;7,65;95,508;2785,68;22,96
11/10/2018;2,629;7,74;95,017;2728,37;24,98
12/10/2018;2,631;7,61;95,221;2767,13;21,31
15/10/2018;2,642;7,64;95,059;2750,79;21,3
16/10/2018;2,645;7,46;95,048;2809,92;17,62
17/10/2018;2,657;7,57;95,575;2809,21;17,4
18/10/2018;2,652;7,59;95,9;2768,78;20,06
19/10/2018;2,676;7,51;95,713;2767,78;19,89
22/10/2018;2,678;7,56;96,013;2755,88;19,64
23/10/2018;2,663;7,86;95,961;2740,69;20,71
24/10/2018;2,632;7,89;96,434;2656,1;25,23
25/10/2018;2,649;7,83;96,679;2705,57;24,22
26/10/2018;2,631;7,9;96,359;2658,69;24,16
29/10/2018;2,635;7,99;96,579;2641,25;24,7
30/10/2018;2,656;7,97;97,011;2682,63;23,35
31/10/2018;2,675;7,98;97,127;2711,74;21,23
01/11/2018;2,666;7,93;96,277;2740,37;19,34
02/11/2018;2,695;7,64;96,542;2723,06;19,51
05/11/2018;2,697;7,83;96,279;2738,31;19,96
06/11/2018;2,709;7,87;96,317;2755,45;19,91
07/11/2018;2,723;7,72;95,997;2813,89;16,36
08/11/2018;2,737;7,65;96,724;2806,83;16,72
09/11/2018;2,723;7,71;96,905;2781,01;17,36
12/11/2018;2,723;8,02;97,542;2726,22;20,45
13/11/2018;2,709;8,1;97,303;2722,18;20,02
14/11/2018;2,697;8,25;96,803;2701,58;21,25
15/11/2018;2,696;8,53;96,927;2730,2;19,98
16/11/2018;2,673;8,3;96,465;2736,27;18,14
19/11/2018;2,665;8,3;96,193;2690,73;20,1
20/11/2018;2,675;8,33;96,836;2641,89;22,48
21/11/2018;2,686;8,21;96,712;2649,93;20,8
22/11/2018;2,686;8,16;96,712;2649,93;20,8
23/11/2018;2,692;8,34;96,916;2632,56;21,52
26/11/2018;2,7;8,12;97,074;2673,45;18,9
27/11/2018;2,701;8,08;97,369;2682,17;19,02
28/11/2018;2,69;8,11;96,786;2743,79;18,49
29/11/2018;2,692;8,2;96,778;2737,76;18,79
30/11/2018;2,694;8,31;97,272;2760,17;18,07
03/12/2018;2,715;8,02;97,04;2790,37;16,44
04/12/2018;2,711;8,09;96,965;2700,06;20,74
05/12/2018;2,711;8,13;97,07;2700,06;20,74
06/12/2018;2,693;8,54;96,81;2695,95;21,19
07/12/2018;2,676;8,49;96,514;2633,08;23,23
10/12/2018;2,685;8,59;97,219;2637,72;22,64
11/12/2018;2,706;8,4;97,388;2636,78;21,76
12/12/2018;2,704;8,41;97,044;2651,07;21,46
13/12/2018;2,695;7,97;97,064;2650,54;20,65
14/12/2018;2,684;7,99;97,443;2599,95;21,63
17/12/2018;2,657;7,98;97,1;2545,94;24,52
18/12/2018;2,634;8,05;97,104;2546,16;25,58
19/12/2018;2,633;8,15;97,035;2506,96;25,58
20/12/2018;2,639;8,23;96,276;2467,42;28,38
21/12/2018;2,63;8,37;96,956;2416,62;30,11
24/12/2018;2,6;8,58;96,553;2351,1;36,07
25/12/2018;2,6;8,6;96,581;2351,1;36,07
26/12/2018;2,622;8,67;97,05;2467,7;30,41
27/12/2018;2,595;8,72;96,481;2488,83;29,96
28/12/2018;2,577;8,73;96,402;2485,74;28,34
31/12/2018;2,574;8,66;96,173;2506,85;25,42
01/01/2019;2,574;8,69;96,085;2506,85;25,42
02/01/2019;2,568;9,222907;96,819;2510,03;23,22
03/01/2019;2,494;8,952615;96,305;2447,89;25,45
04/01/2019;2,557;8,953389;96,179;2531,94;21,38
07/01/2019;2,579;8,17;95,666;2549,69;21,4
08/01/2019;2,605;8,1;95,903;2574,41;20,47
09/01/2019;2,589;8,33;95,219;2584,96;19,98
10/01/2019;2,587;8,11;95,539;2596,64;19,5
11/01/2019;2,578;8,15;95,67;2596,26;18,19
14/01/2019;2,567;7,98;95,61;2582,61;19,07
15/01/2019;2,563;8,07;96,039;2610,3;18,6
16/01/2019;2,565;7,9;96,059;2616,1;19,04
17/01/2019;2,575;7,77;96,065;2635,96;18,06
18/01/2019;2,597;7,8;96,336;2670,71;17,8
21/01/2019;2,597;7,51;96,336;2670,71;17,8
22/01/2019;2,584;7,66;96,303;2632,9;20,8
23/01/2019;2,585;7,62;96,123;2638,7;19,52
24/01/2019;2,574;7,53;96,601;2642,33;18,89
25/01/2019;2,59;7,49;95,794;2664,76;17,42
28/01/2019;2,588;7,48;95,746;2643,85;18,87
29/01/2019;2,58;7,41;95,821;2640;19,13
30/01/2019;2,548;7,4;95,34;2681,05;17,66
31/01/2019;2,519;7,43;95,578;2704,1;16,57
01/02/2019;2,543;7,37;95,579;2706,53;16,14
04/02/2019;2,554;7,27;95,852;2724,87;15,73
05/02/2019;2,547;7,28;96,067;2737,7;15,57
06/02/2019;2,546;7,63;96,39;2731,61;15,38
07/02/2019;2,525;7,63;96,507;2706,05;16,37
08/02/2019;2,517;7,67;96,637;2707,88;15,72
11/02/2019;2,528;7,57;97,057;2709,8;15,97
12/02/2019;2,533;7,51;96,709;2744,73;15,43
13/02/2019;2,548;7,44;97,129;2753,03;15,65
14/02/2019;2,531;7,52;96,978;2745,73;16,22
15/02/2019;2,541;7,56;96,904;2775,6;14,91
18/02/2019;2,541;7,47;96,904;2775,6;14,91
19/02/2019;2,53;7,37;96,52;2779,76;14,88
20/02/2019;2,532;7,46;96,454;2784,7;14,02
21/02/2019;2,544;7,3;96,605;2774,88;14,46
22/02/2019;2,529;7,21;96,507;2792,67;13,51
25/02/2019;2,539;6,89;96,413;2796,11;14,85
26/02/2019;2,529;6,75;96,003;2793,9;15,17
27/02/2019;2,534;6,73;96,154;2792,38;14,7
28/02/2019;2,545;6,73;96,157;2784,49;14,78
01/03/2019;2,564;6,67;96,527;2803,69;13,57
04/03/2019;2,559;6,89;96,682;2792,81;14,63
05/03/2019;2,564;6,77;96,866;2789,65;14,74
06/03/2019;2,549;6,87;96,873;2771,45;15,74
07/03/2019;2,53;6,96;97,667;2748,93;16,59
08/03/2019;2,528;6,93;97,306;2743,07;16,05
11/03/2019;2,532;6,84;97,215;2783,3;14,33
12/03/2019;2,52;6,79;96,935;2791,52;13,77
13/03/2019;2,521;6,8;96,55;2810,92;13,41
14/03/2019;2,525;6,72;96,785;2808,48;13,5
15/03/2019;2,515;6,44;96,595;2822,48;12,88
18/03/2019;2,519;6,41;96,524;2832,94;13,1
19/03/2019;2,523;6,22;96,383;2832,57;13,56
20/03/2019;2,488;6,29;95,761;2824,23;13,91
21/03/2019;2,491;7,08;96,495;2854,88;13,63
22/03/2019;2,454;7,02;96,651;2800,71;16,48
25/03/2019;2,42;7;96,566;2798,36;16,33
26/03/2019;2,421;6,81;96,736;2818,46;14,68
27/03/2019;2,391;7,01;96,774;2805,37;15,15
28/03/2019;2,394;7,23;97,202;2815,44;14,43
29/03/2019;2,412;6,93;97,284;2834,4;13,71
01/04/2019;2,426;6,83;97,232;2867,19;13,4
02/04/2019;2,416;6,81;97,361;2867,24;13,36
03/04/2019;2,428;6,89;97,091;2873,4;13,74
04/04/2019;2,428;6,52;97,308;2879,39;13,58
05/04/2019;2,436;6,45;97,395;2892,74;12,82
08/04/2019;2,445;6,2;97,05;2895,77;13,18
09/04/2019;2,437;6,18;97,006;2878,2;14,28
10/04/2019;2,429;6,18;96,946;2888,21;13,3
11/04/2019;2,442;5,49;97,177;2888,32;13,02
12/04/2019;2,462;5,53;96,972;2907,41;12,01
15/04/2019;2,459;5,62;96,942;2905,58;12,32
16/04/2019;2,467;5,52;97,043;2907,06;12,18
17/04/2019;2,463;5,52;97,009;2900,45;12,6
18/04/2019;2,459;5,48;97,474;2905,03;12,09
19/04/2019;2,459;5,44;97,378;2905,03;12,09
22/04/2019;2,456;5,5;97,287;2907,97;12,42
23/04/2019;2,444;5,48;97,636;2933,68;12,28
24/04/2019;2,422;5,73;98,173;2927,25;13,14
25/04/2019;2,428;6,2;98,203;2926,17;13,25
26/04/2019;2,405;5,91;98,006;2939,88;12,73
29/04/2019;2,411;5,84;97,857;2943,03;13,11
30/04/2019;2,391;5,95;97,479;2945,83;13,12
01/05/2019;2,413;5,98;97,686;2923,73;14,8
02/05/2019;2,428;5,77;97,832;2917,52;14,42
03/05/2019;2,428;5,84;97,52;2945,64;12,87
06/05/2019;2,415;6,07;97,515;2932,47;15,44
07/05/2019;2,403;6,06;97,628;2884,05;19,32
08/05/2019;2,408;6,2;97,623;2879,42;19,4
09/05/2019;2,395;6,42;97,373;2870,72;19,1
10/05/2019;2,394;6,05;97,33;2881,4;16,04
13/05/2019;2,351;6,23;97,319;2811,87;20,55
14/05/2019;2,359;6,14;97,526;2834,41;18,06
15/05/2019;2,34;6,32;97,569;2850,96;16,44
16/05/2019;2,357;6,15;97,855;2876,32;15,29
17/05/2019;2,36;6,2;97,995;2859,53;15,96
20/05/2019;2,371;6,1;97,933;2840,23;16,31
21/05/2019;2,392;6,08;98,062;2864,36;14,95
22/05/2019;2,383;5,93;98,041;2856,27;14,75
23/05/2019;2,333;6,15;97,856;2822,24;16,92
24/05/2019;2,354;6,14;97,613;2826,06;15,85
27/05/2019;2,354;6,08;97,613;2826,06;15,85
28/05/2019;2,328;6;97,952;2802,39;17,5
29/05/2019;2,318;6,09;98,144;2783,02;17,9
30/05/2019;2,298;5,94;98,142;2788,86;17,3
31/05/2019;2,214;6,13;97,75;2752,06;18,71
03/06/2019;2,137;6,16;97,142;2744,45;18,86
04/06/2019;2,145;6,3;97,072;2803,27;16,97
05/06/2019;2,107;6,43;97,32;2826,15;16,09
06/06/2019;2,123;6,32;97,044;2843,49;15,93
07/06/2019;2,074;6,18;96,544;2873,34;16,3
10/06/2019;2,103;6,12;96,761;2886,73;15,94
11/06/2019;2,125;6,03;96,686;2885,72;15,99
12/06/2019;2,102;6,03;97;2879,84;15,91
13/06/2019;2,06;5,97;97,013;2891,64;15,82
14/06/2019;2,058;5,9;97,572;2886,98;15,28
17/06/2019;2,071;5,92;97,558;2889,67;15,35
18/06/2019;2,076;5,93;97,644;2917,75;15,15
19/06/2019;1,997;5,94;97,117;2926,46;14,33
20/06/2019;1,964;6,04;96,629;2954,18;14,75
21/06/2019;1,981;6,06;96,22;2950,46;15,4
24/06/2019;1,959;6,16;95,98;2945,35;15,26
25/06/2019;1,963;6,17;96,14;2917,38;16,28
26/06/2019;2;6,18;96,214;2913,78;16,21
27/06/2019;1,986;6,22;96,194;2924,92;15,82
28/06/2019;1,98;6,21;96,13;2941,76;15,08
01/07/2019;1,998;5,9;96,844;2964,33;14,06
02/07/2019;1,983;5,94;96,726;2973,01;12,93
03/07/2019;1,986;5,98;96,768;2995,82;12,57
04/07/2019;1,986;6;96,768;2995,82;12,57
05/07/2019;2,057;6,05;97,286;2990,41;13,28
08/07/2019;2,065;5,55;97,384;2975,95;13,96
09/07/2019;2,083;5,58;97,489;2979,63;14,09
10/07/2019;2,016;5,62;97,104;2993,07;13,03
11/07/2019;2,029;5,7;97,05;2999,91;12,93
12/07/2019;2,026;5,7;96,81;3013,77;12,39
15/07/2019;2,016;5,7;96,933;3014,3;12,68
16/07/2019;2,032;5,78;97,395;3004,04;12,86
17/07/2019;2,007;5,81;97,223;2984,42;13,97
18/07/2019;1,955;6,03;96,794;2995,11;13,53
19/07/2019;1,993;6,17;97,151;2976,61;14,45
22/07/2019;1,996;6,05;97,257;2985,03;13,53
23/07/2019;2,011;6,1;97,705;3005,47;12,61
24/07/2019;2,011;6,21;97,729;3019,56;12,07
25/07/2019;2,038;6,3;97,818;3003,67;12,74
26/07/2019;2,048;6,29;98,01;3025,86;12,16
29/07/2019;2,037;6,47;98,044;3020,97;12,83
30/07/2019;2,028;6,46;98,05;3013,18;13,94
31/07/2019;2,061;6,5;98,516;2980,38;16,12
01/08/2019;1,957;6,86;98,369;2953,56;17,87
02/08/2019;1,931;7,26;98,074;2932,05;17,61
05/08/2019;1,846;7,77;97,522;2844,74;24,59
06/08/2019;1,851;7,41;97,63;2881,77;20,17
07/08/2019;1,827;7,83;97,544;2883,98;19,49
08/08/2019;1,848;7,63;97,618;2938,09;16,91
09/08/2019;1,854;7,79;97,491;2918,65;17,97
12/08/2019;1,822;8,11;97,38;2883,75;21,09
13/08/2019;1,882;8,05;97,812;2926,32;17,52
14/08/2019;1,821;7,89;97,987;2840,6;22,1
15/08/2019;1,746;8,01;98,144;2847,6;21,18
16/08/2019;1,74;8,03;98,142;2888,68;18,47
19/08/2019;1,778;7,81;98,347;2923,65;16,88
20/08/2019;1,751;7,65;98,19;2900,51;17,5
21/08/2019;1,796;7,62;98,295;2924,43;15,8
22/08/2019;1,821;7,61;98,17;2922,95;16,68
23/08/2019;1,763;7,57;97,64;2847,11;19,87
26/08/2019;1,784;7,79;98,081;2878,38;19,32
27/08/2019;1,779;7,59;97,999;2869,16;20,31
28/08/2019;1,777;7,76;98,21;2887,94;19,35
29/08/2019;1,8;7,77;98,507;2924,58;17,88
30/08/2019;1,797;7,82;98,916;2926,46;18,98
02/09/2019;1,797;8,07;98,916;2926,46;18,98
03/09/2019;1,765;8,18;99;2906,27;19,66
04/09/2019;1,736;7,52;98,451;2937,78;17,33
05/09/2019;1,799;7,03;98,414;2976;16,27
06/09/2019;1,792;6,98;98,394;2978,71;15
09/09/2019;1,815;6,8;98,281;2978,43;15,27
10/09/2019;1,873;6,78;98,326;2979,39;15,2
11/09/2019;1,863;6,78;98,645;3000,93;14,61
12/09/2019;1,891;6,72;98,309;3009,57;14,22
13/09/2019;1,935;6,9;98,257;3007,39;13,74
16/09/2019;1,924;6,84;98,61;2997,96;14,67
17/09/2019;1,929;6,96;98,261;3005,7;14,44
18/09/2019;1,934;7,03;98,561;3006,73;13,95
19/09/2019;1,933;6,97;98,272;3006,79;14,05
20/09/2019;1,9;6,88;98,513;2992,07;15,32
23/09/2019;1,879;7,07;98,599;2991,78;14,91
24/09/2019;1,849;6,88;98,337;2966,6;17,05
25/09/2019;1,888;7,04;99,037;2984,87;15,96
26/09/2019;1,868;7,17;99,132;2977,62;16,07
27/09/2019;1,847;7,12;99,109;2961,79;17,22
30/09/2019;1,831;7;99,377;2976,74;16,24
01/10/2019;1,776;7,07;99,128;2940,25;18,56
02/10/2019;1,721;7,18;99,019;2887,61;20,56
03/10/2019;1,646;7,18;98,864;2910,63;19,12
04/10/2019;1,645;6,92;98,808;2952,01;17,04
07/10/2019;1,679;6,83;98,967;2938,79;17,86
08/10/2019;1,653;6,83;99,133;2893,06;20,28
09/10/2019;1,661;6,77;99,118;2919,4;18,64
10/10/2019;1,688;6,76;98,701;2938,13;17,57
11/10/2019;1,723;6,86;98,301;2970,27;15,58
14/10/2019;1,723;6,62;98,454;2966,15;14,57
15/10/2019;1,709;6,6;98,288;2995,68;13,54
16/10/2019;1,671;6,67;98,002;2989,69;13,68
17/10/2019;1,669;6,49;97,607;2997,95;13,79
18/10/2019;1,654;6,47;97,282;2986,2;14,25
21/10/2019;1,681;6,25;97,328;3006,72;14
22/10/2019;1,675;6,2;97,526;2995,99;14,46
23/10/2019;1,674;6,23;97,491;3004,52;14,01
24/10/2019;1,677;6,24;97,631;3010,29;13,71
25/10/2019;1,7;6,14;97,831;3022,55;12,65
28/10/2019;1,709;6,08;97,764;3039,42;13,11
29/10/2019;1,702;6,1;97,69;3036,89;13,2
30/10/2019;1,677;6,12;97,646;3046,77;12,33
31/10/2019;1,612;6,21;97,352;3037,56;13,22
01/11/2019;1,63;6,26;97,239;3066,91;12,3
04/11/2019;1,649;6,14;97,505;3078,27;12,83
05/11/2019;1,668;6,1;97,983;3074,62;13,1
06/11/2019;1,657;6,06;97,952;3076,78;12,62
07/11/2019;1,691;6;98,143;3085,18;12,73
08/11/2019;1,688;6,17;98,353;3093,08;12,07
11/11/2019;1,688;6,02;98,2;3087,01;12,69
12/11/2019;1,68;6,05;98,309;3091,84;12,68
13/11/2019;1,667;6,1;98,373;3094,04;13
14/11/2019;1,645;6,13;98,163;3096,63;13,05
15/11/2019;1,657;6,06;97,999;3120,46;12,05
18/11/2019;1,653;5,93;97,794;3122,03;12,46
19/11/2019;1,656;5,88;97,856;3120,18;12,86
20/11/2019;1,647;5,97;97,934;3108,46;12,78
21/11/2019;1,662;5,9;97,993;3103,54;13,13
22/11/2019;1,675;5,86;98,27;3110,29;12,34
25/11/2019;1,679;5,74;98,323;3133,64;11,87
26/11/2019;1,673;5,65;98,252;3140,52;11,54
27/11/2019;1,702;5,52;98,37;3153,63;11,75
28/11/2019;1,702;5,48;98,37;3153,63;11,75
29/11/2019;1,699;5,57;98,273;3140,98;12,62
02/12/2019;1,687;5,55;97,856;3113,87;14,91
03/12/2019;1,652;5,77;97,737;3093,2;15,96
04/12/2019;1,66;5,72;97,648;3112,76;14,8
05/12/2019;1,661;5,75;97,41;3117,43;14,52
06/12/2019;1,673;5,75;97,7;3145,91;13,62
09/12/2019;1,669;5,78;97,644;3135,96;15,86
10/12/2019;1,683;5,82;97,413;3132,52;15,68
11/12/2019;1,667;5,84;97,078;3141,63;14,99
12/12/2019;1,691;5,97;97,397;3168,57;13,94
13/12/2019;1,665;5,58;97,172;3168,8;12,63
16/12/2019;1,679;5,49;97,019;3191,45;12,14
17/12/2019;1,672;5,7;97,222;3192,52;12,29
18/12/2019;1,67;5,64;97,4;3191,14;12,58
19/12/2019;1,669;5,47;97,379;3205,37;12,5
20/12/2019;1,674;5,39;97,69;3221,22;12,51
23/12/2019;1,684;5,34;97,658;3224,01;12,61
24/12/2019;1,671;5,35;97,654;3223,38;12,67
25/12/2019;1,671;5,35;97,632;3223,38;12,67
26/12/2019;1,674;5,38;97,534;3239,91;12,65
27/12/2019;1,647;5,43;96,919;3240,02;13,43
30/12/2019;1,64;5,57;96,74;3221,29;14,82
31/12/2019;1,642;5,71;96,389;3230,78;13,78
01/01/2020;1,642;5,71;96,445;3230,78;13,78
02/01/2020;1,631;5,78;96,846;3257,85;12,47
03/01/2020;1,607;5,47;96,838;3234,85;14,02
06/01/2020;1,614;5,72;96,671;3246,28;13,85
07/01/2020;1,615;5,48;97,005;3237,18;13,79
08/01/2020;1,629;5,39;97,299;3253,05;13,45
09/01/2020;1,63;5,27;97,45;3274,7;12,54
10/01/2020;1,626;5,12;97,356;3265,35;12,56
13/01/2020;1,636;5,13;97,345;3288,13;12,32
14/01/2020;1,628;5,05;97,372;3283,15;12,39
15/01/2020;1,621;5,06;97,229;3289,29;12,42
16/01/2020;1,616;4,98;97,32;3316,81;12,32
17/01/2020;1,618;4,96;97,606;3329,62;12,1
20/01/2020;1,618;4,92;97,606;3329,62;12,1
21/01/2020;1,597;4,97;97,531;3320,79;12,85
22/01/2020;1,591;4,88;97,527;3321,75;12,91
23/01/2020;1,587;4,97;97,693;3325,54;12,98
24/01/2020;1,577;4,92;97,853;3295,47;14,56
27/01/2020;1,552;5,16;97,956;3243,63;18,23
28/01/2020;1,57;5,14;98,018;3276,24;16,28
29/01/2020;1,555;5,01;97,991;3273,4;16,39
30/01/2020;1,54;5,12;97,867;3283,66;15,49
31/01/2020;1,498;5,42;97,39;3225,52;18,84
03/02/2020;1,513;5,37;97,8;3248,92;17,97
04/02/2020;1,541;5,19;97,961;3297,59;16,05
05/02/2020;1,559;4,9;98,301;3334,69;15,15
06/02/2020;1,563;4,9;98,496;3345,78;14,96
07/02/2020;1,541;5;98,684;3327,71;15,47
10/02/2020;1,527;5,01;98,832;3352,09;15,04
11/02/2020;1,544;4,94;98,721;3357,75;15,18
12/02/2020;1,556;4,87;99,049;3379,45;13,74
13/02/2020;1,554;5,18;99,067;3373,94;14,15
14/02/2020;1,544;5,16;99,124;3380,16;13,68
17/02/2020;1,544;4,97;99,003;3380,16;13,68
18/02/2020;1,529;5,08;99,44;3370,29;14,83
19/02/2020;1,532;5,15;99,705;3386,15;14,38
20/02/2020;1,514;5,37;99,865;3373,23;15,56
21/02/2020;1,485;5,38;99,262;3337,75;17,08
24/02/2020;1,419;5,71;99,359;3225,89;25,03
25/02/2020;1,385;5,59;98,968;3128,21;27,85
26/02/2020;1,355;5,98;98,996;3116,39;27,56
27/02/2020;1,282;6,27;98,508;2978,76;39,16
28/02/2020;1,113;6,27;98,132;2954,22;40,11
02/03/2020;1,077;7,23;97,36;3090,23;33,42
03/03/2020;0,876;6,75;97,153;3003,37;36,82
04/03/2020;0,761;6,75;97,336;3130,12;31,99
05/03/2020;0,656;6,45;96,82;3023,94;39,62
06/03/2020;0,603;8,35;95,951;2972,37;41,94
09/03/2020;0,511;10,18;94,895;2746,56;54,46
10/03/2020;0,639;8,99;96,414;2882,23;47,3
11/03/2020;0,641;9,72;96,507;2741,38;53,9
12/03/2020;0,6;13,5;97,468;2480,64;75,47
13/03/2020;0,623;10,94;98,749;2711,02;57,83
16/03/2020;0,537;12,61;98,069;2386,13;82,69
17/03/2020;0,554;12,42;99,575;2529,19;75,91
18/03/2020;0,54;12,69;101,16;2398,1;76,45
19/03/2020;0,464;16,36;102,755;2409,39;72
20/03/2020;0,354;14,17;102,817;2304,92;66,04
23/03/2020;0,331;14,81;102,487;2237,4;61,59
24/03/2020;0,349;12,18;102,039;2447,33;61,67
25/03/2020;0,284;10,66;101,05;2475,56;63,95
26/03/2020;0,253;11,51;99,352;2630,07;61
27/03/2020;0,247;11,06;98,365;2541,47;65,54
30/03/2020;0,238;11,35;99,181;2626,65;57,08
31/03/2020;0,251;10,39;99,048;2584,59;53,54
01/04/2020;0,267;10,31;99,673;2470,5;57,06
02/04/2020;0,242;10,29;100,18;2526,9;50,91
03/04/2020;0,235;10,63;100,576;2488,65;46,8
06/04/2020;0,259;10,22;100,685;2663,68;45,24
07/04/2020;0,251;9,58;99,9;2659,41;46,7
08/04/2020;0,247;9,46;100,119;2749,98;43,35
09/04/2020;0,25;9,06;99,517;2789,82;41,67
10/04/2020;0,25;9,06;99,482;2789,82;41,67
13/04/2020;0,253;8,76;99,348;2761,63;41,17
14/04/2020;0,235;8,58;98,887;2846,06;37,76
15/04/2020;0,208;8,56;99,461;2783,36;40,84
16/04/2020;0,203;8,91;100,025;2799,55;40,11
17/04/2020;0,201;9,03;99,782;2874,56;38,15
20/04/2020;0,196;8,84;99,955;2823,16;43,83
21/04/2020;0,187;9,2;100,258;2736,56;45,41
22/04/2020;0,186;9,11;100,388;2799,31;41,98
23/04/2020;0,19;9,23;100,433;2797,8;41,38
24/04/2020;0,191;9,22;100,38;2836,74;35,93
27/04/2020;0,197;8,77;100,041;2878,48;33,29
28/04/2020;0,181;8,72;99,865;2863,39;33,57
29/04/2020;0,189;8,23;99,565;2939,51;31,23
30/04/2020;0,181;7,83;99,016;2912,43;34,15
01/05/2020;0,191;8,1;99,079;2830,71;37,19
04/05/2020;0,178;8,42;99,484;2842,74;35,97
05/05/2020;0,181;8,3;99,709;2868,44;33,61
06/05/2020;0,18;8,42;100,091;2848,42;34,12
07/05/2020;0,154;8,43;99,889;2881,19;31,44
08/05/2020;0,169;8,43;99,734;2929,8;27,98
11/05/2020;0,185;8,43;100,236;2930,32;27,57
12/05/2020;0,181;8,02;99,933;2870,12;33,04
13/05/2020;0,179;7,92;100,242;2820;35,28
14/05/2020;0,166;8,06;100,466;2852,5;32,61
15/05/2020;0,171;8,01;100,402;2863,7;31,89
18/05/2020;0,18;8,07;99,665;2953,91;29,3
19/05/2020;0,171;7,84;99,371;2922,94;30,53
20/05/2020;0,17;7,74;99,124;2971,61;27,99
21/05/2020;0,167;7,54;99,37;2948,51;29,53
22/05/2020;0,178;7,65;99,863;2955,45;28,16
25/05/2020;0,178;7,46;99,863;2955,45;28,16
26/05/2020;0,183;7,19;98,908;2991,77;28,01
27/05/2020;0,192;6,86;99,062;3036,13;27,62
28/05/2020;0,193;6,93;98,383;3029,73;28,59
29/05/2020;0,19;7,16;98,344;3044,31;27,51
01/06/2020;0,191;6,98;97,83;3055,73;28,23
02/06/2020;0,196;6,9;97,673;3080,82;26,84
03/06/2020;0,211;7;97,276;3122,87;25,66
04/06/2020;0,205;6,98;96,677;3112,35;25,81
05/06/2020;0,218;6,98;96,937;3193,93;24,52
08/06/2020;0,224;6,98;96,618;3232,39;25,81
09/06/2020;0,217;7,32;96,324;3207,18;27,57
10/06/2020;0,203;7,66;95,959;3190,14;27,57
11/06/2020;0,214;7,72;96,733;3002,1;40,79
12/06/2020;0,213;8,18;97,319;3041,31;36,09
15/06/2020;0,209;8,38;96,706;3066,59;34,4
16/06/2020;0,212;7,97;96,958;3124,74;33,67
17/06/2020;0,209;8,03;97,158;3113,49;33,47
18/06/2020;0,204;8,04;97,421;3115,34;32,94
19/06/2020;0,199;7,94;97,623;3097,74;35,12
22/06/2020;0,199;7,83;97,039;3117,86;31,77
23/06/2020;0,199;7,95;96,646;3131,29;31,37
24/06/2020;0,191;7,89;97,148;3050,33;33,84
25/06/2020;0,192;8,1;97,429;3083,76;32,22
26/06/2020;0,181;7,75;97,433;3009,05;34,73
29/06/2020;0,18;7,74;97,536;3053,24;31,78
30/06/2020;0,176;7,59;97,391;3100,29;30,43
01/07/2020;0,183;7,39;97,196;3115,86;28,62
02/07/2020;0,179;7,35;97,317;3130,01;27,68
03/07/2020;0,179;7,01;97,172;3130,01;27,68
06/07/2020;0,179;6,91;96,725;3179,72;27,94
07/07/2020;0,18;6,97;96,881;3145,32;29,43
08/07/2020;0,176;6,92;96,428;3169,94;28,08
09/07/2020;0,173;6,91;96,7;3152,05;29,26
10/07/2020;0,169;6,97;96,652;3185,04;27,29
13/07/2020;0,169;6,81;96,464;3155,22;32,19
14/07/2020;0,169;6,94;96,259;3197,52;29,52
15/07/2020;0,165;6,92;96,081;3226,56;27,76
16/07/2020;0,157;6,78;96,346;3215,57;28
17/07/2020;0,157;6,78;95,942;3224,73;25,68
20/07/2020;0,155;6,69;95,832;3251,84;24,46
21/07/2020;0,152;6,58;95,117;3257,3;24,84
22/07/2020;0,155;6,78;94,988;3276,02;24,32
23/07/2020;0,158;6,8;94,692;3235,66;26,08
24/07/2020;0,156;7,1;94,435;3215,63;25,84
27/07/2020;0,16;7,72;93,668;3239,41;24,74
28/07/2020;0,151;7,8;93,696;3218,44;25,44
29/07/2020;0,144;7,75;93,453;3258,44;24,1
30/07/2020;0,14;7,65;93,021;3246,22;24,76
31/07/2020;0,131;8,08;93,349;3271,12;24,46
03/08/2020;0,13;7,78;93,542;3294,61;24,28
04/08/2020;0,128;8,25;93,382;3306,51;23,76
05/08/2020;0,134;8,36;92,868;3327,77;22,99
06/08/2020;0,134;8,57;92,788;3349,16;22,65
07/08/2020;0,141;8,51;93,435;3351,28;22,21
10/08/2020;0,143;8,02;93,582;3360,47;22,13
11/08/2020;0,156;7,89;93,628;3333,69;24,03
12/08/2020;0,158;7,99;93,443;3380,35;22,28
13/08/2020;0,16;8,1;93,335;3373,43;22,13
14/08/2020;0,151;8,1;93,096;3372,85;22,05
17/08/2020;0,15;8,14;92,851;3381,99;21,35
18/08/2020;0,148;8,35;92,271;3389,78;21,51
19/08/2020;0,145;8,63;92,887;3374,85;22,54
20/08/2020;0,147;8,49;92,793;3385,51;22,72
21/08/2020;0,15;8,43;93,247;3397,16;22,54
24/08/2020;0,154;8,3;93,298;3431,28;22,37
25/08/2020;0,154;8,24;93,019;3443,62;22,03
26/08/2020;0,153;8,05;93,006;3478,73;23,27
27/08/2020;0,154;8,02;93,001;3484,55;24,47
28/08/2020;0,141;8,19;92,371;3508,01;22,96
31/08/2020;0,141;8,23;92,144;3500,31;26,41
01/09/2020;0,144;8,38;92,338;3526,65;26,12
02/09/2020;0,145;8,15;92,847;3580,84;26,57
03/09/2020;0,138;8,21;92,739;3455,06;33,6
04/09/2020;0,149;8,21;92,719;3426,96;30,75
07/09/2020;0,149;8,36;92,719;3426,96;30,75
08/09/2020;0,148;8,71;93,445;3331,84;31,46
09/09/2020;0,15;8,73;93,255;3398,96;28,81
10/09/2020;0,149;8,64;93,336;3339,19;29,71
11/09/2020;0,145;8,88;93,333;3340,97;26,87
14/09/2020;0,147;8,79;93,052;3383,54;25,85
15/09/2020;0,145;8,79;93,05;3401,2;25,59
16/09/2020;0,141;8,74;93,214;3385,49;26,04
17/09/2020;0,139;8,68;92,97;3357,01;26,46
18/09/2020;0,14;8,6;92,926;3319,47;25,83
21/09/2020;0,138;8,58;93,656;3281,06;27,78
22/09/2020;0,138;8,89;93,988;3315,57;26,86
23/09/2020;0,141;8,77;94,389;3236,92;28,58
24/09/2020;0,137;8,91;94,354;3246,59;28,51
25/09/2020;0,135;8,65;94,642;3298,46;26,38
28/09/2020;0,133;8,58;94,278;3351,6;26,19
29/09/2020;0,13;8,4;93,891;3335,47;26,27
30/09/2020;0,133;8,27;93,886;3363;26,37
01/10/2020;0,134;8,21;93,711;3380,8;26,7
02/10/2020;0,135;8,31;93,844;3348,44;27,63
05/10/2020;0,138;8,18;93,513;3408,63;27,96
06/10/2020;0,142;8,11;93,686;3360,95;29,48
07/10/2020;0,142;8,16;93,63;3419,45;28,06
08/10/2020;0,139;8,06;93,605;3446,83;26,36
09/10/2020;0,144;7,75;93,057;3477,13;25
12/10/2020;0,144;7,7;93,065;3534,22;25,07
13/10/2020;0,139;7,62;93,531;3511,93;26,07
14/10/2020;0,136;7,57;93,382;3488,67;26,4
15/10/2020;0,137;7,72;93,856;3483,34;26,97
16/10/2020;0,136;7,53;93,682;3483,81;27,41
19/10/2020;0,143;7,44;93,427;3426,92;29,18
20/10/2020;0,141;7,67;93,067;3443,12;29,35
21/10/2020;0,14;7,87;92,611;3435,56;28,65
22/10/2020;0,142;7,86;92,951;3453,49;28,11
23/10/2020;0,145;7,74;92,768;3465,39;27,55
26/10/2020;0,14;7,72;93,045;3400,97;32,46
27/10/2020;0,142;7,87;92,94;3390,68;33,35
28/10/2020;0,139;8,3;93,405;3271,03;40,28
29/10/2020;0,141;8,38;93,955;3310,11;37,59
30/10/2020;0,14;8,12;94,038;3269,96;38,02
02/11/2020;0,143;8,14;94,129;3310,24;37,13
03/11/2020;0,151;8,12;93,553;3369,16;35,55
04/11/2020;0,139;7,64;93,407;3443,44;29,57
05/11/2020;0,139;7,37;92,525;3510,45;27,58
06/11/2020;0,14;7,58;92,229;3509,44;24,86
09/11/2020;0,151;7,53;92,725;3550,5;25,75
10/11/2020;0,152;7,24;92,749;3545,53;24,8
11/11/2020;0,152;7,24;93,043;3572,66;23,45
12/11/2020;0,149;7,14;92,963;3537,01;25,35
13/11/2020;0,148;7,16;92,755;3585,15;23,1
16/11/2020;0,148;7;92,642;3626,91;22,45
17/11/2020;0,144;6,94;92,416;3609,53;22,71
18/11/2020;0,14;6,97;92,316;3567,79;23,84
19/11/2020;0,135;7,02;92,294;3581,87;23,11
20/11/2020;0,132;6,91;92,392;3557,54;23,7
23/11/2020;0,129;6,77;92,505;3577,59;22,66
24/11/2020;0,128;6,81;92,226;3635,41;21,64
25/11/2020;0,13;6,87;91,994;3629,65;21,25
26/11/2020;0,13;6,94;91,994;3629,65;21,25
27/11/2020;0,135;6,85;91,79;3638,35;20,84
30/11/2020;0,135;7,05;91,869;3621,63;20,57
01/12/2020;0,14;6,99;91,313;3662,45;20,77
02/12/2020;0,136;7,26;91,118;3669,01;21,17
03/12/2020;0,131;7,41;90,714;3666,72;21,28
04/12/2020;0,13;7,44;90,701;3699,12;20,79
07/12/2020;0,126;7,66;90,792;3691,96;21,3
08/12/2020;0,13;7,62;90,965;3702,25;20,68
09/12/2020;0,129;7,41;91,087;3672,82;22,27
10/12/2020;0,125;7,52;90,824;3668,1;22,52
11/12/2020;0,113;7,78;90,976;3663,46;23,31
14/12/2020;0,113;7,58;90,711;3647,49;24,72
15/12/2020;0,116;7,52;90,473;3694,62;22,89
16/12/2020;0,119;7,54;90,45;3701,17;22,5
17/12/2020;0,12;7,63;89,822;3722,48;21,93
18/12/2020;0,119;7,62;90,016;3709,41;21,57
21/12/2020;0,12;7,98;90,043;3694,92;25,16
22/12/2020;0,117;7,65;90,654;3687,26;24,23
23/12/2020;0,12;7,32;90,413;3690,01;23,31
24/12/2020;0,127;7,01;90,323;3703,06;21,53
25/12/2020;0,127;7,01;90,223;3703,06;21,53
28/12/2020;0,129;7,08;90,337;3735,36;21,7
29/12/2020;0,128;7,11;89,994;3727,04;23,08
30/12/2020;0,127;7,29;89,68;3732,04;22,77
31/12/2020;0,123;7,17;89,937;3756,07;22,75
01/01/2021;0,123;7,17;89,937;3756,07;22,75
04/01/2021;0,117;7,08;89,869;3700,65;26,97
05/01/2021;0,116;7,12;89,436;3726,86;25,34
06/01/2021;0,127;7;89,53;3748,14;25,07
07/01/2021;0,127;6,94;89,826;3803,79;22,37
08/01/2021;0,124;6,9;90,098;3824,68;21,56
11/01/2021;0,129;7,09;90,465;3799,61;24,08
12/01/2021;0,129;6,94;90,093;3801,19;23,33
13/01/2021;0,128;6,88;90,355;3809,84;22,21
14/01/2021;0,127;6,82;90,239;3795,54;23,25
15/01/2021;0,122;6,81;90,772;3768,25;24,34
18/01/2021;0,122;6,96;90,765;3768,25;24,34
19/01/2021;0,116;6,76;90,498;3798,91;23,24
20/01/2021;0,116;6,6;90,475;3851,85;21,58
21/01/2021;0,113;6,72;90,131;3853,07;21,32
22/01/2021;0,113;6,72;90,238;3841,47;21,91
25/01/2021;0,11;6,57;90,391;3855,36;23,19
26/01/2021;0,109;6,59;90,17;3849,62;23,02
27/01/2021;0,106;6,58;90,647;3750,77;37,21
28/01/2021;0,109;6,81;90,455;3787,38;30,21
29/01/2021;0,105;6,69;90,584;3714,24;33,09
01/02/2021;0,103;6,75;90,98;3773,86;30,24
02/02/2021;0,105;6,74;91,197;3826,31;25,56
03/02/2021;0,101;6,66;91,171;3830,17;22,91
04/02/2021;0,095;6,55;91,529;3871,74;21,77
05/02/2021;0,09;6,56;91,042;3886,83;20,87
08/02/2021;0,093;6,28;90,934;3915,59;21,24
09/02/2021;0,096;6,31;90,439;3911,23;21,63
10/02/2021;0,096;6,31;90,371;3909,88;21,99
11/02/2021;0,096;6,37;90,417;3916,38;21,25
12/02/2021;0,094;6,34;90,48;3934,83;19,97
15/02/2021;0,094;6,31;90,48;3934,83;19,97
16/02/2021;0,099;6,41;90,509;3932,59;21,46
17/02/2021;0,094;6,64;90,951;3931,33;21,5
18/02/2021;0,089;6,5;90,592;3913,97;22,49
19/02/2021;0,086;6,46;90,364;3906,71;22,05
22/02/2021;0,086;6,59;90,01;3876,5;23,45
23/02/2021;0,09;6,72;90,169;3881,37;23,11
24/02/2021;0,096;6,85;90,176;3925,43;21,34
25/02/2021;0,123;7;90,134;3829,34;28,89
26/02/2021;0,105;7,52;90,879;3811,15;27,95
01/03/2021;0,103;7,24;91,039;3901,82;23,35
02/03/2021;0,101;6,93;90,785;3870,29;24,1
03/03/2021;0,108;6,75;90,947;3819,72;26,67
04/03/2021;0,105;7,03;91,631;3768,47;28,57
05/03/2021;0,106;7,21;91,977;3841,94;24,66
08/03/2021;0,114;7,2;92,313;3821,35;25,47
09/03/2021;0,113;7,14;91,958;3875,44;24,03
10/03/2021;0,113;7,08;91,823;3898,81;22,56
11/03/2021;0,104;6,91;91,42;3939,34;21,91
12/03/2021;0,106;7,01;91,679;3943,34;20,69
15/03/2021;0,105;7,05;91,833;3968,94;20,03
16/03/2021;0,099;7,01;91,865;3962,71;19,79
17/03/2021;0,097;6,88;91,442;3974,12;19,23
18/03/2021;0,095;6,96;91,862;3915,46;21,58
19/03/2021;0,092;6,95;91,919;3913,1;20,95
22/03/2021;0,089;6,82;91,742;3940,59;18,88
23/03/2021;0,089;6,89;92,336;3910,52;20,3
24/03/2021;0,09;6,97;92,528;3889,14;21,2
25/03/2021;0,086;6,93;92,848;3909,52;19,81
26/03/2021;0,086;6,86;92,766;3974,54;18,86
29/03/2021;0,087;6,83;92,944;3971,09;20,74
30/03/2021;0,087;6,79;93,297;3958,55;19,61
31/03/2021;0,091;6,72;93,232;3972,89;19,4
01/04/2021;0,095;6,56;92,929;4019,87;17,33
02/04/2021;0,103;6,56;93,022;4019,87;17,33
05/04/2021;0,097;6,51;92,595;4077,91;17,91
06/04/2021;0,092;6,63;92,335;4073,94;18,12
07/04/2021;0,089;6,75;92,455;4079,95;17,16
08/04/2021;0,089;6,6;92,059;4097,17;16,95
09/04/2021;0,093;6,5;92,163;4128,8;16,69
12/04/2021;0,099;6,29;92,138;4127,99;16,91
13/04/2021;0,096;6,26;91,852;4141,59;16,65
14/04/2021;0,095;6,23;91,69;4124,66;16,99
15/04/2021;0,092;6,24;91,671;4170,42;16,57
16/04/2021;0,096;6,2;91,556;4185,47;16,25
19/04/2021;0,093;6,27;91,069;4163,26;17,29
20/04/2021;0,089;6,32;91,241;4134,94;18,68
21/04/2021;0,086;6,42;91,155;4173,42;17,5
22/04/2021;0,086;6,32;91,333;4134,98;18,71
23/04/2021;0,09;6,27;90,859;4180,17;17,33
26/04/2021;0,093;6,16;90,807;4187,62;17,64
27/04/2021;0,096;6,13;90,909;4186,72;17,56
28/04/2021;0,09;6,19;90,609;4183,18;17,28
29/04/2021;0,085;6,18;90,614;4211,47;17,61
30/04/2021;0,086;6,16;91,28;4181,17;18,61
03/05/2021;0,086;6,28;90,945;4192,66;18,31
04/05/2021;0,085;6,26;91,288;4164,66;19,48
05/05/2021;0,084;6,3;91,308;4167,59;19,15
06/05/2021;0,083;6,39;90,951;4201,62;18,39
07/05/2021;0,084;6,46;90,233;4232,6;16,69
10/05/2021;0,085;6,43;90,212;4188,43;19,66
11/05/2021;0,089;6,58;90,141;4152,1;21,84
12/05/2021;0,09;6,61;90,713;4063,04;27,59
13/05/2021;0,086;6,66;90,752;4112,5;23,13
14/05/2021;0,082;6,47;90,321;4173,85;18,81
17/05/2021;0,081;6,34;90,164;4163,29;19,72
18/05/2021;0,08;6,37;89,75;4127,83;21,34
19/05/2021;0,081;6,44;90,191;4115,68;22,18
20/05/2021;0,077;6,46;89,808;4159,12;20,67
21/05/2021;0,079;6,35;90,017;4155,86;20,15
24/05/2021;0,078;6,32;89,844;4197,05;18,4
25/05/2021;0,076;6,34;89,639;4188,13;18,84
26/05/2021;0,076;6,3;90,042;4195,99;17,36