date,quantile
2015-02-01,0.145631910903467
2015-02-02,0.101448325215841
2015-02-03,0.111122807453834
2015-02-04,0.136178766982498
2015-02-05,0.082590442605696
2015-02-06,0.0977945327171383
2015-02-07,0.108764402311946
2015-02-08,0.177130984381993
2015-02-09,0.128639986741017
2015-02-10,0.120668482687984
2015-02-11,0.144606958875877
2015-02-12,0.160195830468601
2015-02-13,0.0946589067221251
2015-02-14,0.0782610111643906
2015-02-15,0.207091005935174
2015-02-16,0.0439215065566493
2015-02-17,0.0750953551169961
2015-02-18,0.0732001972931192
2015-02-19,0.0995325798074486
2015-02-20,0.0760003274860137
2015-02-21,0.128083174210628
2015-02-22,0.0852952233632283
2015-02-23,0.108042636004781
2015-02-24,0.107394532904924
2015-02-25,0.094907104448888
2015-02-26,0.139745314729113
2015-02-27,0.0427838507946379
2015-02-28,0.0942975087932254
2015-03-01,0.0937054614182497
2015-03-02,0.0920260284488669
2015-03-03,0.0886105997282477
2015-03-04,0.0966995864319518
2015-03-05,0.0638996417972512
2015-03-06,0.113067040769492
2015-03-07,0.0748096714680308
2015-03-08,0.154468992253166
2015-03-09,0.0749454673105932
2015-03-10,0.134552961767783
2015-03-11,0.0994853884659012
2015-03-12,0.181901428871551
2015-03-13,0.21496283294495
2015-03-14,0.189245949368318
2015-03-15,0.079359561242091
2015-03-16,0.0792114361085735
2015-03-17,0.117575614890235
2015-03-18,0.056884158902909
2015-03-19,0.0884355807958825
2015-03-20,0.0705839065546504
2015-03-21,0.117049311947467
2015-03-22,0.111095204841601
2015-03-23,0.0856237859230129
2015-03-24,0.0526924756879525
2015-03-25,0.09419657379733
2015-03-26,0.117544171045205
2015-03-27,0.0576138024945046
2015-03-28,0.0554042566069137
2015-03-29,0.0486593054497159
2015-03-30,0.0334348786905918
2015-03-31,0.129010119458618
2015-04-01,0.0981546245902145
2015-04-02,0.0764462576352285
2015-04-03,0.13671139439911
2015-04-04,0.10816484745349
2015-04-05,0.114825444245006
2015-04-06,0.131559037703423
2015-04-07,0.14010306397921
2015-04-08,0.20484795021511
2015-04-09,0.244146262660574
2015-04-10,0.187520111241483
2015-04-11,0.153440346964617
2015-04-12,0.144058752706341
2015-04-13,0.192281292562465
2015-04-14,0.242259309289646
2015-04-15,0.125308003001939
2015-04-16,0.0883348895871224
2015-04-17,0.0742377809885501
2015-04-18,0.0837351689745799
2015-04-19,0.0610072308246144
2015-04-20,0.134280053400866
2015-04-21,0.0570121714182244
2015-04-22,0.0571611805008477
2015-04-23,0.0785847276080214
2015-04-24,0.0693066227630326
2015-04-25,0.0707083187170125
2015-04-26,0.0420639144381095
2015-04-27,0.0383258387543688
2015-04-28,0.0547415816839716
2015-04-29,0.0486084882602942
2015-04-30,0.0902914200895021
2015-05-01,0.0767894390424453
2015-05-02,0.0964202921479044
2015-05-03,0.151452374126762
2015-05-04,0.118008433911535
2015-05-05,0.192146652263647
2015-05-06,0.139335575606239
2015-05-07,0.156632638473353
2015-05-08,0.14748524777742
2015-05-09,0.131104638895419
2015-05-10,0.138092564544064
2015-05-11,0.127396352343202
2015-05-12,0.132690783568023
2015-05-13,0.0929189048834572
2015-05-14,0.0468067627438644
2015-05-15,0.0635421463712055
2015-05-16,0.131901557627331
2015-05-17,0.146306756504328
2015-05-18,0.0814953737249211
2015-05-19,0.100262902808854
2015-05-20,0.0655592897975233
2015-05-21,0.119270514201234
2015-05-22,0.11143692543228
2015-05-23,0.171525289811774
2015-05-24,0.131782345107253
2015-05-25,0.122398311396673
2015-05-26,0.107765944432118
2015-05-27,0.158122226849517
2015-05-28,0.137666885595875
2015-05-29,0.145223185531105
2015-05-30,0.165657271171551
2015-05-31,0.120717649983398
2015-06-01,0.139976245276538
2015-06-02,0.132725162316604
2015-06-03,0.110410357894068
2015-06-04,0.113316742742142
2015-06-05,0.0269938325882624
2015-06-06,0.0621106718037197
2015-06-07,0.062485435821123
2015-06-08,0.0549328269113909
2015-06-09,0.065481011215449
2015-06-10,0.128563238224149
2015-06-11,0.196829701269887
2015-06-12,0.0489568380030591
2015-06-13,0.0624744776274871
2015-06-14,0.0434136912264456
2015-06-15,0.0910872911045255
2015-06-16,0.0864291358318821
2015-06-17,0.0730640117056801
2015-06-18,0.0432513342513855
2015-06-19,0.0599168535435972
2015-06-20,0.0590283650543097
2015-06-21,0.0628803003647315
2015-06-22,0.0386620003873376
2015-06-23,0.0672597739536981
2015-06-24,0.0509276569177358
2015-06-25,0.0548923210656556
2015-06-26,0.060977112114505
2015-06-27,0.103665493681926
2015-06-28,0.0664236910574668
2015-06-29,0.0927798055373167
2015-06-30,0.0509655050193968
2015-07-01,0.0645997746851563
2015-07-02,0.0498547374047022
2015-07-03,0.0744114011641318
2015-07-04,0.0649479637129489
2015-07-05,0.111026043769522
2015-07-06,0.0765136147478686
2015-07-07,0.0903449776161719
2015-07-08,0.0853093562708664
2015-07-09,0.122841664255027
2015-07-10,0.10029735274645
2015-07-11,0.182180531170597
2015-07-12,0.107732451135032
2015-07-13,0.100128101273094
2015-07-14,0.140549081069931
2015-07-15,0.0771995029351129
2015-07-16,0.135265558504744
2015-07-17,0.0783850797536507
2015-07-18,0.0771125681886284
2015-07-19,0.067314561701981
2015-07-20,0.0733217144104961
2015-07-21,0.0718521554962223
2015-07-22,0.100925864459276
2015-07-23,0.0824709674135239
2015-07-24,0.0278470070842139
2015-07-25,0.154724719007254
2015-07-26,0.14964292937396
2015-07-27,0.165471363910394
2015-07-28,0.170680464661274
2015-07-29,0.168646428554993
2015-07-30,0.117954238777303
2015-07-31,0.130089732224198
2015-08-01,0.0777535322512495
2015-08-02,0.066625980665813
2015-08-03,0.058994722313158
2015-08-04,0.0703815095842464
2015-08-05,0.0719575848552259
2015-08-06,0.0619645829088869
2015-08-07,0.0770764806543856
2015-08-08,0.0603392205955955
2015-08-09,0.0977800836706014
2015-08-10,0.0830377511146797
2015-08-11,0.079996174784385
2015-08-12,0.0530224657211367
2015-08-13,0.0533942661932995
2015-08-14,0.0651260106805517
2015-08-15,0.0464380407840578
2015-08-16,0.0794266269985603
2015-08-17,0.0717372949070219
2015-08-18,0.0964067134341271
2015-08-19,0.0598849156027854
2015-08-20,0.0744835610594339
2015-08-21,0.125094704645072
2015-08-22,0.0783393380514792
2015-08-23,0.0886395654848919
2015-08-24,0.195171913931691
2015-08-25,0.0741084894833395
2015-08-26,0.0477701164151265
2015-08-27,0.0561143592309573
2015-08-28,0.051258170322761
2015-08-29,0.0973866138999678
2015-08-30,0.12448113363548
2015-08-31,0.12890082646024
2015-09-01,0.162392877385896
2015-09-02,0.0936137472332118
2015-09-03,0.0846964731244963
2015-09-04,0.17018163268137
2015-09-05,0.138734812565933
2015-09-06,0.14118203229247
2015-09-07,0.164908426952303
2015-09-08,0.133600641707862
2015-09-09,0.0789973928578975
2015-09-10,0.0811534768187308
2015-09-11,0.126794655120176
2015-09-12,0.0866104771421841
2015-09-13,0.112149458054353
2015-09-14,0.112894590879604
2015-09-15,0.0631735521591781
2015-09-16,0.0770707868952438
2015-09-17,0.0725260431358925
2015-09-18,0.0535826127213846
2015-09-19,0.060471079561963
2015-09-20,0.0842858912232426
2015-09-21,0.111522207616764
2015-09-22,0.12602270803306
2015-09-23,0.0922197368946006
2015-09-24,0.0492805172183159
2015-09-25,0.107252643322505
2015-09-26,0.131213263857225
2015-09-27,0.1277192360862
2015-09-28,0.0918054832032758
2015-09-29,0.0881814089339516
2015-09-30,0.191303965705199
2015-10-01,0.197328540513764
2015-10-02,0.217316508238874
2015-10-03,0.114212800489081
2015-10-04,0.100702845097146
2015-10-05,0.147305046538517
2015-10-06,0.080292974925404
2015-10-07,0.0667514907004594
2015-10-08,0.104569706175582
2015-10-09,0.0902848245481036
2015-10-10,0.0932944946191119
2015-10-11,0.114101779389041
2015-10-12,0.109323946757661
2015-10-13,0.0750825799715907
2015-10-14,0.0681213520142906
2015-10-15,0.153237598886794
2015-10-16,0.0934839954606202
2015-10-17,0.0758216727016097
2015-10-18,0.0386150596388638
2015-10-19,0.0300403561144595
2015-10-20,0.0662191058997544
2015-10-21,0.0675980714265208
2015-10-22,0.0930278934011657
2015-10-23,0.0879331903467747
2015-10-24,0.142841128877252
2015-10-25,0.205907803240658
2015-10-26,0.167918749459329
2015-10-27,0.106933014638889
2015-10-28,0.115823249163219
2015-10-29,0.170181978826771
2015-10-30,0.112267745454801
2015-10-31,0.116957025680646
2015-11-01,0.156753093777749
2015-11-02,0.0470813179162867
2015-11-03,0.0476707808782728
2015-11-04,0.100814813777344
2015-11-05,0.0666535097882554
2015-11-06,0.151032501289451
2015-11-07,0.155200443367882
2015-11-08,0.120890585267876
2015-11-09,0.0957890384516062
2015-11-10,0.0992611924087924
2015-11-11,0.112117982985977
2015-11-12,0.118867034500764
2015-11-13,0.12534081766766
2015-11-14,0.143187598307772
2015-11-15,0.140306974019371
2015-11-16,0.145734819889913
2015-11-17,0.165696379888058
2015-11-18,0.165651558071199
2015-11-19,0.14227150732301
2015-11-20,0.124364275057883
2015-11-21,0.114663148789268
2015-11-22,0.0681966731124834
2015-11-23,0.0922485694451021
2015-11-24,0.0648821857886519
2015-11-25,0.0495969477194163
2015-11-26,0.0400847295574028
2015-11-27,0.0540610670191331
2015-11-28,0.0399880823347066
2015-11-29,0.0720983722167139
2015-11-30,0.0906530984560618
2015-12-01,0.101689377109856
2015-12-02,0.090474695149838
2015-12-03,0.0684851558322387
2015-12-04,0.0741829715825761
2015-12-05,0.101161284689258
2015-12-06,0.0506037147023806
2015-12-07,0.0568885143379689
2015-12-08,0.0475672016120845
2015-12-09,0.044704299930916
2015-12-10,0.041824470593715
2015-12-11,0.0708009502082016
2015-12-12,0.0747139012157311
2015-12-13,0.0424487580478285
2015-12-14,0.0817598154595101
2015-12-15,0.0665326227516113
2015-12-16,0.168725285824044
2015-12-17,0.130147809473777
2015-12-18,0.119572630048226
2015-12-19,0.0765366815702654
2015-12-20,0.0803004490307366
2015-12-21,0.0539918115928409
2015-12-22,0.075504776844612
2015-12-23,0.064779672516969
2015-12-24,0.106605153096815
2015-12-25,0.0901253616391178
2015-12-26,0.0878401120468678
2015-12-27,0.104381415634975
2015-12-28,0.12231447408971
2015-12-29,0.136898726728853
2015-12-30,0.0958112435528394
2015-12-31,0.0926863176082361
2016-01-01,0.0816302887632158
2016-01-02,0.0793550548254568
2016-01-03,0.0921823233084399
2016-01-04,0.0789628909912068
2016-01-05,0.0904962036714053
2016-01-06,0.0999279394605981
2016-01-07,0.093577540463256
2016-01-08,0.0947787179223385
2016-01-09,0.105303898235619
2016-01-10,0.146077698998121
2016-01-11,0.0728609054246167
2016-01-12,0.0793193600887729
2016-01-13,0.0744371762968001
2016-01-14,0.0936444769208827
2016-01-15,0.081617138368772
2016-01-16,0.0669429334599773
2016-01-17,0.0794878827849467
2016-01-18,0.101823147305958
2016-01-19,0.125444612331665
2016-01-20,0.0907455595837435
2016-01-21,0.100085273834905
2016-01-22,0.114405834938835
2016-01-23,0.259673356071332
2016-01-24,0.120536826010147
2016-01-25,0.176085575715895
2016-01-26,0.0883668876375687
2016-01-27,0.136808323172216
2016-01-28,0.269153638372751
2016-01-29,0.222174767060349
2016-01-30,0.171883095493693
2016-01-31,0.204007591172845
2016-02-01,0.148998754851719
2016-02-02,0.162617957091039
2016-02-03,0.12514798300269
2016-02-04,0.143716327608258
2016-02-05,0.111537941957761
2016-02-06,0.0875100811357393
2016-02-07,0.0679191880913648
2016-02-08,0.069131400279102
2016-02-09,0.0648194514817015
2016-02-10,0.058964076973137
2016-02-11,0.101099298729387
2016-02-12,0.135524012616515
2016-02-13,0.124345847593755
2016-02-14,0.116905761666158
2016-02-15,0.153680910629202
2016-02-16,0.113409644988706
2016-02-17,0.0596311258354851
2016-02-18,0.126356622270035
2016-02-19,0.186167281325445
2016-02-20,0.0841379339687559
2016-02-21,0.222001868505149
2016-02-22,0.232733666811073
2016-02-23,0.176978121943619
2016-02-24,0.108839817837207
2016-02-25,0.11886851963619
2016-02-26,0.13740880095895
2016-02-27,0.137024727712553
2016-02-28,0.130881010631677
2016-02-29,0.128855232190669
2016-03-01,0.0665279341402042
2016-03-02,0.0657018750293201
2016-03-03,0.0661401205804041
2016-03-04,0.0859088032203703
2016-03-05,0.0741988223307649
2016-03-06,0.125339071823555
2016-03-07,0.127897956121464
2016-03-08,0.120912926220921
2016-03-09,0.0664338893995039
2016-03-10,0.0841615581106731
2016-03-11,0.317201710880566
2016-03-12,0.238528972811811
2016-03-13,0.214600034623821
2016-03-14,0.158248717164809
2016-03-15,0.0706662140580484
2016-03-16,0.119546333896544
2016-03-17,0.0848331954950473
2016-03-18,0.15306620478933
2016-03-19,0.0738122446455135
2016-03-20,0.095263467340705
2016-03-21,0.0877829077727496
2016-03-22,0.100271518491802
2016-03-23,0.0876032145052746
2016-03-24,0.0752353941860715
2016-03-25,0.0927538522144151
2016-03-26,0.252788016935212
2016-03-27,0.237217253961373
2016-03-28,0.239425842936118
2016-03-29,0.314669621034976
2016-03-30,0.141495816434607
2016-03-31,0.120707193793453
2016-04-01,0.241759001552898
2016-04-02,0.170873470960531
2016-04-03,0.138464342972693
2016-04-04,0.10283230211581
2016-04-05,0.129376590336343
2016-04-06,0.163856876747299
2016-04-07,0.221209207929366
2016-04-08,0.187103072765682
2016-04-09,0.177183778501091
2016-04-10,0.15222644888466
2016-04-11,0.133469699660947
2016-04-12,0.162953185550871
2016-04-13,0.179077214021614
2016-04-14,0.263694628961063
2016-04-15,0.05384911840752
2016-04-16,0.0945067642007256
2016-04-17,0.170332855421071
2016-04-18,0.0604067468418725
2016-04-19,0.0763083956050614
2016-04-20,0.0798946715326076
2016-04-21,0.0778355150852306
2016-04-22,0.142558062065649
2016-04-23,0.130803420384737
2016-04-24,0.132269910547716
2016-04-25,0.0924888813910853
2016-04-26,0.148999133874113
2016-04-27,0.094460501323994
2016-04-28,0.0708358383921527
2016-04-29,0.0524190124700447
2016-04-30,0.0941375516332332
2016-05-01,0.0484282331947575
2016-05-02,0.0547814882462305
2016-05-03,0.0635967422019498
2016-05-04,0.0448281229420564
2016-05-05,0.0374200602422774
2016-05-06,0.0322500099955163
2016-05-07,0.0397659913184466
2016-05-08,0.0453899401831786
2016-05-09,0.0285466188495954
2016-05-10,0.0275101012924993
2016-05-11,0.043321943874196
2016-05-12,0.045444618489724
2016-05-13,0.0419379091082671
2016-05-14,0.0357067307449477
2016-05-15,0.0504743704219259
2016-05-16,0.0672852444095122
2016-05-17,0.0453417527354042
2016-05-18,0.0360268441537523
2016-05-19,0.0300564669819973
2016-05-20,0.0363763543647733
2016-05-21,0.0307396548822025
2016-05-22,0.0308321222201915
2016-05-23,0.0461537250436128
2016-05-24,0.0290603897376493
2016-05-25,0.0424109377873075
2016-05-26,0.0658961342620747
2016-05-27,0.0447087275178695
2016-05-28,0.0709858645166818
2016-05-29,0.0632753920216792
2016-05-30,0.0733344376123528
2016-05-31,0.0709667100910844
2016-06-01,0.0978311851808234
2016-06-02,0.0753438432074483
2016-06-03,0.0786196896369834
2016-06-04,0.056918010112462
2016-06-05,0.080055747448211
2016-06-06,0.0516754364554938
2016-06-07,0.0693459980793645
2016-06-08,0.0505566255609442
2016-06-09,0.100013335091343
2016-06-10,0.0618198938653538
2016-06-11,0.089102066878704
2016-06-12,0.0394890397901214
2016-06-13,0.0568506216636874
2016-06-14,0.043057354641002
2016-06-15,0.0542804944986416
2016-06-16,0.0546895783090776
2016-06-17,0.125623384000283
2016-06-18,0.1006194712213
2016-06-19,0.127538933401168
2016-06-20,0.122678444650805
2016-06-21,0.137845809911301
2016-06-22,0.127562120597441
2016-06-23,0.177608082916619
2016-06-24,0.111606517791481
2016-06-25,0.202567441751756
2016-06-26,0.192266793591371
2016-06-27,0.289902849180785
2016-06-28,0.220788774310274
2016-06-29,0.160491154855318
2016-06-30,0.152047600220449
2016-07-01,0.248843683554071
2016-07-02,0.217757269264905
2016-07-03,0.168793943118508
2016-07-04,0.197172097668183
2016-07-05,0.191251114331405
2016-07-06,0.208908054603302
2016-07-07,0.142233225744351
2016-07-08,0.241684988257723
2016-07-09,0.0763863736079653
2016-07-10,0.0809746181247151
2016-07-11,0.122979428519965
2016-07-12,0.0511099091616813
2016-07-13,0.0453839553697411
2016-07-14,0.0588814617744542
2016-07-15,0.0586009174165674
2016-07-16,0.0699073955413905
2016-07-17,0.0735578403019785
2016-07-18,0.107392407800758
2016-07-19,0.111618410076629
2016-07-20,0.154191007651467
2016-07-21,0.135681781318446
2016-07-22,0.0987854894628174
2016-07-23,0.137105049516233
2016-07-24,0.132763009284598
2016-07-25,0.142375013963564
2016-07-26,0.189881475965108
2016-07-27,0.0974894867775696
2016-07-28,0.121042514960473
2016-07-29,0.189929708229783
2016-07-30,0.161718848302548
2016-07-31,0.100807068976468
2016-08-01,0.128465440800595
2016-08-02,0.101812085233483
2016-08-03,0.0625966863181916
2016-08-04,0.111738587114401
2016-08-05,0.10405253133168
2016-08-06,0.146124999519803
2016-08-07,0.124346241623608
2016-08-08,0.0760069401904867
2016-08-09,0.0929299513923852
2016-08-10,0.141705086839324
2016-08-11,0.107010744079868
2016-08-12,0.120743581068103
2016-08-13,0.101735434706509
2016-08-14,0.0937059212204572
2016-08-15,0.0798157217110949
2016-08-16,0.117457441879474
2016-08-17,0.0915421642276989
2016-08-18,0.116694902668344
2016-08-19,0.103931414406996
2016-08-20,0.0842355407616707
2016-08-21,0.12641207871449
2016-08-22,0.118034556393915
2016-08-23,0.234035192094681
2016-08-24,0.179773112114647
2016-08-25,0.159186169150031
2016-08-26,0.189506160816192
2016-08-27,0.188414806141668
2016-08-28,0.247759069393606
2016-08-29,0.219140842896449
2016-08-30,0.16088065276936
2016-08-31,0.153253033113368
2016-09-01,0.21827504157885
2016-09-02,0.163498143726199
2016-09-03,0.147249954420127
2016-09-04,0.0905602177499727
2016-09-05,0.111538072516607
2016-09-06,0.111099111037481
2016-09-07,0.0819643753674298
2016-09-08,0.122795994571703
2016-09-09,0.088484488589975
2016-09-10,0.113548931541117
2016-09-11,0.0866816524237002
2016-09-12,0.139446653895381
2016-09-13,0.192175194596546
2016-09-14,0.136218673753018
2016-09-15,0.269791262266186
2016-09-16,0.223470975733392
2016-09-17,0.253577888825762
2016-09-18,0.11960509508438
2016-09-19,0.249150729799985
2016-09-20,0.276088275959687
2016-09-21,0.272865852719998
2016-09-22,0.254969542755088
2016-09-23,0.191601167118966
2016-09-24,0.221050486595494
2016-09-25,0.187802101065663
2016-09-26,0.147156689283618
2016-09-27,0.0727571615005395
2016-09-28,0.0969183785218494
2016-09-29,0.11476907424762
2016-09-30,0.289785746619509
2016-10-01,0.20209163617479
2016-10-02,0.125111946108188
2016-10-03,0.16806755887893
2016-10-04,0.0953828022559806
2016-10-05,0.109297726001384
2016-10-06,0.127164020142637
2016-10-07,0.12188061120042
2016-10-08,0.097812344409202
2016-10-09,0.114437191166261
2016-10-10,0.146242066933322
2016-10-11,0.253120848827101
2016-10-12,0.0552924010520465
2016-10-13,0.0633548660353844
2016-10-14,0.145858148257974
2016-10-15,0.103647520339199
2016-10-16,0.0929374706133405
2016-10-17,0.0894025500607551
2016-10-18,0.132777311806996
2016-10-19,0.105275530246333
2016-10-20,0.0931699583099279
2016-10-21,0.181027411597225
2016-10-22,0.129801912543601
2016-10-23,0.0608649440188204
2016-10-24,0.10032445889672
2016-10-25,0.0935631865126341
2016-10-26,0.150882288314629
2016-10-27,0.198937933169431
2016-10-28,0.176973810837169
2016-10-29,0.160427120776168
2016-10-30,0.105630082786499
2016-10-31,0.182102404162938
2016-11-01,0.163109757490695
2016-11-02,0.153940108401918
2016-11-03,0.176481123925635
2016-11-04,0.154402759466834
2016-11-05,0.22492341972574
2016-11-06,0.202235559478899
2016-11-07,0.149109936139072
2016-11-08,0.14561294715699
2016-11-09,0.0939026704328738
2016-11-10,0.105002194966792
2016-11-11,0.0823846533822662
2016-11-12,0.099136828098196
2016-11-13,0.130526361329171
2016-11-14,0.0891411356938927
2016-11-15,0.0899955393727709
2016-11-16,0.270333408050723
2016-11-17,0.141280504813806
2016-11-18,0.25102340252196
2016-11-19,0.113522292495019
2016-11-20,0.30653579515852
2016-11-21,0.101975967704544
2016-11-22,0.104981370864204
2016-11-23,0.07279190949732
2016-11-24,0.08685909278477
2016-11-25,0.133114470737178
2016-11-26,0.0977338646694387
2016-11-27,0.100072790480131
2016-11-28,0.127674002912187
2016-11-29,0.178119569179123
2016-11-30,0.183600695141583
2016-12-01,0.176471567043902
2016-12-02,0.130140092685531
2016-12-03,0.0831984080920548
2016-12-04,0.123523069488027
2016-12-05,0.0885596365209477
2016-12-06,0.100604804098573
2016-12-07,0.084456619119468
2016-12-08,0.0778949194353939
2016-12-09,0.121230489603943
2016-12-10,0.0646563132555095
2016-12-11,0.10506274581441
2016-12-12,0.133526240547639
2016-12-13,0.0757573498652407
2016-12-14,0.0796205213315601
2016-12-15,0.0935995723248197
2016-12-16,0.145068630576973
2016-12-17,0.0854952993441629
2016-12-18,0.0804535367149735
2016-12-19,0.0902005869685758
2016-12-20,0.0629045482148769
2016-12-21,0.0640707847391943
2016-12-22,0.0803373070918017
2016-12-23,0.0905181717888801
2016-12-24,0.103650939346554
2016-12-25,0.127984723319604
2016-12-26,0.0872344719860524
2016-12-27,0.148052267283771
2016-12-28,0.0951097154869994
2016-12-29,0.103192851575813
2016-12-30,0.182956913761964
2016-12-31,0.169896575431579
2017-01-01,0.181857099370013
2017-01-02,0.139511992966714
2017-01-03,0.130684500047188
2017-01-04,0.0963448037359414
2017-01-05,0.122938838778257
2017-01-06,0.112882588707368
2017-01-07,0.0938052982988384
2017-01-08,0.0900664993625683
2017-01-09,0.116305602454283
2017-01-10,0.134026057255289
2017-01-11,0.0965834231824435
2017-01-12,0.122081492492483
2017-01-13,0.0958271564878732
2017-01-14,0.0728484795977702
2017-01-15,0.115423147588658
2017-01-16,0.162039824633634
2017-01-17,0.130117508468366
2017-01-18,0.126523103463916
2017-01-19,0.110030379449086
2017-01-20,0.0832382859165929
2017-01-21,0.122233885673616
2017-01-22,0.115730079238389
2017-01-23,0.117056325953285
2017-01-24,0.110951363988836
2017-01-25,0.132747628380734
2017-01-26,0.0999316213383913
2017-01-27,0.0893031543552848
2017-01-28,0.12004172823954
2017-01-29,0.071741907686993
2017-01-30,0.0964728164514127
2017-01-31,0.0801763506206953
2017-02-01,0.0784102567993114
2017-02-02,0.0597773515592756
2017-02-03,0.070748066473255
2017-02-04,0.0480631584501435
2017-02-05,0.0630963165320285
2017-02-06,0.0681961118035843
2017-02-07,0.0424734478773491
2017-02-08,0.0620885026460997
2017-02-09,0.0490230002858718
2017-02-10,0.0658226785344439
2017-02-11,0.0503801776302277
2017-02-12,0.0594635540517297
2017-02-13,0.0545617965665784
2017-02-14,0.0564629807612004
2017-02-15,0.0890866874620418
2017-02-16,0.0764460450908624
2017-02-17,0.0460910180166735
2017-02-18,0.0847183364742337
2017-02-19,0.0656031794970482
2017-02-20,0.0557591670190896
2017-02-21,0.0890740347860023
2017-02-22,0.091436429228467
2017-02-23,0.104366628394501
2017-02-24,0.0594743511528187
2017-02-25,0.0447097320537855
2017-02-26,0.0561585573503724
2017-02-27,0.0551834501892324
2017-02-28,0.0830454411582028
2017-03-01,0.0598334264354506
2017-03-02,0.105408206888617
2017-03-03,0.0678661417431191
2017-03-04,0.0918260667502516
2017-03-05,0.0790658482521511
2017-03-06,0.0756121550711613
2017-03-07,0.100145553322077
2017-03-08,0.0956992562574515
2017-03-09,0.0947329865954402
2017-03-10,0.105403830576949
2017-03-11,0.170134158900049
2017-03-12,0.109888444442111
2017-03-13,0.145390953800307
2017-03-14,0.0824170587302735
2017-03-15,0.0943313312741984
2017-03-16,0.152104530016486
2017-03-17,0.115089307044183
2017-03-18,0.13757257354533
2017-03-19,0.201178352809908
2017-03-20,0.113766308670316
2017-03-21,0.139636291657192
2017-03-22,0.17833719287434
2017-03-23,0.172434370978192
2017-03-24,0.24736494657056
2017-03-25,0.170750264047985
2017-03-26,0.146690151635495
2017-03-27,0.26531143538216
2017-03-28,0.211721562275401
2017-03-29,0.179662943932324
2017-03-30,0.191170222081809
2017-03-31,0.294747146909042
2017-04-01,0.263187561076125
2017-04-02,0.235901282563762
2017-04-03,0.233792122613439
2017-04-04,0.304957978002779
2017-04-05,0.328790927090908
2017-04-06,0.395447634171108
2017-04-07,0.317353270225348
2017-04-08,0.224714369833488
2017-04-09,0.212874860680328
2017-04-10,0.241930272512951
2017-04-11,0.211447936871792
2017-04-12,0.136707981129547
2017-04-13,0.297953098530953
2017-04-14,0.128631617878775
2017-04-15,0.0728130605404149
2017-04-16,0.144913265268097
2017-04-17,0.148338075940221
2017-04-18,0.138881571979624
2017-04-19,0.1917481115399
2017-04-20,0.170816158185007
2017-04-21,0.162302728611625
2017-04-22,0.110427697055319
2017-04-23,0.192146411688688
2017-04-24,0.139238199569412
2017-04-25,0.131526696487278
2017-04-26,0.137164320509628
2017-04-27,0.10840674961735
2017-04-28,0.134056976686642
2017-04-29,0.242404842666052
2017-04-30,0.178917497343267
2017-05-01,0.198223993668126
2017-05-02,0.234759610071402
2017-05-03,0.210550988601038
2017-05-04,0.174099419059641
2017-05-05,0.211167872016697
2017-05-06,0.206839733899794
2017-05-07,0.260314514968911
2017-05-08,0.265796689595121
2017-05-09,0.173508571154548
2017-05-10,0.147923161300091
2017-05-11,0.219505685730125
2017-05-12,0.166672874641279
2017-05-13,0.179329405452852
2017-05-14,0.234052884502954
2017-05-15,0.272219350268283
2017-05-16,0.264095029334743
2017-05-17,0.310521906371988
2017-05-18,0.354134452800615
2017-05-19,0.248966969047508
2017-05-20,0.232085234266972
2017-05-21,0.290062647040493
2017-05-22,0.313296730148575
2017-05-23,0.326067093807466
2017-05-24,0.265124367291311
2017-05-25,0.299057062493591
2017-05-26,0.316711314378056
2017-05-27,0.271032376428959
2017-05-28,0.195322744510517
2017-05-29,0.195068016964305
2017-05-30,0.252933403721643
2017-05-31,0.159515852351419
2017-06-01,0.205345155494974
2017-06-02,0.285362109427944
2017-06-03,0.230288155661222
2017-06-04,0.271820489427698
2017-06-05,0.213078600614615
2017-06-06,0.277676913096705
2017-06-07,0.348429905254903
2017-06-08,0.289624517142994
2017-06-09,0.205890904429828
2017-06-10,0.255446828557897
2017-06-11,0.26655310774243
2017-06-12,0.122342390275101
2017-06-13,0.177971060499889
2017-06-14,0.297236072642804
2017-06-15,0.242166265953942
2017-06-16,0.208393180724472
2017-06-17,0.248405803488879
2017-06-18,0.305148383606383
2017-06-19,0.305764726369882
2017-06-20,0.24897726251694
2017-06-21,0.271051371064318
2017-06-22,0.277854670060136
2017-06-23,0.310818218963967
2017-06-24,0.192687053127192
2017-06-25,0.202723052612342
2017-06-26,0.245574587394344
2017-06-27,0.192843813070786
2017-06-28,0.230207346318329
2017-06-29,0.203293584858569
2017-06-30,0.259497420095685
2017-07-01,0.176798015636064
2017-07-02,0.158950345533261
2017-07-03,0.169336551861277
2017-07-04,0.214436397352574
2017-07-05,0.170443434706712
2017-07-06,0.219855012604956
2017-07-07,0.223136967164668
2017-07-08,0.255501734796978
2017-07-09,0.280704703826956
2017-07-10,0.0918632436905796
2017-07-11,0.223362226290356
2017-07-12,0.155571777885923
2017-07-13,0.237040682648945
2017-07-14,0.196231453949486
2017-07-15,0.185056853636991
2017-07-16,0.283410363971722
2017-07-17,0.1825851511398
2017-07-18,0.327184401097479
2017-07-19,0.335305645021011
2017-07-20,0.217365150681606
2017-07-21,0.277371636090571
2017-07-22,0.230068822727033
2017-07-23,0.298529093152036
2017-07-24,0.187016312644167
2017-07-25,0.233605205705956
2017-07-26,0.271576573647984
2017-07-27,0.241999474808772
2017-07-28,0.156806557492912
2017-07-29,0.252258015888068
2017-07-30,0.226072370576138
2017-07-31,0.138150295514582
2017-08-01,0.190495648952607
2017-08-02,0.211728590621053
2017-08-03,0.224849378184687
2017-08-04,0.181606855619869
2017-08-05,0.171739581723444
2017-08-06,0.142586611255642
2017-08-07,0.127208881412066
2017-08-08,0.113318390344549
2017-08-09,0.123914316430645
2017-08-10,0.132386192987764
2017-08-11,0.108835867172188
2017-08-12,0.124420164653948
2017-08-13,0.129812406692441
2017-08-14,0.131074461554044
2017-08-15,0.0887484160963916
2017-08-16,0.0963397656393816
2017-08-17,0.159364896639926
2017-08-18,0.125812262781561
2017-08-19,0.141426658367554
2017-08-20,0.192465564241672
2017-08-21,0.275389643249026
2017-08-22,0.194974593553857
2017-08-23,0.191918631372412
2017-08-24,0.204090906971737
2017-08-25,0.189320347113344
2017-08-26,0.164682315350323
2017-08-27,0.117569449298132
2017-08-28,0.118256134337384
2017-08-29,0.147772748407934
2017-08-30,0.139548647081361
2017-08-31,0.126388085786581
2017-09-01,0.160072421123301
2017-09-02,0.167300790506463
2017-09-03,0.134101325716433
2017-09-04,0.277322655752568
2017-09-05,0.222797172404156
2017-09-06,0.211967488495823
2017-09-07,0.155976408200053
2017-09-08,0.198854314440342
2017-09-09,0.190883319238011
2017-09-10,0.229211977797559
2017-09-11,0.20159447046229
2017-09-12,0.214020268360015
2017-09-13,0.187099868012782
2017-09-14,0.263419783296479
2017-09-15,0.253241140566086
2017-09-16,0.252741860144733
2017-09-17,0.248108489283434
2017-09-18,0.271850483586881
2017-09-19,0.252344413467329
2017-09-20,0.279406264587953
2017-09-21,0.294856800809351
2017-09-22,0.347439888414696
2017-09-23,0.296537377005217
2017-09-24,0.291863360348214
2017-09-25,0.15349187544205
2017-09-26,0.254949312997184
2017-09-27,0.230688486952674
2017-09-28,0.1672502682263
2017-09-29,0.15952784251954
2017-09-30,0.243077508979757
2017-10-01,0.247492298462194
2017-10-02,0.261923536999828
2017-10-03,0.228149296698479
2017-10-04,0.229286997159351
2017-10-05,0.189888549545799
2017-10-06,0.183784137383693
2017-10-07,0.147820306313553
2017-10-08,0.128314336660758
2017-10-09,0.174563357336803
2017-10-10,0.153354508836707
2017-10-11,0.145335597487893
2017-10-12,0.181585051605639
2017-10-13,0.129795377030299
2017-10-14,0.0974738579828174
2017-10-15,0.131619875884748
2017-10-16,0.120021410670818
2017-10-17,0.139570036421092
2017-10-18,0.101941917656224
2017-10-19,0.127170140697603
2017-10-20,0.158912182653137
2017-10-21,0.0915939075749707
2017-10-22,0.116404759085337
2017-10-23,0.116570989378988
2017-10-24,0.112030265088896
2017-10-25,0.0672651253775103
2017-10-26,0.0642580353570911
2017-10-27,0.0995208993504978
2017-10-28,0.0871904469619336
2017-10-29,0.124348836019433
2017-10-30,0.101352440369508
2017-10-31,0.104417385484118
2017-11-01,0.0968892127224798
2017-11-02,0.091377887873558
2017-11-03,0.0947071841271722
2017-11-04,0.0812054306226536
2017-11-05,0.117784976673611
2017-11-06,0.0857805997282214
2017-11-07,0.0905596163008355
2017-11-08,0.103379481812252
2017-11-09,0.130934058278907
2017-11-10,0.0947831166466549
2017-11-11,0.124750104986525
2017-11-12,0.165470742092229
2017-11-13,0.106635004408477
2017-11-14,0.125608533184922
2017-11-15,0.238122010548688
2017-11-16,0.172999803118154
2017-11-17,0.16003963649864
2017-11-18,0.142990760524027
2017-11-19,0.152347151706488
2017-11-20,0.182805221194011
2017-11-21,0.165430753594686
2017-11-22,0.158082833593996
2017-11-23,0.172187579093685
2017-11-24,0.170011332111688
2017-11-25,0.190206552169831
2017-11-26,0.159966243985972
2017-11-27,0.129700602689037
2017-11-28,0.123049811151373
2017-11-29,0.182233880578356
2017-11-30,0.16780484463384
2017-12-01,0.180112769587049
2017-12-02,0.220491217733095
2017-12-03,0.255209855681353
2017-12-04,0.193521712662726
2017-12-05,0.153753912082976
2017-12-06,0.158772360378162
2017-12-07,0.125652609203676
2017-12-08,0.177359028509438
2017-12-09,0.319965988662552
2017-12-10,0.35683495293595
2017-12-11,0.310090337939211
2017-12-12,0.291841820993849
2017-12-13,0.314516857152308
2017-12-14,0.303231643104399
2017-12-15,0.27381142717665
2017-12-16,0.214301436617041
2017-12-17,0.221922398658398
2017-12-18,0.281813395028107
2017-12-19,0.277971783896714
2017-12-20,0.292957227202732
2017-12-21,0.288287004412585
2017-12-22,0.340225806189928
2017-12-23,0.269976387767615
2017-12-24,0.318415645336076
2017-12-25,0.216722676404309
2017-12-26,0.272098037967065
2017-12-27,0.252797663886562
2017-12-28,0.351892586343247
2017-12-29,0.273845908302148
2017-12-30,0.269459401789738
2017-12-31,0.310722103375835
2018-01-01,0.427811731437061
2018-01-02,0.256204633759018
2018-01-03,0.22814269938291
2018-01-04,0.262442211224582
2018-01-05,0.189226952688562
2018-01-06,0.21196408956337
2018-01-07,0.239765824613036
2018-01-08,0.23309344108776
2018-01-09,0.197123614229297
2018-01-10,0.267841222549468
2018-01-11,0.210786662892513
2018-01-12,0.254250099450257
2018-01-13,0.281218944438672
2018-01-14,0.233363335060422
2018-01-15,0.283569100816731
2018-01-16,0.205386436672344
2018-01-17,0.183093234506771
2018-01-18,0.202085606591437
2018-01-19,0.181852578940204
2018-01-20,0.186499111604532
2018-01-21,0.201191564163998
2018-01-22,0.169469012835695
2018-01-23,0.185028419952655
2018-01-24,0.183726735779766
2018-01-25,0.223197713067104
2018-01-26,0.187069299018399
2018-01-27,0.210973884131274
2018-01-28,0.142631448366404
2018-01-29,0.153116394937138
2018-01-30,0.218313255922872
2018-01-31,0.251801626388793
2018-02-01,0.212396557319529
2018-02-02,0.250270748888461
2018-02-03,0.189141786186582
2018-02-04,0.245427300549329
2018-02-05,0.250885508928253
2018-02-06,0.318514864817731
2018-02-07,0.297398287428742
2018-02-08,0.234957612789076
2018-02-09,0.311955796427018
2018-02-10,0.305492414133767
2018-02-11,0.187840325813119
2018-02-12,0.176370245453571
2018-02-13,0.233722241729086
2018-02-14,0.324433309175216
2018-02-15,0.413007656825477
2018-02-16,0.364830578116689
2018-02-17,0.349685656409742
2018-02-18,0.313561183834649
2018-02-19,0.314618794420341
2018-02-20,0.216538292418252
2018-02-21,0.246971949801232
2018-02-22,0.22470770672045
2018-02-23,0.209722544922032
2018-02-24,0.188364660006217
2018-02-25,0.145748103409303
2018-02-26,0.114197811501013
2018-02-27,0.174532691777857
2018-02-28,0.193611238831868
2018-03-01,0.107139363318742
2018-03-02,0.134569660578214
2018-03-03,0.183565675322078
2018-03-04,0.119350805464867
2018-03-05,0.120666562048537
2018-03-06,0.0967672488933189
2018-03-07,0.138660830263605
2018-03-08,0.13906488854287
2018-03-09,0.104631655794904
2018-03-10,0.12853725240393
2018-03-11,0.115087877746262
2018-03-12,0.119305257473481
2018-03-13,0.115186539426895
2018-03-14,0.150185972515337
2018-03-15,0.160611564526752
2018-03-16,0.113645510817869
2018-03-17,0.154031262982359
2018-03-18,0.111659478379475
2018-03-19,0.11799152230382
2018-03-20,0.162256085459937
2018-03-21,0.124194731025017
2018-03-22,0.145664506150565
2018-03-23,0.175301937026937
2018-03-24,0.134368496282036
2018-03-25,0.115170703099933
2018-03-26,0.109340222227921
2018-03-27,0.138746136001012
2018-03-28,0.128758197172524
2018-03-29,0.0979130252289917
2018-03-30,0.13386366793536
2018-03-31,0.155297280847625
2018-04-01,0.137287036264747
2018-04-02,0.133153700937898
2018-04-03,0.130124815117539
2018-04-04,0.145153667100299
2018-04-05,0.148587942866459
2018-04-06,0.14052447871615
2018-04-07,0.11245623518148
2018-04-08,0.175821160942967
2018-04-09,0.135862863275208
2018-04-10,0.121873724066366
2018-04-11,0.184885055890541
2018-04-12,0.179035397406193
2018-04-13,0.229902518984365
2018-04-14,0.156043074569346
2018-04-15,0.189431658913441
2018-04-16,0.174406814484727
2018-04-17,0.132841722303629
2018-04-18,0.203903693745857
2018-04-19,0.164439875514777
2018-04-20,0.169909851248818
2018-04-21,0.180967621651611
2018-04-22,0.191785758105927
2018-04-23,0.169332898641869
2018-04-24,0.180343159332228
2018-04-25,0.248067190480216
2018-04-26,0.140292189012403
2018-04-27,0.164248345236813
2018-04-28,0.144237018493804
2018-04-29,0.140639727010666
2018-04-30,0.149310430742523
2018-05-01,0.164300285492403
2018-05-02,0.159776120391752
2018-05-03,0.151078053723422
2018-05-04,0.153741837697157
2018-05-05,0.176266294231381
2018-05-06,0.189375033953021
2018-05-07,0.134582971872827
2018-05-08,0.200187295629827
2018-05-09,0.1344435779441
2018-05-10,0.204800442593738
2018-05-11,0.204749694373865
2018-05-12,0.198431192938219
2018-05-13,0.178284188873527
2018-05-14,0.168194113674097
2018-05-15,0.206858447143345
2018-05-16,0.128643846477189
2018-05-17,0.114235889568638
2018-05-18,0.109916740099369
2018-05-19,0.100098700499545
2018-05-20,0.0918198958510324
2018-05-21,0.0939410737394374
2018-05-22,0.0967816080321517
2018-05-23,0.104460001515766
2018-05-24,0.0960678830120446
2018-05-25,0.0936805416800752
2018-05-26,0.0870526635937325
2018-05-27,0.119534709229964
2018-05-28,0.100368460609085
2018-05-29,0.120191015536374
2018-05-30,0.163157504175068
2018-05-31,0.180324871821955
2018-06-01,0.11531319307978
2018-06-02,0.178260957395261
2018-06-03,0.149747983988087
2018-06-04,0.141450270671689
2018-06-05,0.102588613794428
2018-06-06,0.103505071455017
2018-06-07,0.101296762271347
2018-06-08,0.122405999351025
2018-06-09,0.106878114253922
2018-06-10,0.1279176641234
2018-06-11,0.111665355991331
2018-06-12,0.106197543165496
2018-06-13,0.111232444068917
2018-06-14,0.0954222788223953
2018-06-15,0.100797166551162
2018-06-16,0.131340275502466
2018-06-17,0.126210922123284
2018-06-18,0.138898821485781
2018-06-19,0.124554640153591
2018-06-20,0.134955764956624
2018-06-21,0.104358772272985
2018-06-22,0.109372642257405
2018-06-23,0.104360116051779
2018-06-24,0.124987490142752
2018-06-25,0.131356085121217
2018-06-26,0.167887340330282
2018-06-27,0.116347371903939
2018-06-28,0.102299862671558
2018-06-29,0.0883826267122912
2018-06-30,0.114813331169578
2018-07-01,0.110017577380817
2018-07-02,0.132173536993222
2018-07-03,0.0841864885346954
2018-07-04,0.110924483617088
2018-07-05,0.163651927933005
2018-07-06,0.0857134351777172
2018-07-07,0.111914987974327
2018-07-08,0.100631378788141
2018-07-09,0.0879141436540927
2018-07-10,0.0719654567113979
2018-07-11,0.0946006894304725
2018-07-12,0.0922216628847592
2018-07-13,0.0851213028065594
2018-07-14,0.0714712712336096
2018-07-15,0.0770843905743628
2018-07-16,0.117324748818337
2018-07-17,0.109639771830946
2018-07-18,0.102344822025283
2018-07-19,0.121936791445252
2018-07-20,0.0955418439864319
2018-07-21,0.120872172440552
2018-07-22,0.113724900217069
2018-07-23,0.0906062921935175
2018-07-24,0.152210724636293
2018-07-25,0.0863657459668586
2018-07-26,0.118008299199464
2018-07-27,0.0818546183397599
2018-07-28,0.105914733169825
2018-07-29,0.0860503099417479
2018-07-30,0.07727319073242
2018-07-31,0.0819002829832951
2018-08-01,0.0847452823110317
2018-08-02,0.129548145649792
2018-08-03,0.0883215193751045
2018-08-04,0.131684198564903
2018-08-05,0.0851757980692557
2018-08-06,0.140851528066756
2018-08-07,0.0744029421755552
2018-08-08,0.0813569379822785
2018-08-09,0.147056129849782
2018-08-10,0.0913153033524244
2018-08-11,0.124621659628421
2018-08-12,0.0807231180644776
2018-08-13,0.146033435708275
2018-08-14,0.110837589913554
2018-08-15,0.0916868331568318
2018-08-16,0.126547217298974
2018-08-17,0.0957266409882534
2018-08-18,0.136872578992339
2018-08-19,0.111651726129512
2018-08-20,0.191632026447894
2018-08-21,0.133662013509292
2018-08-22,0.144807738815954
2018-08-23,0.139321734527524
2018-08-24,0.113373985080295
2018-08-25,0.157322549558478
2018-08-26,0.121294479420828
2018-08-27,0.129698000600144
2018-08-28,0.139306521449857
2018-08-29,0.136126271105714
2018-08-30,0.129720786720007
2018-08-31,0.108022037089781
2018-09-01,0.128491882746698
2018-09-02,0.150313774495342
2018-09-03,0.143927901256828
2018-09-04,0.122691444441684
2018-09-05,0.126003905137355
2018-09-06,0.132121291789696
2018-09-07,0.121230469034238
2018-09-08,0.133108991303443
2018-09-09,0.131566515135695
2018-09-10,0.0917828425159751
2018-09-11,0.118563957053689
2018-09-12,0.106494328890695
2018-09-13,0.17009373729737
2018-09-14,0.132834686268483
2018-09-15,0.138206743997028
2018-09-16,0.140581694280317
2018-09-17,0.0873451370570913
2018-09-18,0.139924425826173
2018-09-19,0.117251933345236
2018-09-20,0.166446344857124
2018-09-21,0.159717020156454
2018-09-22,0.133567355985752
2018-09-23,0.148020023277306
2018-09-24,0.139763448480486
2018-09-25,0.126864482369874
2018-09-26,0.0959624023474785
2018-09-27,0.0985735803819187
2018-09-28,0.101202679365647
2018-09-29,0.103288419869659
2018-09-30,0.0953936087347408
2018-10-01,0.126364268196275
2018-10-02,0.0698965105465605
2018-10-03,0.0851601475476948
2018-10-04,0.09101307148535
2018-10-05,0.0786274635469205
2018-10-06,0.0815525072126597
2018-10-07,0.115098462870203
2018-10-08,0.113920832252884
2018-10-09,0.0716913917641244
2018-10-10,0.0950284775052629
2018-10-11,0.107656422009048
2018-10-12,0.0853063572191493
2018-10-13,0.0838765903849439
2018-10-14,0.0788370527284053
2018-10-15,0.123648448295238
2018-10-16,0.102897839951123
2018-10-17,0.120208475900966
2018-10-18,0.0808016168551428
2018-10-19,0.0742634040469491
2018-10-20,0.0721357193952346
2018-10-21,0.108668298471965
2018-10-22,0.0975664431123451
2018-10-23,0.0941897684708504
2018-10-24,0.0720961482527314
2018-10-25,0.0845771648213941
2018-10-26,0.0638603128321016
2018-10-27,0.0731131851020373
2018-10-28,0.0556725886665091
2018-10-29,0.0782753773297477
2018-10-30,0.0702462839426681
2018-10-31,0.0737643553726004
2018-11-01,0.0532919545988087
2018-11-02,0.0448162680190119
2018-11-03,0.0425611891950211
2018-11-04,0.0544791472398186
2018-11-05,0.03529362084005
2018-11-06,0.0512144378712339
2018-11-07,0.0525729291390684
2018-11-08,0.0366367695617638
2018-11-09,0.0397564619135325
2018-11-10,0.0335365768234051
2018-11-11,0.0394947948783823
2018-11-12,0.0608130547712743
2018-11-13,0.0466080153729587
2018-11-14,0.0837173559430589
2018-11-15,0.0853860006035791
2018-11-16,0.0747911733520231
2018-11-17,0.0670802233380797
2018-11-18,0.0819576878928114
2018-11-19,0.12760178520398
2018-11-20,0.134387688868593
2018-11-21,0.160217536862997
2018-11-22,0.14687217403651
2018-11-23,0.159478320381155
2018-11-24,0.159821730908339
2018-11-25,0.132080627886912
2018-11-26,0.208285732242409
2018-11-27,0.218538273105319
2018-11-28,0.184172906973529
2018-11-29,0.187819973437512
2018-11-30,0.223407544984889
2018-12-01,0.27019995908286
2018-12-02,0.252533041461369
2018-12-03,0.214102565395282
2018-12-04,0.191303197996886
2018-12-05,0.191352185184949
2018-12-06,0.214645265984145
2018-12-07,0.209279919801203
2018-12-08,0.217470716852507
2018-12-09,0.104214403174681
2018-12-10,0.159056970966202
2018-12-11,0.23994290485904
2018-12-12,0.163183840459124
2018-12-13,0.133943006210205
2018-12-14,0.191717537487915
2018-12-15,0.191608121546209
2018-12-16,0.177925441144246
2018-12-17,0.14098150590731
2018-12-18,0.218997288264392
2018-12-19,0.183738938796741
2018-12-20,0.165786994303709
2018-12-21,0.200263000966026
2018-12-22,0.136405401794132
2018-12-23,0.170366316145486
2018-12-24,0.274343379613883
2018-12-25,0.179752302420519
2018-12-26,0.17040175580698
2018-12-27,0.144604431471872
2018-12-28,0.158793472605026
2018-12-29,0.205281048592211
2018-12-30,0.200946100548199
2018-12-31,0.138892412027761
2019-01-01,0.156016929217656
2019-01-02,0.215939183737202
2019-01-03,0.185668097914546
2019-01-04,0.192303510198446
2019-01-05,0.137634242660751
2019-01-06,0.105824947632512
2019-01-07,0.092233920316256
2019-01-08,0.127150956576432
2019-01-09,0.144619795059727
2019-01-10,0.198974791598921
2019-01-11,0.149841290176445
2019-01-12,0.100525655332399
2019-01-13,0.191914617549373
2019-01-14,0.154790564414419
2019-01-15,0.20866454584056
2019-01-16,0.167778477016641
2019-01-17,0.193251407459448
2019-01-18,0.15397075412266
2019-01-19,0.119395629585558
2019-01-20,0.128305753627349
2019-01-21,0.100826543025932
2019-01-22,0.109063121468508
2019-01-23,0.105526135647509
2019-01-24,0.110321412978101
2019-01-25,0.122426287317048
2019-01-26,0.129809247471116
2019-01-27,0.131125574294639
2019-01-28,0.120367350023276
2019-01-29,0.143473848066424
2019-01-30,0.131612792237016
2019-01-31,0.0927748615464114
2019-02-01,0.108556434162803
2019-02-02,0.0651753906218978
2019-02-03,0.0498388963134059
2019-02-04,0.0766534416928973
2019-02-05,0.0767094771366013
2019-02-06,0.0569789105994012
2019-02-07,0.0762255830375617
2019-02-08,0.0678575167127907
2019-02-09,0.082273122401757
2019-02-10,0.0832428602465563
2019-02-11,0.0820408590691692
2019-02-12,0.0878658051776671
2019-02-13,0.102835226388193
2019-02-14,0.118734010047069
2019-02-15,0.117518516297669
2019-02-16,0.0652231628897667
2019-02-17,0.0695247952257467
2019-02-18,0.0830053529868759
2019-02-19,0.113586167040778
2019-02-20,0.149494463569039
2019-02-21,0.122671512418295
2019-02-22,0.13988171580745
2019-02-23,0.126823278903011
2019-02-24,0.114418914910427
2019-02-25,0.139363769250415
2019-02-26,0.138598534301396
2019-02-27,0.125707866476904
2019-02-28,0.0925258981273425
2019-03-01,0.104754665067012
2019-03-02,0.0803201151574562
2019-03-03,0.11462454320665
2019-03-04,0.118582783004423
2019-03-05,0.0966136496224966
2019-03-06,0.0887380885050196
2019-03-07,0.0896760070750307
2019-03-08,0.0852688292864378
2019-03-09,0.0998870915957081
2019-03-10,0.0739182199262633
2019-03-11,0.106788816751901
2019-03-12,0.116948740064308
2019-03-13,0.121334381651561
2019-03-14,0.116533349212748
2019-03-15,0.124194274329852
2019-03-16,0.118189724046515
2019-03-17,0.0934322616641894
2019-03-18,0.0567429047786319
2019-03-19,0.0791641391572107
2019-03-20,0.0639054286116061
2019-03-21,0.068760257767567
2019-03-22,0.051823889607842
2019-03-23,0.0701287468080879
2019-03-24,0.0671190574569878
2019-03-25,0.0593312962925567
2019-03-26,0.0533347358391471
2019-03-27,0.0558116690104826
2019-03-28,0.0449216760955944
2019-03-29,0.0574608814303462
2019-03-30,0.0733639812255014
2019-03-31,0.0683077375450298
2019-04-01,0.0694802263327721
2019-04-02,0.067424670516246
2019-04-03,0.0969806955742625
2019-04-04,0.0916611085340496
2019-04-05,0.0931225300171589
2019-04-06,0.113135429614421
2019-04-07,0.120233480387529
2019-04-08,0.103301138823462
2019-04-09,0.123066245574322
2019-04-10,0.107701706360899
2019-04-11,0.121495553772279
2019-04-12,0.102846410748502
2019-04-13,0.106856370051999
2019-04-14,0.0946321819937986
2019-04-15,0.111563053827528
2019-04-16,0.12761001404227
2019-04-17,0.10745690975316
2019-04-18,0.110193757073296
2019-04-19,0.123140088852026
2019-04-20,0.143852350948227
2019-04-21,0.12921362441299
2019-04-22,0.106003976928034
2019-04-23,0.107522870578329
2019-04-24,0.0952116739784695
2019-04-25,0.10056249972508
2019-04-26,0.114608252931905
2019-04-27,0.0806838756132232
2019-04-28,0.0829279936112845
2019-04-29,0.0760996059630613
2019-04-30,0.115284299903171
2019-05-01,0.104054925634687
2019-05-02,0.0870684972582795
2019-05-03,0.097280809257922
2019-05-04,0.098533902389825
2019-05-05,0.116678223798961
2019-05-06,0.0978787422520769
2019-05-07,0.0910981917409361
2019-05-08,0.113580943195959
2019-05-09,0.0877286190949644
2019-05-10,0.120712530481069
2019-05-11,0.087203076778384
2019-05-12,0.0786230862370374
2019-05-13,0.0770262986884629
2019-05-14,0.119277249543476
2019-05-15,0.0788593963300892
2019-05-16,0.101075711208271
2019-05-17,0.114597916294142
2019-05-18,0.107031246683622
2019-05-19,0.139620743516657
2019-05-20,0.139056621285988
2019-05-21,0.160997394369286
2019-05-22,0.152546265385182
2019-05-23,0.166181187485809
2019-05-24,0.12811325508679
2019-05-25,0.148881981065096
2019-05-26,0.138401171282098
2019-05-27,0.200250734055828
2019-05-28,0.182382753352884
2019-05-29,0.157334113945053
2019-05-30,0.19225582636469
2019-05-31,0.184203955528478
2019-06-01,0.157245448273075
2019-06-02,0.195617746123646
2019-06-03,0.184384638205995
2019-06-04,0.179987477742599
2019-06-05,0.185623522024795
2019-06-06,0.16509402805055
2019-06-07,0.155243762893886
2019-06-08,0.180645110149234
2019-06-09,0.107576439781343
2019-06-10,0.123460469869034
2019-06-11,0.10432699763789
2019-06-12,0.107532337136499
2019-06-13,0.0943354321891093
2019-06-14,0.0939297842088342
2019-06-15,0.117179259178234
2019-06-16,0.116466780094839
2019-06-17,0.108654544861451
2019-06-18,0.105389475267295
2019-06-19,0.112825247605427
2019-06-20,0.0962139518884935
2019-06-21,0.108690369557942
2019-06-22,0.0743895043481696
2019-06-23,0.11621256213978
2019-06-24,0.0710304996175115
2019-06-25,0.0845031481383534
2019-06-26,0.0580107881919709
2019-06-27,0.061509953584838
2019-06-28,0.0656821940500644
2019-06-29,0.0953524923812657
2019-06-30,0.129946016749525
2019-07-01,0.0788273371224518
2019-07-02,0.0696210637509516
2019-07-03,0.101197558148601
2019-07-04,0.144084457972763
2019-07-05,0.104008762162476
2019-07-06,0.109259860936531
2019-07-07,0.138304510569809
2019-07-08,0.107095786427625
2019-07-09,0.11376013858302
2019-07-10,0.103770228091016
2019-07-11,0.174013386595417
2019-07-12,0.147610489009265
2019-07-13,0.188288498720037
2019-07-14,0.134505014051887
2019-07-15,0.140738285099874
2019-07-16,0.190947622063996
2019-07-17,0.125300138333438
2019-07-18,0.177487719552451
2019-07-19,0.157674681887131
2019-07-20,0.111920487798852
2019-07-21,0.121189652334768
2019-07-22,0.107620049941159
2019-07-23,0.122254626332442
2019-07-24,0.125839050454883
2019-07-25,0.100410639133011
2019-07-26,0.167847466941009
2019-07-27,0.127605612906042
2019-07-28,0.219273674294059
2019-07-29,0.115963719901328
2019-07-30,0.131594172654278
2019-07-31,0.159478097930378
2019-08-01,0.0987831511264858
2019-08-02,0.085673172260279
2019-08-03,0.117081935673785
2019-08-04,0.12592813778828
2019-08-05,0.118745484608503
2019-08-06,0.108299237707381
2019-08-07,0.0876180514998431
2019-08-08,0.0821090367236886
2019-08-09,0.0644570300091667
2019-08-10,0.0906468996860455
2019-08-11,0.081591805395557
2019-08-12,0.100521226363586
2019-08-13,0.0868266490898899
2019-08-14,0.112710082206789
2019-08-15,0.0792522926562993
2019-08-16,0.084250806741016
2019-08-17,0.0746867380932298
2019-08-18,0.0658825426013211
2019-08-19,0.0830487806741503
2019-08-20,0.077961797684993
2019-08-21,0.0921109837325544
2019-08-22,0.0699256310020844
2019-08-23,0.0791922825022004
2019-08-24,0.110275829425307
2019-08-25,0.116567024430997
2019-08-26,0.120444714094072
2019-08-27,0.0905451169656273
2019-08-28,0.112825161135201
2019-08-29,0.0717959516418082
2019-08-30,0.0466558361717257
2019-08-31,0.0777692116377292
2019-09-01,0.107433011060577
2019-09-02,0.0611609307474371
2019-09-03,0.0875881183899396
2019-09-04,0.0716531781749977
2019-09-05,0.0755270913153396
2019-09-06,0.0555798016533865
2019-09-07,0.0733209459014011
2019-09-08,0.0652634175729307
2019-09-09,0.0550240822873917
2019-09-10,0.0768068411397499
2019-09-11,0.0580963761131878
2019-09-12,0.065310665499516
2019-09-13,0.0613897747087929
2019-09-14,0.0707045494163631
2019-09-15,0.0636774461940921
2019-09-16,0.0611886250212441
2019-09-17,0.0476655307447699
2019-09-18,0.0745774849588491
2019-09-19,0.0532284353145957
2019-09-20,0.0706428210343364
2019-09-21,0.0936769053898738
2019-09-22,0.113013162065628
2019-09-23,0.0549836065662202
2019-09-24,0.0797865455762618
2019-09-25,0.110990325329859
2019-09-26,0.0892772873139388
2019-09-27,0.114653089133116
2019-09-28,0.101334584709289
2019-09-29,0.112939582857639
2019-09-30,0.051953984893696
2019-10-01,0.106755420309813
2019-10-02,0.12462295305898
2019-10-03,0.0856057038282916
2019-10-04,0.14126949271056
2019-10-05,0.123651169046696
2019-10-06,0.130442292348904
2019-10-07,0.118201219181675
2019-10-08,0.0937686197939175
2019-10-09,0.100427531453793
2019-10-10,0.10694657142814
2019-10-11,0.083260323446448
2019-10-12,0.0699418693295668
2019-10-13,0.0632442927595239
2019-10-14,0.0772176656882782
2019-10-15,0.0788294542748674
2019-10-16,0.0563342615642959
2019-10-17,0.0719599360202967
2019-10-18,0.083073492339908
2019-10-19,0.0642181136750029
2019-10-20,0.0749436913286781
2019-10-21,0.0663532900173772
2019-10-22,0.0914839907643565
2019-10-23,0.0587474378963666
2019-10-24,0.0757401395861149
2019-10-25,0.116696334628217
2019-10-26,0.103318112100436
2019-10-27,0.0972890868937736
2019-10-28,0.120213876551741
2019-10-29,0.0917486574900683
2019-10-30,0.079246085685041
2019-10-31,0.0832853034170497
2019-11-01,0.0790810921874258
2019-11-02,0.0772888031398432
2019-11-03,0.110340899365586
2019-11-04,0.077699918231613
2019-11-05,0.0998883078529641
2019-11-06,0.0770407324469742
2019-11-07,0.0740039644472855
2019-11-08,0.0716544144122614
2019-11-09,0.0884039067898337
2019-11-10,0.0745069107527186
2019-11-11,0.0682781753224773
2019-11-12,0.0928709198339528
2019-11-13,0.0628940954123401
2019-11-14,0.0737253421094995
2019-11-15,0.0844898221776298
2019-11-16,0.0757371147992645
2019-11-17,0.0420596807727169
2019-11-18,0.0727499174368642
2019-11-19,0.0545119804783366
2019-11-20,0.0385639909984647
2019-11-21,0.0688557893908221
2019-11-22,0.0875103146964181
2019-11-23,0.0938165392678032
2019-11-24,0.0850512297803291
2019-11-25,0.0778394456016735
2019-11-26,0.0753183777579226
2019-11-27,0.0988434337390695
2019-11-28,0.0703720119060579
2019-11-29,0.0957403834912008
2019-11-30,0.0913575841639514
2019-12-01,0.0813858802759789
2019-12-02,0.100264402903189
2019-12-03,0.0684202408102866
2019-12-04,0.0898002462557465
2019-12-05,0.0808575312493876
2019-12-06,0.0853175338641278
2019-12-07,0.0948903142224406
2019-12-08,0.130678497188234
2019-12-09,0.0982821382180696
2019-12-10,0.0842520449250945
2019-12-11,0.104906409276216
2019-12-12,0.0861954848926761
2019-12-13,0.0603152391081854
2019-12-14,0.0514305078177119
2019-12-15,0.0459347273051344
2019-12-16,0.056303237446724
2019-12-17,0.0696885069252238
2019-12-18,0.069752381684015
2019-12-19,0.0802207694020811
2019-12-20,0.091968834184887
2019-12-21,0.12472585091012
2019-12-22,0.116379963690593
2019-12-23,0.109627342018382
2019-12-24,0.134001426430836
2019-12-25,0.130530618158166
2019-12-26,0.0778244748397057
2019-12-27,0.0805649264038945
2019-12-28,0.101791046389922
2019-12-29,0.105029818318405
2019-12-30,0.124231883989417
2019-12-31,0.0843955145589811
2020-01-01,0.0911712893065024
2020-01-02,0.0741515424903377
2020-01-03,0.0762334289950095
2020-01-04,0.0608892543274761
2020-01-05,0.0949295178880946
2020-01-06,0.133909547749053
2020-01-07,0.111689887133528
2020-01-08,0.0789875730146337
2020-01-09,0.0935920699012258
2020-01-10,0.0831078963260812
2020-01-11,0.0918512852634055
2020-01-12,0.0788430838342529
2020-01-13,0.0860548190029943
2020-01-14,0.102957259227933
2020-01-15,0.116318359873959
2020-01-16,0.124501145007813
2020-01-17,0.11272995776003
2020-01-18,0.125476184735712
2020-01-19,0.103457434561449
2020-01-20,0.138121274811222
2020-01-21,0.126387570889921
2020-01-22,0.0995135802054098
2020-01-23,0.107418276876938
2020-01-24,0.0923324577184696
2020-01-25,0.091186143901744
2020-01-26,0.114544588647317
2020-01-27,0.0891758937548995
2020-01-28,0.109462100328823
2020-01-29,0.116766567397738
2020-01-30,0.116945110492838
2020-01-31,0.0938272597869763
2020-02-01,0.089829893436229
2020-02-02,0.0988540511477754
2020-02-03,0.14987565160526
2020-02-04,0.0890268704499203
2020-02-05,0.0838964019064011
2020-02-06,0.0540202976290829
2020-02-07,0.0925401328518668
2020-02-08,0.0885705789436553
2020-02-09,0.107221172460118
2020-02-10,0.0673367136699951
2020-02-11,0.0984561433803476
2020-02-12,0.118466413471168
2020-02-13,0.0696790212218664
2020-02-14,0.0811099003059765
2020-02-15,0.117717914268646
2020-02-16,0.09580320080152
2020-02-17,0.11555780252923
2020-02-18,0.109072472892405
2020-02-19,0.0938193895579418
2020-02-20,0.116224505822374
2020-02-21,0.11005575968443
2020-02-22,0.119875380682814
2020-02-23,0.113393210678395
2020-02-24,0.178581810385016
2020-02-25,0.183365303957391
2020-02-26,0.155617064552014
2020-02-27,0.16708976675685
2020-02-28,0.128508589559368
2020-02-29,0.135912729369088
2020-03-01,0.105386866937046
2020-03-02,0.103113444655013
2020-03-03,0.155813336470073
2020-03-04,0.149942855715664
2020-03-05,0.135732307250316
2020-03-06,0.133217555346176
2020-03-07,0.13580900198444
2020-03-08,0.251680756407676
2020-03-09,0.203737607233401
2020-03-10,0.127071385585798
2020-03-11,0.14419840959239
2020-03-12,0.350507523349583
2020-03-13,0.360493625124454
2020-03-14,0.320197959330939
2020-03-15,0.414346376771159
2020-03-16,0.415241689389027
2020-03-17,0.467143309378263
2020-03-18,0.430651801294953
2020-03-19,0.296706932731253
2020-03-20,0.262599690167272
2020-03-21,0.277108729296168
2020-03-22,0.368596129896291
2020-03-23,0.328653204845831
2020-03-24,0.442930633757516
2020-03-25,0.422707405436378
2020-03-26,0.359172976721926
2020-03-27,0.299581450098621
2020-03-28,0.386025180435484
2020-03-29,0.336204981839042
2020-03-30,0.337744016102607
2020-03-31,0.345256831556802
2020-04-01,0.373483546823658
2020-04-02,0.172632831658031
2020-04-03,0.153597628531523
2020-04-04,0.168997876337394
2020-04-05,0.184818736071173
2020-04-06,0.194224906527758
2020-04-07,0.212499093406177
2020-04-08,0.213763706298543
2020-04-09,0.132477314865906
2020-04-10,0.185581872176374
2020-04-11,0.142386379841156
2020-04-12,0.117580234086582
2020-04-13,0.138406143740327
2020-04-14,0.264225342408209
2020-04-15,0.175330197620796
2020-04-16,0.219479792510921
2020-04-17,0.175698661552946
2020-04-18,0.176350086280675
2020-04-19,0.166305575446127
2020-04-20,0.132607217211845
2020-04-21,0.191180370634248
2020-04-22,0.229467182096423
2020-04-23,0.169338103137119
2020-04-24,0.168020341305788
2020-04-25,0.13636004884408
2020-04-26,0.141682669934275
2020-04-27,0.124216498119565
2020-04-28,0.144851106367718
2020-04-29,0.152306159583019
2020-04-30,0.140047686632108
2020-05-01,0.139425351834223
2020-05-02,0.132133632912734
2020-05-03,0.12244814945311
2020-05-04,0.134025481863994
2020-05-05,0.130806676399379
2020-05-06,0.095544961879058
2020-05-07,0.0668766734770503
2020-05-08,0.101433636762575
2020-05-09,0.0994496993387342
2020-05-10,0.0951713362328416
2020-05-11,0.126348084339486
2020-05-12,0.0843660065881126
2020-05-13,0.0888772152815922
2020-05-14,0.103617022600656
2020-05-15,0.100972585451957
2020-05-16,0.123839343231197
2020-05-17,0.0954019621094996
2020-05-18,0.0986875812141913
2020-05-19,0.0808514603148888
2020-05-20,0.0895142621180804
2020-05-21,0.0682818803528998
2020-05-22,0.0575081288259797
2020-05-23,0.0521768435858423
2020-05-24,0.0574871124628012
2020-05-25,0.0569149097788882
2020-05-26,0.0800287132955103
2020-05-27,0.0821153108893387
2020-05-28,0.0744782836915928
2020-05-29,0.101544587760386
2020-05-30,0.0844115879002949
2020-05-31,0.101211483345511
2020-06-01,0.09136442712886
2020-06-02,0.0591361991088181
2020-06-03,0.0847540321126675
2020-06-04,0.12164426686599
2020-06-05,0.0813076221364434
2020-06-06,0.069546846138251
2020-06-07,0.0972255858264674
2020-06-08,0.0854522693421292
2020-06-09,0.0736285079543732
2020-06-10,0.0802471550663784
2020-06-11,0.073957800403904
2020-06-12,0.094046999335213
2020-06-13,0.076973174715122
2020-06-14,0.0786198346646817
2020-06-15,0.0717045282817785
2020-06-16,0.0778744033760361
2020-06-17,0.0891540405803509
2020-06-18,0.0504228772526541
2020-06-19,0.0921942511276977
2020-06-20,0.0487691209784795
2020-06-21,0.0704033077413394
2020-06-22,0.0804790552057952
2020-06-23,0.0571430254430125
2020-06-24,0.0511795544389714
2020-06-25,0.0553695754784638
2020-06-26,0.0519539205240251
2020-06-27,0.0507739996558051
2020-06-28,0.0503786246227185
2020-06-29,0.0577633782999319
2020-06-30,0.0549968179138518
2020-07-01,0.0623045399877752
2020-07-02,0.0887040840724694
2020-07-03,0.0567611066446949
2020-07-04,0.0485195045634944
2020-07-05,0.0585313771529885
2020-07-06,0.0561543703894409
2020-07-07,0.0524521625695551
2020-07-08,0.0702519710725377
2020-07-09,0.0676384198158445
2020-07-10,0.0850067879616267
2020-07-11,0.0566611039500037
2020-07-12,0.0602154536889492
2020-07-13,0.0675629330522578
2020-07-14,0.082136509271774
2020-07-15,0.0586145710969565
2020-07-16,0.0595721838874095
2020-07-17,0.0542925361849401
2020-07-18,0.0760057889769109
2020-07-19,0.0664785514688005
2020-07-20,0.0610361931930753
2020-07-21,0.0563781444262494
2020-07-22,0.0877341892821638
2020-07-23,0.100739995703692
2020-07-24,0.0721787911654727
2020-07-25,0.0705802267245367
2020-07-26,0.0956682026991245
2020-07-27,0.0965943014066736
2020-07-28,0.0757622946884432
2020-07-29,0.100057254475772
2020-07-30,0.0898026080170082
2020-07-31,0.0689202646859222
2020-08-01,0.0659128800386318
2020-08-02,0.0647044577969265
2020-08-03,0.0707682706736759
2020-08-04,0.0996162608631687
2020-08-05,0.100930287102586
2020-08-06,0.0902049468995505
2020-08-07,0.111497982312234
2020-08-08,0.0875070982630057
2020-08-09,0.0858415371344635
2020-08-10,0.0838273348676162
2020-08-11,0.0966137599705067
2020-08-12,0.0988356970384749
2020-08-13,0.11289281489793
2020-08-14,0.126596699295585
2020-08-15,0.150113984005286
2020-08-16,0.0895765195865836
2020-08-17,0.0898645212097546
2020-08-18,0.101258700888754
2020-08-19,0.106945069213701
2020-08-20,0.135864006716729
2020-08-21,0.133596319199185
2020-08-22,0.13260707749048
2020-08-23,0.0983766424192011
2020-08-24,0.104498676082149
2020-08-25,0.0926559554876631
2020-08-26,0.0981991056303837
2020-08-27,0.137130078164068
2020-08-28,0.115004442454684
2020-08-29,0.115351271080399
2020-08-30,0.0744783350940685
2020-08-31,0.0915484727897005
2020-09-01,0.0929822592327186
2020-09-02,0.0896041781938051
2020-09-03,0.112208408669499
2020-09-04,0.131637721497157
2020-09-05,0.145035444528584
2020-09-06,0.133692489433408
2020-09-07,0.148574089956249
2020-09-08,0.147944183794575
2020-09-09,0.13203082075246
2020-09-10,0.116041019967612
2020-09-11,0.143416389284586
2020-09-12,0.157262773386376
2020-09-13,0.152660667096009
2020-09-14,0.119420643203444
2020-09-15,0.106997334253854
2020-09-16,0.115943806666662
2020-09-17,0.0873813483625052
2020-09-18,0.132204990065778
2020-09-19,0.153060979502658
2020-09-20,0.171197518901284
2020-09-21,0.111496906730824
2020-09-22,0.109469744608998
2020-09-23,0.0951073820508103
2020-09-24,0.0908018610293056
2020-09-25,0.0931852891892843
2020-09-26,0.0828597187874218
2020-09-27,0.0802870944854612
2020-09-28,0.0955585430536229
2020-09-29,0.0885324457954357
2020-09-30,0.090886551259288
2020-10-01,0.0709072892211487
2020-10-02,0.0621693557993734
2020-10-03,0.0797626027277502
2020-10-04,0.070982086724444
2020-10-05,0.0509400372300458
2020-10-06,0.0769172577860846
2020-10-07,0.0593776674015625
2020-10-08,0.0511790085348158
2020-10-09,0.0525593160241594
2020-10-10,0.0607241674221628
2020-10-11,0.0828222413444153
2020-10-12,0.0543544872009072
2020-10-13,0.0458458522256743
2020-10-14,0.0646077248222181
2020-10-15,0.0572243280291114
2020-10-16,0.0667820289192787
2020-10-17,0.0483236339386356
2020-10-18,0.062607401741108
2020-10-19,0.0570663344897986
2020-10-20,0.0640902696983428
2020-10-21,0.0662132444277448
2020-10-22,0.0719474309805409
2020-10-23,0.0680167848338613
2020-10-24,0.0609726301533697
2020-10-25,0.0634923079285108
2020-10-26,0.0646814614884192
2020-10-27,0.0680054935610688
2020-10-28,0.0614760142274072
2020-10-29,0.0595530520713107
2020-10-30,0.0570316535946379
2020-10-31,0.078375389354496
2020-11-01,0.0580892239905971
2020-11-02,0.0393266540846645
2020-11-03,0.0642164674842701
2020-11-04,0.0584647896081412
2020-11-05,0.0419163564994292
2020-11-06,0.0503108272747251
2020-11-07,0.0607831309836732
2020-11-08,0.077945757440583
2020-11-09,0.0489305438463311
2020-11-10,0.0705177952145593
2020-11-11,0.0803103040321618
2020-11-12,0.0505521867022425
2020-11-13,0.0554109855554227
2020-11-14,0.0779678877543299
2020-11-15,0.070118842081178
2020-11-16,0.0750053117738859
2020-11-17,0.077470553844375
2020-11-18,0.0600896179917042
2020-11-19,0.0547049351338717
2020-11-20,0.0798663910965162
2020-11-21,0.0806803772893942
2020-11-22,0.0715505213126155
2020-11-23,0.113129270703284
2020-11-24,0.100934850265133
2020-11-25,0.115406738725506
2020-11-26,0.0940835711908971
2020-11-27,0.112349619576865
2020-11-28,0.162901967231894
2020-11-29,0.0848161646183943
2020-11-30,0.118149737031192
2020-12-01,0.111625626708024
2020-12-02,0.128803583887496
2020-12-03,0.162121199732252
2020-12-04,0.124795404507002
2020-12-05,0.0984010248030005
2020-12-06,0.113162311654228
2020-12-07,0.119696686262647
2020-12-08,0.12183429421302
2020-12-09,0.12526761016208
2020-12-10,0.161542291504836
2020-12-11,0.101710135291658
2020-12-12,0.134560714823887
2020-12-13,0.186313000350305
2020-12-14,0.144446643425462
2020-12-15,0.109026226648438
2020-12-16,0.128115997446693
2020-12-17,0.10452926980086
2020-12-18,0.0982997128645762
2020-12-19,0.111067589370486
2020-12-20,0.110716615151758
2020-12-21,0.147920308232262
2020-12-22,0.133586099982258
2020-12-23,0.105166692776661
2020-12-24,0.143450071517052
2020-12-25,0.118826186469855
2020-12-26,0.0809108748349075
2020-12-27,0.0983106805328922
2020-12-28,0.109319141821384
2020-12-29,0.0983617825520908
2020-12-30,0.130467723185991
2020-12-31,0.107194999586269
2021-01-01,0.112277195861497
2021-01-02,0.0958274721902082
2021-01-03,0.116688850867871
2021-01-04,0.111732427007759
2021-01-05,0.117325736853181
2021-01-06,0.154543588101568
2021-01-07,0.128303437821548
2021-01-08,0.142860601881141
2021-01-09,0.152691035031454
2021-01-10,0.145108766372787
2021-01-11,0.214142581619651
2021-01-12,0.222337758413869
2021-01-13,0.144517667786067
2021-01-14,0.159171208175105
2021-01-15,0.168478468909191
2021-01-16,0.249470314827236
2021-01-17,0.238051539215609
2021-01-18,0.242853091920157
2021-01-19,0.167043469988913
2021-01-20,0.188976410923332
2021-01-21,0.206456923899047
2021-01-22,0.194012393372246
2021-01-23,0.156042108651617
2021-01-24,0.187872864908943
2021-01-25,0.214322082518161
2021-01-26,0.23550716466157
2021-01-27,0.153819202859666
2021-01-28,0.187294968865933
2021-01-29,0.243406327644431
2021-01-30,0.323527330214833
2021-01-31,0.187904271508407
2021-02-01,0.252159542932305
2021-02-02,0.253011996096402
2021-02-03,0.225978469828148
2021-02-04,0.288378212235169
2021-02-05,0.2507965539082
2021-02-06,0.165134503999591
2021-02-07,0.212668509100465
2021-02-08,0.289728638286611
2021-02-09,0.331118244006679
2021-02-10,0.283896580206786
2021-02-11,0.27503623993405
2021-02-12,0.196516638704341
2021-02-13,0.24585118306266
2021-02-14,0.146097978381319
2021-02-15,0.173690542461554
2021-02-16,0.160440579083944
2021-02-17,0.14911258340148
2021-02-18,0.141830878916654
2021-02-19,0.13958403744327
2021-02-20,0.135757469909133
2021-02-21,0.157120073860345
2021-02-22,0.176918251933605
2021-02-23,0.27941811463648
2021-02-24,0.250467727311731
2021-02-25,0.221462696419021
2021-02-26,0.250791864037565
2021-02-27,0.277295908335384
2021-02-28,0.234580351850792
2021-03-01,0.178916357781417
2021-03-02,0.133910194059737
2021-03-03,0.178544562710569
2021-03-04,0.163616916648777
2021-03-05,0.210348577720413
2021-03-06,0.134766152568069
2021-03-07,0.195843876924432
2021-03-08,0.168277890657034
2021-03-09,0.16292012032515
2021-03-10,0.152687374889394
2021-03-11,0.204502843373013
2021-03-12,0.16982265883597
2021-03-13,0.138694466049044
2021-03-14,0.196477789120342
2021-03-15,0.224429299985841
2021-03-16,0.1842144407788
2021-03-17,0.144141557109507
2021-03-18,0.125622337813968
2021-03-19,0.0978031041699574
2021-03-20,0.113696012558961
2021-03-21,0.161700813755963
2021-03-22,0.189299443639234
2021-03-23,0.102651158259412
2021-03-24,0.116625028961641
2021-03-25,0.135636431777558
2021-03-26,0.144839767716253
2021-03-27,0.146841862480634
2021-03-28,0.125974438294755
2021-03-29,0.126671000054474
2021-03-30,0.142888079114118
2021-03-31,0.132569223606574
2021-04-01,0.138515061445356
2021-04-02,0.139551786762702
2021-04-03,0.137416513944695
2021-04-04,0.137363562635233
2021-04-05,0.134402284353781
2021-04-06,0.142142459267519
2021-04-07,0.113405680363243
2021-04-08,0.1457623080281
2021-04-09,0.144129749174653
2021-04-10,0.112902571251432
2021-04-11,0.119563880359222
2021-04-12,0.0928896245276897
2021-04-13,0.13716793432942
2021-04-14,0.118307911406853
2021-04-15,0.077667544745797
2021-04-16,0.140830503475267
2021-04-17,0.0946284797634127
2021-04-18,0.0817095206410583
2021-04-19,0.117135888223457
2021-04-20,0.151283218306501
2021-04-21,0.0853003425395244
2021-04-22,0.125103112698217
2021-04-23,0.14617510037654
2021-04-24,0.144137035428496
2021-04-25,0.136881237091839
2021-04-26,0.157991310881459
2021-04-27,0.173394148852583
2021-04-28,0.144713661070808
2021-04-29,0.140957011713401
2021-04-30,0.125441697646374
2021-05-01,0.111810729474493
2021-05-02,0.138357441021773
2021-05-03,0.0842074354687062
2021-05-04,0.114377721369238
2021-05-05,0.145303351008531
2021-05-06,0.103708476817502
2021-05-07,0.0996255392406707
2021-05-08,0.172104467273601
2021-05-09,0.204144334335161
2021-05-10,0.173481568627663
2021-05-11,0.186464201237084
2021-05-12,0.17288759342709
2021-05-13,0.204352574257979
2021-05-14,0.171707950045528
2021-05-15,0.137504636505305
2021-05-16,0.141557668811276
2021-05-17,0.139548241132775
2021-05-18,0.164385715554184
2021-05-19,0.164540710554288
2021-05-20,0.264716708709737
2021-05-21,0.266665432652367
2021-05-22,0.246046722211753
2021-05-23,0.233864938418782
2021-05-24,0.30196308603879
2021-05-25,0.338865341622784
