date,FRM
20150201,0.41819348735365
20150202,0.412632877950772
20150203,0.414847321415786
20150204,0.431497515430666
20150205,0.412513399147319
20150206,0.472340010822991
20150207,0.438718800844135
20150208,0.460232894825347
20150209,0.430215852194823
20150210,0.417830186986695
20150211,0.381133336633292
20150212,0.384446362866835
20150213,0.426100382218073
20150214,0.439492563160587
20150215,0.42445481753941
20150216,0.438389977789606
20150217,0.394432286997578
20150218,0.410836215082326
20150219,0.42797263198789
20150220,0.4171257940047
20150221,0.382331972658749
20150222,0.426132292226216
20150223,0.434398324321752
20150224,0.426709944662602
20150225,0.410771248837545
20150226,0.400086191715878
20150227,0.391821982578756
20150228,0.403010581995595
20150301,0.375864953594847
20150302,0.361796616128145
20150303,0.406173846032497
20150304,0.433097427828461
20150305,0.363200800099001
20150306,0.406524914781464
20150307,0.337985778069817
20150308,0.355010845000577
20150309,0.387425914830114
20150310,0.349050057897224
20150311,0.318009600507305
20150312,0.365068215034518
20150313,0.351283516946991
20150314,0.348806159589198
20150315,0.365900147779934
20150316,0.339845355545659
20150317,0.314574111617821
20150318,0.259561474839232
20150319,0.207225355698934
20150320,0.219907726274652
20150321,0.210594408342434
20150322,0.209080321471154
20150323,0.201743972211375
20150324,0.236650218168158
20150325,0.226113790945129
20150326,0.220445177073543
20150327,0.24801282730537
20150328,0.200371280767423
20150329,0.221751816074496
20150330,0.234252739396699
20150331,0.211658092301812
20150401,0.173921921549971
20150402,0.178675414994984
20150403,0.253817740349256
20150404,0.288601799601846
20150405,0.27394930979272
20150406,0.278705508794658
20150407,0.241084423088336
20150408,0.266315237650754
20150409,0.269005759980207
20150410,0.266993877008309
20150411,0.253450842415872
20150412,0.259081410746923
20150413,0.215910649454195
20150414,0.240322373366914
20150415,0.238382484284154
20150416,0.215569210442185
20150417,0.23036176254069
20150418,0.246421172398143
20150419,0.194254251288891
20150420,0.214585762666115
20150421,0.204004653914002
20150422,0.213682432608798
20150423,0.22254076354062
20150424,0.224168777034467
20150425,0.236693511828109
20150426,0.233497925934329
20150427,0.209896349011813
20150428,0.20755824358093
20150429,0.248395460857162
20150430,0.231027268778587
20150501,0.241106925050175
20150502,0.219584893083994
20150503,0.233665298895211
20150504,0.234396162890769
20150505,0.220095055664248
20150506,0.205829839114069
20150507,0.245256963368209
20150508,0.222324021213147
20150509,0.210391537156553
20150510,0.23329789991007
20150511,0.228175280205933
20150512,0.238832677689425
20150513,0.247321691553966
20150514,0.222902961360519
20150515,0.213465268585798
20150516,0.256292337765389
20150517,0.252608982153271
20150518,0.275162467351294
20150519,0.237357023086199
20150520,0.22229593446826
20150521,0.229582747520184
20150522,0.258809690331888
20150523,0.229235613987031
20150524,0.216188547215279
20150525,0.212309737345545
20150526,0.23380550314278
20150527,0.178610710179547
20150528,0.197165708549236
20150529,0.204042506551451
20150530,0.207046157675811
20150531,0.22153659670839
20150601,0.225681526938076
20150602,0.232887794263326
20150603,0.278114536947628
20150604,0.246516552354877
20150605,0.205281675941199
20150606,0.173903925839054
20150607,0.19954543670905
20150608,0.21494253093583
20150609,0.185531209758623
20150610,0.190042867895956
20150611,0.219877823105422
20150612,0.227351287812653
20150613,0.223961530401175
20150614,0.203209134675137
20150615,0.187677470216521
20150616,0.162865150907018
20150617,0.18060123258073
20150618,0.195430333844907
20150619,0.220170141964569
20150620,0.228686637238853
20150621,0.218671977913712
20150622,0.21796086640096
20150623,0.218836982070713
20150624,0.202400194515873
20150625,0.196674703021212
20150626,0.189198502515771
20150627,0.213655031400001
20150628,0.168771530272548
20150629,0.176795215715202
20150630,0.182134377675155
20150701,0.171091639198041
20150702,0.17599481202388
20150703,0.171222717970932
20150704,0.184599655816183
20150705,0.195460792716865
20150706,0.1581259212552
20150707,0.157606723769817
20150708,0.162104435941128
20150709,0.153838761471462
20150710,0.199141691325877
20150711,0.200398004365607
20150712,0.184016432374535
20150713,0.193927232459962
20150714,0.201901850187989
20150715,0.211617927159341
20150716,0.227437284893563
20150717,0.233172935878494
20150718,0.234607368977958
20150719,0.204883490351227
20150720,0.210565661378128
20150721,0.23151998160053
20150722,0.214458127984671
20150723,0.196805890429461
20150724,0.218713831732284
20150725,0.254116476845137
20150726,0.239575519656352
20150727,0.248826286272287
20150728,0.244055532638569
20150729,0.204197187296655
20150730,0.223982856550725
20150731,0.198718711996487
20150801,0.199259432341728
20150802,0.20904449470478
20150803,0.232584277153841
20150804,0.207988308596881
20150805,0.199835003619185
20150806,0.208098292073193
20150807,0.189001791017951
20150808,0.213118696490837
20150809,0.238553501360166
20150810,0.199971861437827
20150811,0.215066303115448
20150812,0.33030175082979
20150813,0.302092070135175
20150814,0.270001745181339
20150815,0.261227192764422
20150816,0.287941062948761
20150817,0.270049332048345
20150818,0.197141238316562
20150819,0.231962226320744
20150820,0.21290494383487
20150821,0.229048848998339
20150822,0.259120301685634
20150823,0.2211327066309
20150824,0.278774287820101
20150825,0.259674259525988
20150826,0.228896254364958
20150827,0.248688724337243
20150828,0.281803764424225
20150829,0.231649123507637
20150830,0.301098914906711
20150831,0.258149375412793
20150901,0.259328113905412
20150902,0.280424973838583
20150903,0.298279542459907
20150904,0.2838490697978
20150905,0.279894098245286
20150906,0.313428858434393
20150907,0.299025407496338
20150908,0.321439252351055
20150909,0.263914035667388
20150910,0.261235962104419
20150911,0.280806083203344
20150912,0.26029993608396
20150913,0.277940678079635
20150914,0.261909477129916
20150915,0.27399040856561
20150916,0.265182058653443
20150917,0.253883835775576
20150918,0.2616022671659
20150919,0.265116293079738
20150920,0.270899822627772
20150921,0.263947903576858
20150922,0.233813169623329
20150923,0.253098111962819
20150924,0.222970965377555
20150925,0.236970998841469
20150926,0.217070622711292
20150927,0.235420970311393
20150928,0.248486525734509
20150929,0.237819352584775
20150930,0.287221072849763
20151001,0.254450206860339
20151002,0.241504006199526
20151003,0.242774673931298
20151004,0.246154640654394
20151005,0.243497611564411
20151006,0.234813923295277
20151007,0.234362763047599
20151008,0.22962734057587
20151009,0.246061666252691
20151010,0.243579782268667
20151011,0.239760920023693
20151012,0.240966173208935
20151013,0.224525466653803
20151014,0.184959106249498
20151015,0.189130974589237
20151016,0.183115135468064
20151017,0.214802604808505
20151018,0.208102060189292
20151019,0.205116820915374
20151020,0.231976555520789
20151021,0.224404795278442
20151022,0.28503999259978
20151023,0.27552294176488
20151024,0.241698191083051
20151025,0.171360976963825
20151026,0.181860979063121
20151027,0.244575772237508
20151028,0.292580249500482
20151029,0.180066893161015
20151030,0.214740152845545
20151031,0.166427178413862
20151101,0.155883166336821
20151102,0.19041383027286
20151103,0.179578665116054
20151104,0.191753750607022
20151105,0.183068794262915
20151106,0.210275207783049
20151107,0.192607182634505
20151108,0.215292961535339
20151109,0.209324145467202
20151110,0.216381311960579
20151111,0.230569912237669
20151112,0.243639700726859
20151113,0.258772684256637
20151114,0.237617435694747
20151115,0.265718989935188
20151116,0.237860460866471
20151117,0.231893559187566
20151118,0.294284322058024
20151119,0.282416860271407
20151120,0.258657021891161
20151121,0.256051326915067
20151122,0.225950442728341
20151123,0.189069921992249
20151124,0.220739053993329
20151125,0.245949723665249
20151126,0.224021419628012
20151127,0.2169485109622
20151128,0.24208042593869
20151129,0.237328065135125
20151130,0.223977837320354
20151201,0.201249013638967
20151202,0.221719891386543
20151203,0.209917775128009
20151204,0.234813437302864
20151205,0.189939464041061
20151206,0.227030590468879
20151207,0.225628470217103
20151208,0.222344914709666
20151209,0.245724888783452
20151210,0.274631100698067
20151211,0.261111918671827
20151212,0.246236132989062
20151213,0.24833391891107
20151214,0.269319001842578
20151215,0.270438509894972
20151216,0.211650048489781
20151217,0.240139264813404
20151218,0.28133195919516
20151219,0.251941325572412
20151220,0.248765302072815
20151221,0.276202849222908
20151222,0.218654036835987
20151223,0.227903801366273
20151224,0.22237967596023
20151225,0.250771939882193
20151226,0.253143429147452
20151227,0.246913164539156
20151228,0.259909020223412
20151229,0.251623266283592
20151230,0.217127667611361
20151231,0.233364845936798
20160101,0.238334379428747
20160102,0.21090075365185
20160103,0.198656897337865
20160104,0.187961321064741
20160105,0.189453387329546
20160106,0.168127951620639
20160107,0.185719815924621
20160108,0.14731278391539
20160109,0.200545650921316
20160110,0.155646773617066
20160111,0.182527496299085
20160112,0.152791865656373
20160113,0.16750828062942
20160114,0.197879855790837
20160115,0.185257415408059
20160116,0.199064935715754
20160117,0.194123034853331
20160118,0.199840339416875
20160119,0.191352718616025
20160120,0.21745043870555
20160121,0.216620301947114
20160122,0.22617703212451
20160123,0.253137985313292
20160124,0.248666819718721
20160125,0.227988846827118
20160126,0.255415113754032
20160127,0.222118019351277
20160128,0.272604295253671
20160129,0.306785355374861
20160130,0.282439538211124
20160131,0.244171538982448
20160201,0.232306295942936
20160202,0.233130123059535
20160203,0.301177527288921
20160204,0.296790021673391
20160205,0.310670911000032
20160206,0.266350609765294
20160207,0.280988968571905
20160208,0.295629206749476
20160209,0.304749278636208
20160210,0.262156449730704
20160211,0.245712251619289
20160212,0.27118327451244
20160213,0.282816485810572
20160214,0.298779580117186
20160215,0.284604832755929
20160216,0.275864970739325
20160217,0.3001257155186
20160218,0.311351896711741
20160219,0.284203306277798
20160220,0.295143814888086
20160221,0.287408889850816
20160222,0.316635581322462
20160223,0.309232238389943
20160224,0.327142127669176
20160225,0.302055415648854
20160226,0.314704801943373
20160227,0.302182342200361
20160228,0.298428444241788
20160229,0.289526266434952
20160301,0.302974401535714
20160302,0.28484902352575
20160303,0.301380125532148
20160304,0.270132905856301
20160305,0.254978020644331
20160306,0.265959967704015
20160307,0.271986638532424
20160308,0.290490404919733
20160309,0.274928377278827
20160310,0.219537234679959
20160311,0.294994161302807
20160312,0.237932014998735
20160313,0.22578687964855
20160314,0.254510900698446
20160315,0.231456522426333
20160316,0.236759911397681
20160317,0.241403046565352
20160318,0.318636941326093
20160319,0.303111489382333
20160320,0.239926370756865
20160321,0.262360551214173
20160322,0.297996757418772
20160323,0.258403934886298
20160324,0.361605265943605
20160325,0.322342879976122
20160326,0.40019485300378
20160327,0.321915815182303
20160328,0.33366102258077
20160329,0.300065126185415
20160330,0.315354069618273
20160331,0.289535807369854
20160401,0.30787431006541
20160402,0.286056502756686
20160403,0.238369053674453
20160404,0.289797075627434
20160405,0.293174861231517
20160406,0.316079473990772
20160407,0.293642080063889
20160408,0.301835032709672
20160409,0.248698525751489
20160410,0.263561007770888
20160411,0.265396630463898
20160412,0.248048577698141
20160413,0.284700391832547
20160414,0.304867914174463
20160415,0.23606000814342
20160416,0.235001712630636
20160417,0.262536178775231
20160418,0.29232465999641
20160419,0.214405831425617
20160420,0.227083678440933
20160421,0.202298337168505
20160422,0.214912846157022
20160423,0.244466721568141
20160424,0.210780254157144
20160425,0.127511109313281
20160426,0.218437498313412
20160427,0.180557478293258
20160428,0.20273578194647
20160429,0.26028911594002
20160430,0.219054697034319
20160501,0.214836729150032
20160502,0.26551338795292
20160503,0.22226264612269
20160504,0.248610461920253
20160505,0.188634460503718
20160506,0.190345399282736
20160507,0.141673557740846
20160508,0.175309888990771
20160509,0.185278876554642
20160510,0.141157702203966
20160511,0.17122821498164
20160512,0.118446906361459
20160513,0.138583927412815
20160514,0.128427892100431
20160515,0.140890639923451
20160516,0.11338793948916
20160517,0.120575805468828
20160518,0.115506262291755
20160519,0.1379087729273
20160520,0.110353744968758
20160521,0.159153101115154
20160522,0.175701247729265
20160523,0.15138142613844
20160524,0.157859158901582
20160525,0.208902081805309
20160526,0.129822067104521
20160527,0.138659362636612
20160528,0.157629379588618
20160529,0.126058618187825
20160530,0.112781070483704
20160531,0.11445938289785
20160601,0.121347620567039
20160602,0.111226888011404
20160603,0.125508565663675
20160604,0.145621495358147
20160605,0.115844414372185
20160606,0.117674734121426
20160607,0.148887326781723
20160608,0.150108490720576
20160609,0.114583029638075
20160610,0.133026387749254
20160611,0.108411876515517
20160612,0.130875892373386
20160613,0.130320163131856
20160614,0.136011403858269
20160615,0.157770759379391
20160616,0.13292696656821
20160617,0.129182008152723
20160618,0.141789451508537
20160619,0.129832731709602
20160620,0.159756568204453
20160621,0.136306265084133
20160622,0.146937651921765
20160623,0.154722774615562
20160624,0.187984913027069
20160625,0.193443170381379
20160626,0.166767467605715
20160627,0.206296160723248
20160628,0.226362521423043
20160629,0.244769847604841
20160630,0.288066849863613
20160701,0.299431161289055
20160702,0.250685956631464
20160703,0.211154486765395
20160704,0.209440734461265
20160705,0.282875655724649
20160706,0.243422189845727
20160707,0.313183722003001
20160708,0.287619524274901
20160709,0.283979597766809
20160710,0.281753859124787
20160711,0.264833026979649
20160712,0.270776850112995
20160713,0.242943168568347
20160714,0.25254851292347
20160715,0.235992095197948
20160716,0.256264735217511
20160717,0.260048750051737
20160718,0.267492222292377
20160719,0.273328091433069
20160720,0.28432977500507
20160721,0.271183961247955
20160722,0.248577216137939
20160723,0.286809469113756
20160724,0.306613673610509
20160725,0.338575987073858
20160726,0.348186218590753
20160727,0.40013545835494
20160728,0.314718780512669
20160729,0.316104382728517
20160730,0.354266881590147
20160731,0.30491792331225
20160801,0.347183162086383
20160802,0.350037283255334
20160803,0.362703438976599
20160804,0.388521064508454
20160805,0.388903644711604
20160806,0.325473064110787
20160807,0.42298115400648
20160808,0.45454525077239
20160809,0.404019557163352
20160810,0.341159091814907
20160811,0.416452524686332
20160812,0.368151408650282
20160813,0.397707929319537
20160814,0.385845475521415
20160815,0.332266771250955
20160816,0.369954440007098
20160817,0.383356259447542
20160818,0.369007901481475
20160819,0.381966589076464
20160820,0.348139219910955
20160821,0.31321569452499
20160822,0.403957667811268
20160823,0.370346139819713
20160824,0.287515231769835
20160825,0.355088535369556
20160826,0.335800419363283
20160827,0.322099665965677
20160828,0.326308735169307
20160829,0.315182725711973
20160830,0.279576213996745
20160831,0.294708334688549
20160901,0.306857462710443
20160902,0.314026608814847
20160903,0.250558545240835
20160904,0.276659305047035
20160905,0.278161229771716
20160906,0.20136543048196
20160907,0.24060780656989
20160908,0.251971415305425
20160909,0.236714323197241
20160910,0.296480662061214
20160911,0.243171475919516
20160912,0.322113481340887
20160913,0.33732308650718
20160914,0.264482533633172
20160915,0.256854793526592
20160916,0.217507355649298
20160917,0.23486793438651
20160918,0.235621723478153
20160919,0.226663219868379
20160920,0.193370962510918
20160921,0.20730147205006
20160922,0.205900794167434
20160923,0.213543938095515
20160924,0.165845733593135
20160925,0.18328454670928
20160926,0.181015701052485
20160927,0.171792499736619
20160928,0.266248538841264
20160929,0.189494130720965
20160930,0.193978032021442
20161001,0.194829864618763
20161002,0.197278768900904
20161003,0.156642181638706
20161004,0.181286109273827
20161005,0.180286477706528
20161006,0.200351228085049
20161007,0.222021031748871
20161008,0.221867431807345
20161009,0.220955484997516
20161010,0.212837507267985
20161011,0.214977063955442
20161012,0.200341312679294
20161013,0.189785707200307
20161014,0.192143309257648
20161015,0.191559313277961
20161016,0.199960654801528
20161017,0.198635338608417
20161018,0.228579623140283
20161019,0.230643206964976
20161020,0.202663602560001
20161021,0.159060713738371
20161022,0.183167303501653
20161023,0.174943087892201
20161024,0.186088664261692
20161025,0.236528380341357
20161026,0.208698505319328
20161027,0.261335462055433
20161028,0.2173287924054
20161029,0.218647057345157
20161030,0.312150195952912
20161031,0.275967462702003
20161101,0.224679495239358
20161102,0.320356128271913
20161103,0.290341909955245
20161104,0.213562107625309
20161105,0.203680695495588
20161106,0.264661701957229
20161107,0.218428422291151
20161108,0.230309428700447
20161109,0.315434040932336
20161110,0.199887179962158
20161111,0.212548678198897
20161112,0.249017111622476
20161113,0.251246433771373
20161114,0.400403475505636
20161115,0.226271796501825
20161116,0.30149734490721
20161117,0.391791258947358
20161118,0.30154604987239
20161119,0.297574355623006
20161120,0.300090175802191
20161121,0.292082239031795
20161122,0.32384574097569
20161123,0.319734367860836
20161124,0.414038030450872
20161125,0.305585673421735
20161126,0.351792674303589
20161127,0.232258883835946
20161128,0.253597483566758
20161129,0.328918111989595
20161130,0.247450368888418
20161201,0.229034755097077
20161202,0.244949014919513
20161203,0.224270148442562
20161204,0.218064349999596
20161205,0.244670160518767
20161206,0.245638569964491
20161207,0.344852509548825
20161208,0.344684486509622
20161209,0.326183215093726
20161210,0.288917775581349
20161211,0.483675825585714
20161212,0.330417831128142
20161213,0.374214366147798
20161214,0.416691933689026
20161215,0.577782777827411
20161216,0.515098517081085
20161217,0.491328994961446
20161218,0.339062365435326
20161219,0.426034714235966
20161220,0.341342492186024
20161221,0.34435790588326
20161222,0.479149543938626
20161223,0.369611121519717
20161224,0.203762997713345
20161225,0.373863778466611
20161226,0.392675785226879
20161227,0.326807292282772
20161228,0.187000514734551
20161229,0.242633155415534
20161230,0.266724840589376
20161231,0.170174378570917
20170101,0.29527136126551
20170102,0.169507209571207
20170103,0.195979826098568
20170104,0.176536524371243
20170105,0.183312774685185
20170106,0.161327777920509
20170107,0.18968752385873
20170108,0.196102788917052
20170109,0.18926338047629
20170110,0.228720883580404
20170111,0.21918948752753
20170112,0.224429982483252
20170113,0.22505138858529
20170114,0.232340677652385
20170115,0.227912517481626
20170116,0.183109892838591
20170117,0.238279010241261
20170118,0.22747753624371
20170119,0.195373343151708
20170120,0.239707915862607
20170121,0.267772279114276
20170122,0.23147060157208
20170123,0.22387344451424
20170124,0.245163074353729
20170125,0.245552635230142
20170126,0.238681307750423
20170127,0.251954717896141
20170128,0.228246765668339
20170129,0.235815797944748
20170130,0.26725601506011
20170131,0.258620426795738
20170201,0.26351191320591
20170202,0.227640044845502
20170203,0.254599087986684
20170204,0.259567109344008
20170205,0.240192313089093
20170206,0.214437288417789
20170207,0.220299743661586
20170208,0.222114157774006
20170209,0.222829662298392
20170210,0.267568442335269
20170211,0.243181602106447
20170212,0.251420132759313
20170213,0.226777941980728
20170214,0.264206080261631
20170215,0.255107543929654
20170216,0.270572634562214
20170217,0.222271191810621
20170218,0.230169806744677
20170219,0.236926240023065
20170220,0.260516139540415
20170221,0.255687895523776
20170222,0.240574440426325
20170223,0.257988748377838
20170224,0.233109418413278
20170225,0.234295090103143
20170226,0.234918313345316
20170227,0.281561857383799
20170228,0.229496477487918
20170301,0.233337723916783
20170302,0.248876800736764
20170303,0.24222301605262
20170304,0.226492457197865
20170305,0.252510283633152
20170306,0.24795543444184
20170307,0.240741865407495
20170308,0.257623328085314
20170309,0.211997856077747
20170310,0.235551747811131
20170311,0.254512269982049
20170312,0.215346681052561
20170313,0.225318383017057
20170314,0.240798580474012
20170315,0.210535398448495
20170316,0.184546112875422
20170317,0.197000370713273
20170318,0.228997469514187
20170319,0.187698722583877
20170320,0.179251363345974
20170321,0.220730455439458
20170322,0.215333847458121
20170323,0.212816504076672
20170324,0.243322899093034
20170325,0.246193227317057
20170326,0.265584799721253
20170327,0.246346138850125
20170328,0.285977938678388
20170329,0.253706083014228
20170330,0.228796421891911
20170331,0.268184499991022
20170401,0.259853407672618
20170402,0.249664315110476
20170403,0.293853752160651
20170404,0.282186732084734
20170405,0.270153405458943
20170406,0.264010652602889
20170407,0.263648602911429
20170408,0.282471304737046
20170409,0.309540060111537
20170410,0.298439580140821
20170411,0.324475603119791
20170412,0.317484821381159
20170413,0.309443510952056
20170414,0.303504967930705
20170415,0.32226851308792
20170416,0.274108185603428
20170417,0.294604676715834
20170418,0.288715532809384
20170419,0.309082982470045
20170420,0.300379810120818
20170421,0.306551716132572
20170422,0.33254988000258
20170423,0.353608001412424
20170424,0.32381945764347
20170425,0.34573697174575
20170426,0.327070854305776
20170427,0.341163171158704
20170428,0.320259865746908
20170429,0.309345126819995
20170430,0.29911556469857
20170501,0.29158340585736
20170502,0.308947349857604
20170503,0.294494356618219
20170504,0.336836626490157
20170505,0.349593290441758
20170506,0.431381802265252
20170507,0.512025194140048
20170508,0.499113552348849
20170509,0.380905781271743
20170510,0.398869128822697
20170511,0.470432388024781
20170512,0.40338655892852
20170513,0.367171312950039
20170514,0.376515330460872
20170515,0.371214697144649
20170516,0.34647532378004
20170517,0.351575213541196
20170518,0.377085393915168
20170519,0.338254682089555
20170520,0.391628201491079
20170521,0.403726946371401
20170522,0.359967490142175
20170523,0.421159504042021
20170524,0.46519644403379
20170525,0.398950942632044
20170526,0.48454596193364
20170527,0.451186243363259
20170528,0.407063734282212
20170529,0.449356509677563
20170530,0.417201908379261
20170531,0.423762603312783
20170601,0.467919156017073
20170602,0.392865164689728
20170603,0.43021095426545
20170604,0.456787218534383
20170605,0.521931801898455
20170606,0.467603608604492
20170607,0.554301137490847
20170608,0.51179894427491
20170609,0.583063271668126
20170610,0.481340235821485
20170611,0.521682790262111
20170612,0.478739815174361
20170613,0.510802644778747
20170614,0.528936422988577
20170615,0.616769016160949
20170616,0.607864336100365
20170617,0.651267700571979
20170618,0.561312759072201
20170619,0.618541390722341
20170620,0.616618481150423
20170621,0.713662014512007
20170622,0.594699070741884
20170623,0.641141982941721
20170624,0.610665479563231
20170625,0.768422097252923
20170626,0.702558799401815
20170627,0.712348319011818
20170628,0.742279568021996
20170629,0.6651643035004
20170630,0.702531006696957
20170701,0.66792817311939
20170702,0.760679938419167
20170703,0.724942662371819
20170704,0.696743400457176
20170705,0.713781228135712
20170706,0.744227868126529
20170707,0.733848286447205
20170708,0.684597862881544
20170709,0.651631410231822
20170710,0.653732955802731
20170711,0.711029972353128
20170712,0.78133022454294
20170713,0.772874752696668
20170714,0.845465076632955
20170715,0.892288809179468
20170716,0.795156299922823
20170717,0.857531046774415
20170718,0.901873756442987
20170719,0.833274041885002
20170720,0.93677318029822
20170721,0.972298736513515
20170722,0.913085644039607
20170723,0.946197097113217
20170724,0.869004594489117
20170725,0.924567837438856
20170726,0.937929831813121
20170727,0.86478804687519
20170728,0.853420724779011
20170729,0.877703103665922
20170730,0.894746331097999
20170731,0.920809013801003
20170801,0.877841018315525
20170802,0.7785282908237
20170803,0.936435579090392
20170804,0.81220127717382
20170805,0.938953242496289
20170806,0.859042277889562
20170807,0.883523767160003
20170808,0.900992877495837
20170809,0.884743890153261
20170810,0.901054835265043
20170811,0.884165295123798
20170812,0.820841393210612
20170813,0.767260270434336
20170814,0.847052096864049
20170815,0.897410092690789
20170816,0.776337002645551
20170817,0.8797718221019
20170818,0.852128279406986
20170819,0.870855113034524
20170820,0.743566573593143
20170821,0.794896947178334
20170822,0.750776522902228
20170823,0.754396210511071
20170824,0.787553474065156
20170825,0.739294435293866
20170826,0.765165585270746
20170827,0.752323696850171
20170828,0.743933999479801
20170829,0.687973134968145
20170830,0.653599558820642
20170831,0.731042418314882
20170901,0.726259039910031
20170902,0.721798756283895
20170903,0.688206428712112
20170904,0.835128932293742
20170905,0.799807045471188
20170906,0.811882876039078
20170907,0.864921215311422
20170908,0.814247468901754
20170909,0.893551749661067
20170910,0.86243937863209
20170911,0.804453605707189
20170912,0.834910232786222
20170913,0.768994324440877
20170914,0.832158538382729
20170915,0.814241953687125
20170916,0.758002955850787
20170917,0.779482752533373
20170918,0.769316910948102
20170919,0.795791331156792
20170920,0.710447973217225
20170921,0.700742887925044
20170922,0.813943411693735
20170923,0.729125953030408
20170924,0.768625672846981
20170925,0.768290150487367
20170926,0.741894628449859
20170927,0.736627002151631
20170928,0.760443667492189
20170929,0.748490511244977
20170930,0.756727270561894
20171001,0.726114163001169
20171002,0.756098154842324
20171003,0.697173655291936
20171004,0.68642539705353
20171005,0.699434559727003
20171006,0.745677105866197
20171007,0.704088076813324
20171008,0.719248490835511
20171009,0.703011555098422
20171010,0.689820509582473
20171011,0.648324891895344
20171012,0.685457820168377
20171013,0.66370373910146
20171014,0.712650851754099
20171015,0.711629770387752
20171016,0.70189826511556
20171017,0.681234120908214
20171018,0.68135733044195
20171019,0.610467450081121
20171020,0.656397330668409
20171021,0.652707778503733
20171022,0.695297881715929
20171023,0.731125597113045
20171024,0.713728399576094
20171025,0.716443588947619
20171026,0.669850277034282
20171027,0.692348129393104
20171028,0.718665699476815
20171029,0.709214097815172
20171030,0.727904683736122
20171031,0.746319364164646
20171101,0.744347641232203
20171102,0.71021294471424
20171103,0.716900484169699
20171104,0.696651041275189
20171105,0.759406538523421
20171106,0.576350333434709
20171107,0.608008763957589
20171108,0.589350002312975
20171109,0.656328628226638
20171110,0.607567280010067
20171111,0.62307157363359
20171112,0.639446218294095
20171113,0.641389596019685
20171114,0.641297457640994
20171115,0.668899411269435
20171116,0.514667804839859
20171117,0.435964678890524
20171118,0.458320991586093
20171119,0.464808393233989
20171120,0.430215413560575
20171121,0.418626405796157
20171122,0.398567164802396
20171123,0.374863862899302
20171124,0.410304856925222
20171125,0.42461493135565
20171126,0.400667694958702
20171127,0.388240308071653
20171128,0.423864872960613
20171129,0.53720376435318
20171130,0.471446187103056
20171201,0.439269121092995
20171202,0.438341086269607
20171203,0.434229672029597
20171204,0.415393560915459
20171205,0.420598547326063
20171206,0.41796445982504
20171207,0.441369296454805
20171208,0.45428635195225
20171209,0.489132669438487
20171210,0.53246321369593
20171211,0.492478175533007
20171212,0.563841649486596
20171213,0.56679695678824
20171214,0.561734532047406
20171215,0.580509333809585
20171216,0.52282315168934
20171217,0.536764607571113
20171218,0.554092888196701
20171219,0.584564336585537
20171220,0.546144553784456
20171221,0.60537350849777
20171222,0.683047196709496
20171223,0.633104509835212
20171224,0.723236929187232
20171225,0.683262137514998
20171226,0.676841310999449
20171227,0.636687292291198
20171228,0.618034988875455
20171229,0.630909728199768
20171230,0.718630021508856
20171231,0.676188265101968
20180101,0.619358581716437
20180102,0.63391519520165
20180103,0.661471376384692
20180104,0.680822795114157
20180105,0.659398987515168
20180106,0.667459828555259
20180107,0.647188266225822
20180108,0.669354823375636
20180109,0.732510913485283
20180110,0.706035110244064
20180111,0.747045279661395
20180112,0.695480221053078
20180113,0.747723765951486
20180114,0.748294438488167
20180115,0.734821944880795
20180116,0.839585815996073
20180117,0.894133931443129
20180118,0.862719866859449
20180119,0.811722574066391
20180120,0.845374487328869
20180121,0.889405566703098
20180122,0.974179054286813
20180123,0.943882491709717
20180124,0.95166791205215
20180125,0.91755175965168
20180126,0.978199681462566
20180127,0.94705766410363
20180128,0.926342801540083
20180129,0.899163195535045
20180130,1.04613822121866
20180131,0.934477503771573
20180201,1.10441513993589
20180202,1.17360563870308
20180203,1.13364128935528
20180204,1.20775253831859
20180205,1.33828082014844
20180206,1.3491040580772
20180207,1.36707336792253
20180208,1.36123333956437
20180209,1.37932477887871
20180210,1.34500673323566
20180211,1.3830169416778
20180212,1.34106349336329
20180213,1.34596760862935
20180214,1.32249892071534
20180215,1.20613077596692
20180216,1.21368078498658
20180217,1.21242825375519
20180218,1.23196729361208
20180219,1.2948298805618
20180220,1.3214326683186
20180221,1.32022609829586
20180222,1.35468132330248
20180223,1.2644235445402
20180224,1.26758215512369
20180225,1.23568175615409
20180226,1.25806034774709
20180227,1.26181744369094
20180228,1.2141330526728
20180301,1.27339210404801
20180302,1.18294001473913
20180303,1.17610172365638
20180304,1.1927773568612
20180305,1.16644770553824
20180306,1.18013460265825
20180307,1.16841424232814
20180308,1.13378626072087
20180309,1.10443053451724
20180310,1.11616949101043
20180311,1.14363758509839
20180312,1.09291808767548
20180313,1.12926072963646
20180314,1.24221854155785
20180315,1.20252249976819
20180316,1.17841803153863
20180317,1.1715121122848
20180318,1.17744444673071
20180319,1.21410006046533
20180320,1.09326400169663
20180321,1.12018865634395
20180322,1.08969294866048
20180323,1.07680282083638
20180324,1.05209092164736
20180325,1.00328604341397
20180326,1.0363906335071
20180327,0.979445144771507
20180328,0.993409788236894
20180329,1.13881354611392
20180330,1.07345607417447
20180331,1.0133764382749
20180401,1.05112620845838
20180402,1.04639163853678
20180403,1.01212225865384
20180404,1.04008566497167
20180405,1.01899999400926
20180406,1.01070444063975
20180407,1.00354938486331
20180408,0.95762078864409
20180409,0.924296630817881
20180410,0.828342326025388
20180411,0.810421279473359
20180412,0.810503015973729
20180413,0.788003372935307
20180414,0.827529359823616
20180415,0.803458743428608
20180416,0.759487768409823
20180417,0.787262163404636
20180418,0.774580888229429
20180419,0.780343467945882
20180420,0.771510029412063
20180421,0.747087048334717
20180422,0.720022139893291
20180423,0.740823490168373
20180424,0.77883566914239
20180425,0.806530589645092
20180426,0.817432689743937
20180427,0.822220095488731
20180428,0.861537015937897
20180429,0.87036364108577
20180430,0.838754574349404
20180501,0.905171337299366
20180502,0.853793750440853
20180503,0.886648202666759
20180504,0.851769732352206
20180505,0.891350849730888
20180506,0.854079875059952
20180507,0.891457345526009
20180508,0.889940115876333
20180509,0.849524588711812
20180510,0.870122116083075
20180511,0.899294916278792
20180512,0.869775091356099
20180513,0.896410070802517
20180514,0.860644209300469
20180515,0.8944173603409
20180516,0.862282183570007
20180517,0.859105194219116
20180518,0.833464238505411
20180519,0.842332407877922
20180520,0.857858783872586
20180521,0.840755204294295
20180522,0.863202305670403
20180523,0.892271221103183
20180524,0.901815202776702
20180525,0.89845055219122
20180526,0.913248321740509
20180527,0.910708513560176
20180528,0.912068761246574
20180529,0.953781109665938
20180530,0.947863787823381
20180531,0.88811844299381
20180601,0.881692957869863
20180602,0.870271459881176
20180603,0.885419206880165
20180604,0.878074474914163
20180605,0.872513978871687
20180606,0.786630158448533
20180607,0.831265243388809
20180608,0.799948924057363
20180609,0.833525498864446
20180610,0.849837035950913
20180611,0.846299097054493
20180612,0.882781006996682
20180613,0.899911017333055
20180614,0.875899880621574
20180615,0.847960670857802
20180616,0.843518472045314
20180617,0.839980530709646
20180618,0.831643141639156
20180619,0.821261658622491
20180620,0.788064849592473
20180621,0.765239684484222
20180622,0.784423309504998
20180623,0.751222015977267
20180624,0.780460317945502
20180625,0.76930865957343
20180626,0.783790609978431
20180627,0.748252256039732
20180628,0.705154356640673
20180629,0.751788276770661
20180630,0.713150150613843
20180701,0.667522170416663
20180702,0.759687986763486
20180703,0.752715159057098
20180704,0.712147760051488
20180705,0.698158510446889
20180706,0.714462292132627
20180707,0.74858940291349
20180708,0.766381698990567
20180709,0.749230624086132
20180710,0.786841632869036
20180711,0.768689157617766
20180712,0.781084099052139
20180713,0.738271461059492
20180714,0.751100968503495
20180715,0.744157567746765
20180716,0.750606922668112
20180717,0.802729970620438
20180718,0.792832836815633
20180719,0.751910739965848
20180720,0.778037832241591
20180721,0.767231871102938
20180722,0.774442865345079
20180723,0.734171029273993
20180724,0.773638486581575
20180725,0.764137773798553
20180726,0.735819284006556
20180727,0.741406599361542
20180728,0.743466266321782
20180729,0.720311531074976
20180730,0.674518158450722
20180731,0.700731546238406
20180801,0.700907288373953
20180802,0.711498708811483
20180803,0.671594872263703
20180804,0.627345353359933
20180805,0.67846364197697
20180806,0.61404267071228
20180807,0.627871325546818
20180808,0.690345710659111
20180809,0.681975137348063
20180810,0.64342612644762
20180811,0.648949390146819
20180812,0.640271890887046
20180813,0.661806890764496
20180814,0.706276233134548
20180815,0.673159780625539
20180816,0.623164700265393
20180817,0.721802536176875
20180818,0.742264033435427
20180819,0.763435240905248
20180820,0.716727520828563
20180821,0.692511580983076
20180822,0.75108164473609
20180823,0.794770221777125
20180824,0.681372036746568
20180825,0.683239791522175
20180826,0.707692853200985
20180827,0.706162328054411
20180828,0.724694872387114
20180829,0.701915730369233
20180830,0.6987968467872
20180831,0.655986586238604
20180901,0.675791412189757
20180902,0.698182557876252
20180903,0.673506255750379
20180904,0.635577618932213
20180905,0.700832331161359
20180906,0.722251740733404
20180907,0.712710872030068
20180908,0.749153696344808
20180909,0.70156839025535
20180910,0.68070890017673
20180911,0.688492962218189
20180912,0.708240699990922
20180913,0.673061777879355
20180914,0.67614734051028
20180915,0.674074013199901
20180916,0.664746044068858
20180917,0.659066985250291
20180918,0.667597781366445
20180919,0.675977894084702
20180920,0.718622775969908
20180921,0.716114482101883
20180922,0.730960566913455
20180923,0.69154750649435
20180924,0.714573737659298
20180925,0.730094080037959
20180926,0.806767758414783
20180927,0.773648445489915
20180928,0.771478536429563
20180929,0.775520184935683
20180930,0.726632980440578
20181001,0.749254864038827
20181002,0.737008597255774
20181003,0.726146574693359
20181004,0.754736079410731
20181005,0.769654615689321
20181006,0.77697596246695
20181007,0.789890158647282
20181008,0.795287508477449
20181009,0.751907122483154
20181010,0.714677519570791
20181011,0.783208127967733
20181012,0.741604730324988
20181013,0.758280514263581
20181014,0.758973635731264
20181015,0.715830344832068
20181016,0.741929283843509
20181017,0.719986905837048
20181018,0.749488386239849
20181019,0.65676835208491
20181020,0.654588216130752
20181021,0.638269856320321
20181022,0.605130597724293
20181023,0.583883864678593
20181024,0.56472303414677
20181025,0.570225194668906
20181026,0.557433416395245
20181027,0.577054157462826
20181028,0.568858585423549
20181029,0.564669792972044
20181030,0.537784168119057
20181031,0.538624478736542
20181101,0.538231214584149
20181102,0.561829559056039
20181103,0.510135038378574
20181104,0.520161236367625
20181105,0.529406819801949
20181106,0.570581699071426
20181107,0.49438359331631
20181108,0.508632536484285
20181109,0.49643260000136
20181110,0.453612518058844
20181111,0.482984316388111
20181112,0.460979238040392
20181113,0.458887371902116
20181114,0.523436242239697
20181115,0.470500139393576
20181116,0.449935563668345
20181117,0.483636706486769
20181118,0.464059751321416
20181119,0.502357530675356
20181120,0.510484208579307
20181121,0.557219224970423
20181122,0.561594472474519
20181123,0.504040038444107
20181124,0.560967491597544
20181125,0.529016982565772
20181126,0.523404044677256
20181127,0.507335631635419
20181128,0.58199006356745
20181129,0.551463628120248
20181130,0.576499081822615
20181201,0.586715431289582
20181202,0.612751505052943
20181203,0.627553824433362
20181204,0.622798458453268
20181205,0.614505705323755
20181206,0.65847255198877
20181207,0.654499388224338
20181208,0.674626411804477
20181209,0.642834587014306
20181210,0.674107998681046
20181211,0.643778383264368
20181212,0.666557559534058
20181213,0.636544904245934
20181214,0.615899416278411
20181215,0.646814169220388
20181216,0.635145595043838
20181217,0.653851797428394
20181218,0.67342187714868
20181219,0.645809506431346
20181220,0.702429631955827
20181221,0.741131659216219
20181222,0.757835665979715
20181223,0.769368546971108
20181224,0.781092188090671
20181225,0.761606741128227
20181226,0.788124075771186
20181227,0.789399834480554
20181228,0.833520671256449
20181229,0.860806830151573
20181230,0.88331571009768
20181231,0.856554148243543
20190101,0.840777327112944
20190102,0.835380838602967
20190103,0.871561350807067
20190104,0.885384423975147
20190105,0.808433201190049
20190106,0.8569024992143
20190107,0.830102613218817
20190108,0.839537133734765
20190109,0.872668331607953
20190110,0.957607627020727
20190111,0.895110788431086
20190112,0.925059209719351
20190113,0.913574138471838
20190114,0.966607663632837
20190115,0.938087672043589
20190116,0.8908513639549
20190117,0.928969177780696
20190118,0.956467389799933
20190119,0.931551671732288
20190120,0.924976763621134
20190121,0.891590283401584
20190122,0.808841132170854
20190123,0.811845160156206
20190124,0.77949332243436
20190125,0.786812473258431
20190126,0.75511881530112
20190127,0.771465156929689
20190128,0.808498830946409
20190129,0.788280128446377
20190130,0.70994601467442
20190131,0.747609549916784
20190201,0.758693696651428
20190202,0.767661037425051
20190203,0.726509217998784
20190204,0.718946946387119
20190205,0.667070496202814
20190206,0.650877077016464
20190207,0.660255125395053
20190208,0.709370112855511
20190209,0.737374948814403
20190210,0.725661989357788
20190211,0.721807670829357
20190212,0.695154179780381
20190213,0.658027455434402
20190214,0.642796465217264
20190215,0.656278664328432
20190216,0.664300154954297
20190217,0.640765164575858
20190218,0.632101773615791
20190219,0.572438820359624
20190220,0.586418220491225
20190221,0.566466277903963
20190222,0.552053696381756
20190223,0.576591305896868
20190224,0.596306166478704
20190225,0.611214930640308
20190226,0.583422688927446
20190227,0.5917392708727
20190228,0.602740613263614
20190301,0.539876168295273
20190302,0.528563099910865
20190303,0.503261765349939
20190304,0.499212069975201
20190305,0.463588545986823
20190306,0.479715276246401
20190307,0.481562834011578
20190308,0.484780856310944
20190309,0.497585194330227
20190310,0.50323099470173
20190311,0.489262112174763
20190312,0.474817740438205
20190313,0.482927881708022
20190314,0.42558357699965
20190315,0.441817421817103
20190316,0.448523027488043
20190317,0.427283696853277
20190318,0.410983461958211
20190319,0.398466279022635
20190320,0.376039827632051
20190321,0.400104121142481
20190322,0.367303543907075
20190323,0.365387352455962
20190324,0.355658149461411
20190325,0.361188406185069
20190326,0.373853267902143
20190327,0.382902905063653
20190328,0.391211611657128
20190329,0.378251829801213
20190330,0.37732331512476
20190331,0.364752762552448
20190401,0.358218476711167
20190402,0.402728893535412
20190403,0.437486248122921
20190404,0.427685781095025
20190405,0.447643467264348
20190406,0.418163319102267
20190407,0.4143817664163
20190408,0.402534349596342
20190409,0.446702552333347
20190410,0.430571712688987
20190411,0.455307714916841
20190412,0.418620084658629
20190413,0.405811063380361
20190414,0.407150786696009
20190415,0.385305444403272
20190416,0.419094235673814
20190417,0.410446480245278
20190418,0.411399754767393
20190419,0.411446484227587
20190420,0.430198402869111
20190421,0.41575633445598
20190422,0.393588905532003
20190423,0.412758147044347
20190424,0.420957159836309
20190425,0.41104877228714
20190426,0.404031607554346
20190427,0.427659785662226
20190428,0.362080482552187
20190429,0.344375441336441
20190430,0.355671607404082
20190501,0.367660993076466
20190502,0.377486655801857
20190503,0.392844501044553
20190504,0.401492363607272
20190505,0.385800898361167
20190506,0.385572516119785
20190507,0.347556415283794
20190508,0.378170701205049
20190509,0.390874899979592
20190510,0.378140015854235
20190511,0.406750830077784
20190512,0.414959186858937
20190513,0.419950687425562
20190514,0.45561086099591
20190515,0.470527007760687
20190516,0.505888553958196
20190517,0.516036871237002
20190518,0.511063895590834
20190519,0.543126609427226
20190520,0.553054036039399
20190521,0.530766162940046
20190522,0.546823806352715
20190523,0.569668970556523
20190524,0.564079776740556
20190525,0.569902414976848
20190526,0.614799048319859
20190527,0.627711394808386
20190528,0.588281240148501
20190529,0.569430548090901
20190530,0.604017087374772
20190531,0.6016543570986
20190601,0.601637381024908
20190602,0.620041216591241
20190603,0.613832455977308
20190604,0.569671221693244
20190605,0.570693499847942
20190606,0.57182778665762
20190607,0.560178502540071
20190608,0.534382528162175
20190609,0.573090032920175
20190610,0.590836903623295
20190611,0.541370704126487
20190612,0.551747569013226
20190613,0.490552502843932
20190614,0.557004821905591
20190615,0.542211227271584
20190616,0.562721552239145
20190617,0.527191647086385
20190618,0.523254079063881
20190619,0.475258141380048
20190620,0.485959645477208
20190621,0.506536769734928
20190622,0.537735509425962
20190623,0.52416705465209
20190624,0.532525539674776
20190625,0.55980920009593
20190626,0.53544425107682
20190627,0.56871248152719
20190628,0.592859267948909
20190629,0.578342652479689
20190630,0.583938393568842
20190701,0.568690856169731
20190702,0.562247194219982
20190703,0.610817316729086
20190704,0.564994503389093
20190705,0.554241895426786
20190706,0.55123803715384
20190707,0.602647246212014
20190708,0.619615420434347
20190709,0.614600181632988
20190710,0.61157133361946
20190711,0.614934329927355
20190712,0.612816374439259
20190713,0.555031371526315
20190714,0.59575842295926
20190715,0.563783494504264
20190716,0.641425577428545
20190717,0.6429184267009
20190718,0.626806099236111
20190719,0.684068520652053
20190720,0.691933476351829
20190721,0.649155262241734
20190722,0.635764654940718
20190723,0.585008060585516
20190724,0.635731299129125
20190725,0.582971597460605
20190726,0.641565446069665
20190727,0.659716255239584
20190728,0.607502705832467
20190729,0.593038637864851
20190730,0.597331452782562
20190731,0.582482989270787
20190801,0.547362096347778
20190802,0.557585666977225
20190803,0.519235226476811
20190804,0.533275622502408
20190805,0.526252018933366
20190806,0.530939148068797
20190807,0.534523646177261
20190808,0.511721756520122
20190809,0.526977551469308
20190810,0.560019253973434
20190811,0.570776125784394
20190812,0.558415136582499
20190813,0.566255595050872
20190814,0.557128543656988
20190815,0.572482425438362
20190816,0.60823475703804
20190817,0.598300567756042
20190818,0.611183524665259
20190819,0.627475394393006
20190820,0.612460820649112
20190821,0.607872223117058
20190822,0.585400658849464
20190823,0.629409091150567
20190824,0.587774769040763
20190825,0.594743997406995
20190826,0.568416279609139
20190827,0.590915638751596
20190828,0.635684071273287
20190829,0.539111427620695
20190830,0.543618271997453
20190831,0.520305430802416
20190901,0.50166970254784
20190902,0.492564670082131
20190903,0.504927999127426
20190904,0.483642889002199
20190905,0.491165948332199
20190906,0.488283377466226
20190907,0.491535151853909
20190908,0.509640604441989
20190909,0.514564728423019
20190910,0.508396508487375
20190911,0.504470895099071
20190912,0.460308085969755
20190913,0.463665012994814
20190914,0.446583983322233
20190915,0.411553807741733
20190916,0.407007828268881
20190917,0.337264038026507
20190918,0.355795021919217
20190919,0.32261261242814
20190920,0.316714138159814
20190921,0.331439371090618
20190922,0.322360454135008
20190923,0.344451333327466
20190924,0.409550523281348
20190925,0.400092080948561
20190926,0.424303455857341
20190927,0.443256354804348
20190928,0.400036613380191
20190929,0.399227121375277
20190930,0.418169108313975
20191001,0.404159180717292
20191002,0.371238507260494
20191003,0.379779929079966
20191004,0.399585302295734
20191005,0.375175198698772
20191006,0.38245563487659
20191007,0.384963778365718
20191008,0.390271921717628
20191009,0.414014937363517
20191010,0.411727170367561
20191011,0.41161588435513
20191012,0.431391661474393
20191013,0.380509447242495
20191014,0.390998345584837
20191015,0.408218627966508
20191016,0.39466543526325
20191017,0.381777706201212
20191018,0.372591685664464
20191019,0.38622233595578
20191020,0.360157028532205
20191021,0.375656070723525
20191022,0.377321311860937
20191023,0.390105855051141
20191024,0.396793125806244
20191025,0.438589223696139
20191026,0.42143965972932
20191027,0.437688598460233
20191028,0.427703520289114
20191029,0.433524907511548
20191030,0.415579323306455
20191031,0.420321247101382
20191101,0.423344802771423
20191102,0.410507846013498
20191103,0.41540325877578
20191104,0.413887353477678
20191105,0.416631185642578
20191106,0.421811550310533
20191107,0.421393957491584
20191108,0.4447621702723
20191109,0.43486285018805
20191110,0.437294205013804
20191111,0.433484914447141
20191112,0.431232845649973
20191113,0.442636768863181
20191114,0.460366753053271
20191115,0.410325343998245
20191116,0.411215958377324
20191117,0.408839269351225
20191118,0.412489103274681
20191119,0.437960719289186
20191120,0.431665652400295
20191121,0.408288659574169
20191122,0.44359297212683
20191123,0.451828095453719
20191124,0.475900456525348
20191125,0.478686718717659
20191126,0.391398918933263
20191127,0.397455990820323
20191128,0.380974033879306
20191129,0.381407792802965
20191130,0.382485090433246
20191201,0.379209241628375
20191202,0.36423245017539
20191203,0.368191266746816
20191204,0.363726214336649
20191205,0.363043241891541
20191206,0.376650411892473
20191207,0.375483393678466
20191208,0.389610580679189
20191209,0.35468925805815
20191210,0.345048326462738
20191211,0.332358793513323
20191212,0.368821471305934
20191213,0.381603880086238
20191214,0.393064001570969
20191215,0.375719760171873
20191216,0.388585957779488
20191217,0.43786232065047
20191218,0.460529651329276
20191219,0.437405060942474
20191220,0.441533452717031
20191221,0.447941267722629
20191222,0.427866596958612
20191223,0.409633645882521
20191224,0.431169809471679
20191225,0.418803026083662
20191226,0.409388291373152
20191227,0.373157633694013
20191228,0.394548593457354
20191229,0.36111846597816
20191230,0.38034130486451
20191231,0.362439175884806
20200101,0.337927358161062
20200102,0.349600517216558
20200103,0.369468869753041
20200104,0.393711663327759
20200105,0.374596063697243
20200106,0.398378496440784
20200107,0.409523420448689
20200108,0.418690603981326
20200109,0.389002846547108
20200110,0.409204692945793
20200111,0.392374298430052
20200112,0.393581683974654
20200113,0.383611323592594
20200114,0.406620715807362
20200115,0.479959090850682
20200116,0.482252677675132
20200117,0.533657664012331
20200118,0.490594193414195
20200119,0.51051444009204
20200120,0.508206717914875
20200121,0.503180822843324
20200122,0.509818938607189
20200123,0.491608493590257
20200124,0.482039652484186
20200125,0.462852472924849
20200126,0.465481105799035
20200127,0.456967535722369
20200128,0.457160565603173
20200129,0.456860095329747
20200130,0.482572383200886
20200131,0.455240071346355
20200201,0.461579043637265
20200202,0.462414633697277
20200203,0.450235031459637
20200204,0.451003509513652
20200205,0.485389730252125
20200206,0.507774483019657
20200207,0.470875086804651
20200208,0.473277271500448
20200209,0.491537046576509
20200210,0.487884980924257
20200211,0.48995953333754
20200212,0.469498646518075
20200213,0.475447148286926
20200214,0.485342128225132
20200215,0.47663984197684
20200216,0.507416488661648
20200217,0.498805107245003
20200218,0.472295723854292
20200219,0.481314519935917
20200220,0.473470421948403
20200221,0.481809211885761
20200222,0.472935128403411
20200223,0.486166203742653
20200224,0.486778229162136
20200225,0.499630189699197
20200226,0.554271560860399
20200227,0.556143977915963
20200228,0.557312070561325
20200229,0.534953280467357
20200301,0.512555492471795
20200302,0.552607188855446
20200303,0.532885204324701
20200304,0.544662229041909
20200305,0.536334104003396
20200306,0.541961876285154
20200307,0.562711809963666
20200308,0.638782510800587
20200309,0.62413000499673
20200310,0.589002487648236
20200311,0.562360867914395
20200312,0.808220568427715
20200313,0.902589479225276
20200314,0.871498354053129
20200315,0.856344339333319
20200316,0.811989284550227
20200317,1.28317535411968
20200318,0.866268277494488
20200319,0.852894579556615
20200320,0.917840286215034
20200321,0.889109173669423
20200322,0.894344774514349
20200323,0.928390468068766
20200324,0.934900063299785
20200325,0.908161942394642
20200326,0.887722178735763
20200327,0.961602737354147
20200328,0.96127735849702
20200329,0.97722917437317
20200330,0.96264890730524
20200331,0.986568329682274
20200401,0.955373512741032
20200402,0.966493898663473
20200403,0.949702058607731
20200404,0.947063657624234
20200405,1.0700559564305
20200406,0.99000070972767
20200407,1.18991080510044
20200408,1.06183961642038
20200409,1.24935425358038
20200410,1.52873986835744
20200411,1.26169697964958
20200412,1.25827969408643
20200413,1.49383116344171
20200414,1.38055636817705
20200415,1.48025115929463
20200416,1.12305629004063
20200417,1.53538095862517
20200418,1.1911711167906
20200419,1.16860640409613
20200420,1.20644442956868
20200421,1.31837603039009
20200422,1.18582742794353
20200423,1.07679226329226
20200424,1.09673849351907
20200425,1.11633187763867
20200426,1.11543910694873
20200427,1.11063746299065
20200428,1.10304529016885
20200429,1.09175135319321
20200430,1.0753995019181
20200501,1.08825732092817
20200502,1.09694692090344
20200503,1.09452203922571
20200504,1.11214791191822
20200505,1.08503067766342
20200506,1.03711465545531
20200507,1.04905415366433
20200508,1.02829651031616
20200509,0.998163656186424
20200510,1.26315797057615
20200511,1.17198813767309
20200512,1.07644546578099
20200513,1.01170886458068
20200514,0.789352907816303
20200515,0.750928443914056
20200516,0.700312486398248
20200517,0.69101876624849
20200518,0.663365528846497
20200519,0.632757860015858
20200520,0.623125878479791
20200521,0.569627042131421
20200522,0.599196841850253
20200523,0.606574718378794
20200524,0.596668998552523
20200525,0.545232337122968
20200526,0.579806640029916
20200527,0.504449916805189
20200528,0.488505628772234
20200529,0.487893996885846
20200530,0.511760845063754
20200531,0.498333676269138
20200601,0.489978140454365
20200602,0.465519277366718
20200603,0.507291390170773
20200604,0.515458469773382
20200605,0.509577353111635
20200606,0.51488146302402
20200607,0.514623042995974
20200608,0.454894271789401
20200609,0.455449349135592
20200610,0.44093161887062
20200611,0.482096232274707
20200612,0.483481039589568
20200613,0.475445618700057
20200614,0.482314236048424
20200615,0.493582536742377
20200616,0.487386234870244
20200617,0.477651584781058
20200618,0.438632377851736
20200619,0.451730506007948
20200620,0.432719334445099
20200621,0.43374889207388
20200622,0.411970312383102
20200623,0.438530333932503
20200624,0.432068051853342
20200625,0.440856119573337
20200626,0.424860127574579
20200627,0.456228425386201
20200628,0.428525614207585
20200629,0.43579551518284
20200630,0.436660674906141
20200701,0.397207076013091
20200702,0.384245053459656
20200703,0.374360010502632
20200704,0.374241772737849
20200705,0.37378820778035
20200706,0.394329604408035
20200707,0.404698957293967
20200708,0.437609439702498
20200709,0.427176257590151
20200710,0.443323341565458
20200711,0.443229053397552
20200712,0.405424502573162
20200713,0.407497573404629
20200714,0.396820318903726
20200715,0.392995690751861
20200716,0.365229318014612
20200717,0.37178870122173
20200718,0.359864885107671
20200719,0.375463116114543
20200720,0.343084944144255
20200721,0.350871946774404
20200722,0.381489976406003
20200723,0.363573244893154
20200724,0.33645994499345
20200725,0.348646765507768
20200726,0.339522365654651
20200727,0.351087090599759
20200728,0.34962414590768
20200729,0.343284764504082
20200730,0.326158987266555
20200731,0.338694440370996
20200801,0.327971247603742
20200802,0.348698724031212
20200803,0.324884237402629
