date,name,lambda
2015-02-01,DGB,0.000531935045680647
2015-02-02,LTC,0.00207839680684406
2015-02-03,DOGE,0.00155770873834948
2015-02-04,BTC,0.0039072847433378
2015-02-05,XLM,0.0076897994930091
2015-02-06,XLM,0.000780276447181032
2015-02-07,XLM,0
2015-02-08,BTC,0.00248982818046368
2015-02-09,XLM,0.0012224682660851
2015-02-10,XLM,0.0033074418798767
2015-02-11,XLM,0.000784470880643622
2015-02-12,XLM,0.00173088053220391
2015-02-13,XRP,0.00223332465333558
2015-02-14,XRP,0.0013486306432832
2015-02-15,XLM,0
2015-02-16,DOGE,0.000402933136704517
2015-02-17,DOGE,0.00104855847953752
2015-02-18,XRP,0.000229488277552386
2015-02-19,XRP,0
2015-02-20,DASH,0.00141003576580016
2015-02-21,LTC,0.000907019147020284
2015-02-22,DOGE,0.00137861307590616
2015-02-23,BTC,0.00413195283198911
2015-02-24,DASH,0.000935956466203912
2015-02-25,DGB,0.00131483037333462
2015-02-26,DGB,0.0010949493901129
2015-02-27,DGB,0.000552980597339339
2015-02-28,XMR,0.000858904047761223
2015-03-01,LTC,0.00141979653385917
2015-03-02,XMR,0
2015-03-03,DOGE,0.000477529507401049
2015-03-04,XMR,0.00110973269946568
2015-03-05,DOGE,0.000825149573141355
2015-03-06,DOGE,0.000620190309415909
2015-03-07,XLM,0.00116090281725117
2015-03-08,XMR,0.000449870969534853
2015-03-09,LTC,0.00214380162844597
2015-03-10,BTC,0
2015-03-11,DOGE,0.000294739573458373
2015-03-12,XMR,0.00124162767822045
2015-03-13,DOGE,0.000370938560021656
2015-03-14,DASH,0.00151201833892802
2015-03-15,DASH,0
2015-03-16,DASH,0
2015-03-17,DGB,0.000275142249491276
2015-03-18,XLM,0.000928314291536374
2015-03-19,LTC,0
2015-03-20,DOGE,0.00071393960350642
2015-03-21,XLM,0
2015-03-22,DGB,0.00202610537243338
2015-03-23,BTC,0.000416313455162891
2015-03-24,DASH,0.00338002570110939
2015-03-25,LTC,0.001571519509484
2015-03-26,DGB,0.000129278542013255
2015-03-27,XRP,0.00126114974071702
2015-03-28,DGB,0.00146699537079242
2015-03-29,LTC,0.00148196275219632
2015-03-30,XLM,0.00123753877119501
2015-03-31,DGB,0.00114063442955232
2015-04-01,DGB,0.0019974245483117
2015-04-02,DASH,0
2015-04-03,DASH,0.00233687027238015
2015-04-04,DASH,0
2015-04-05,DASH,0.00145834361152734
2015-04-06,XLM,0.00136637219966933
2015-04-07,XMR,0.00169504562940076
2015-04-08,BTC,0.00134813740384209
2015-04-09,XEM,0.000982034961322727
2015-04-10,XEM,0.00115353307748281
2015-04-11,XMR,0.00124268552889388
2015-04-12,LTC,0.00175584516006536
2015-04-13,BTC,0.00213914657757352
2015-04-14,XLM,0.000817140211917549
2015-04-15,DOGE,0.00164750910906018
2015-04-16,BTC,0.000817513922513471
2015-04-17,DASH,0.00210662269705248
2015-04-18,XLM,0.000802595747477348
2015-04-19,LTC,0.00108802857347132
2015-04-20,XRP,0.000650071210193427
2015-04-21,DOGE,0.00174648673910189
2015-04-22,DOGE,0.00163585383593755
2015-04-23,DGB,0.00105450131148131
2015-04-24,DGB,0.00134947607792278
2015-04-25,DGB,0.00134245999674383
2015-04-26,DGB,0.000928167056163402
2015-04-27,XRP,0.00149117538648182
2015-04-28,DOGE,0
2015-04-29,XEM,0
2015-04-30,XMR,0.000339824725915434
2015-05-01,DOGE,0.00170835880713165
2015-05-02,LTC,0.00146701702049
2015-05-03,DOGE,0.00220471548809211
2015-05-04,DOGE,0.00068696353353408
2015-05-05,DOGE,0.00146322124319765
2015-05-06,DOGE,0.00152950413169971
2015-05-07,XMR,0.0009514594226516
2015-05-08,XMR,0.0021716888418305
2015-05-09,XMR,0.00101672789522382
2015-05-10,DOGE,0.00115095749299337
2015-05-11,DOGE,0.0016667220579098
2015-05-12,DOGE,0.000898174740739788
2015-05-13,DASH,0.000665809684823111
2015-05-14,LTC,0.00106492355926739
2015-05-15,DASH,0.00115574763758181
2015-05-16,DGB,0.00112029899168601
2015-05-17,XMR,0.00198379859682922
2015-05-18,XRP,0.000436596379645107
2015-05-19,XRP,0.00111602455225698
2015-05-20,BTC,0.00134503045800514
2015-05-21,XLM,0.00148212014630638
2015-05-22,DGB,0.000451138809741489
2015-05-23,XLM,0
2015-05-24,XLM,0.00130109546755525
2015-05-25,DGB,0.00132031916193451
2015-05-26,XLM,0.00289150252926104
2015-05-27,XLM,0.00462499344550077
2015-05-28,XRP,0.00202336939744556
2015-05-29,XEM,0
2015-05-30,XEM,0.000117698402542523
2015-05-31,BTC,0
2015-06-01,BTC,0.000385725036382991
2015-06-02,BTC,0
2015-06-03,XRP,0.000860843214769091
2015-06-04,XEM,0.00117817087826314
2015-06-05,DGB,0.00122424680240933
2015-06-06,XRP,0.00129929640173659
2015-06-07,DGB,0.000651961488197276
2015-06-08,DASH,0.00108158441997171
2015-06-09,BTC,0.00127888636797312
2015-06-10,XEM,0.000723554335206464
2015-06-11,DGB,0
2015-06-12,XEM,0.0013451191475179
2015-06-13,BTC,0
2015-06-14,XEM,0
2015-06-15,BTC,0.000559099476582375
2015-06-16,XEM,0.00126055836936333
2015-06-17,DOGE,0.000415296740445777
2015-06-18,XEM,0.000806194288719702
2015-06-19,DOGE,0.000411174990665519
2015-06-20,BTC,0.000232675013915957
2015-06-21,BTC,0.000625590339114773
2015-06-22,XEM,0.000391571593832992
2015-06-23,DGB,0.0018335457472357
2015-06-24,XLM,0.000241702717052083
2015-06-25,XMR,0.00128194537638778
2015-06-26,DASH,0.00219905075465991
2015-06-27,DOGE,0.00168426707426428
2015-06-28,DGB,0.000422529919323899
2015-06-29,XMR,0.00118237840582492
2015-06-30,DOGE,0.000737041061183839
2015-07-01,DOGE,0.00123559095186594
2015-07-02,XLM,0.000119320446354598
2015-07-03,DGB,0.000663582046763198
2015-07-04,XMR,0.000682249948987278
2015-07-05,XEM,0.000830669963007112
2015-07-06,XEM,0.000939234645411284
2015-07-07,XEM,0.00132981961789851
2015-07-08,DGB,0.000274239741391037
2015-07-09,DGB,0.00191889475219743
2015-07-10,BTC,0.000824371716080342
2015-07-11,XLM,0.000592912026327153
2015-07-12,XRP,0.0021420986299543
2015-07-13,LTC,0
2015-07-14,XEM,0
2015-07-15,LTC,0
2015-07-16,XMR,0.000420087694201552
2015-07-17,XEM,0
2015-07-18,XMR,0.000253251654145764
2015-07-19,LTC,0.00148315188243121
2015-07-20,BTC,0.00214293452342892
2015-07-21,DGB,0.000594415987278431
2015-07-22,XLM,0
2015-07-23,XEM,0.000337120001540647
2015-07-24,XMR,0.00077553347282583
2015-07-25,LTC,0.00183208126599186
2015-07-26,LTC,0.00112790436484391
2015-07-27,XEM,0.00161870375406516
2015-07-28,LTC,0.00043934786147566
2015-07-29,BTC,0.000538286360231898
2015-07-30,LTC,0.000929098138002281
2015-07-31,DASH,0.0060736038649788
2015-08-01,BTC,0.000368526948261611
2015-08-02,LTC,0.000964330817671155
2015-08-03,LTC,0.000885060734797152
2015-08-04,XMR,0.000805259984057284
2015-08-05,XMR,0.000383223601157789
2015-08-06,XMR,0.00154082563205074
2015-08-07,XRP,0.00165608716489347
2015-08-08,DGB,0.000586643560532205
2015-08-09,DGB,0.000156783314662372
2015-08-10,BTC,0.000350433369504133
2015-08-11,BTC,0.000700046131584547
2015-08-12,BTC,0.000606924250989145
2015-08-13,DASH,0.00133366416898863
2015-08-14,DASH,0
2015-08-15,DASH,0.000781645022485473
2015-08-16,DGB,0.000920060587526007
2015-08-17,DASH,0.000652796447228641
2015-08-18,DOGE,0.00109472339173084
2015-08-19,DASH,0.000727920349367922
2015-08-20,DASH,0.00125806569141788
2015-08-21,XLM,0.00224598701345507
2015-08-22,XRP,0.00176897074340024
2015-08-23,ETH,0.00160628522591728
2015-08-24,XMR,0.000934638445551642
2015-08-25,XRP,0.000640290336818575
2015-08-26,XRP,0.00235826277221928
2015-08-27,DGB,0.00170446542080361
2015-08-28,XRP,0.00346649714057553
2015-08-29,DGB,0.00151113016253838
2015-08-30,BTC,0.00261382249183102
2015-08-31,DOGE,0.00154784250405442
2015-09-01,XRP,0.0020619428805194
2015-09-02,DASH,0.00105523836815991
2015-09-03,XEM,0.00157531203566158
2015-09-04,LTC,0.00211029526616041
2015-09-05,BTC,0.00449328618686375
2015-09-06,XMR,0.00131657790741212
2015-09-07,XEM,0.00189210745118411
2015-09-08,XLM,0.00193367775568711
2015-09-09,DASH,0.00160756158478608
2015-09-10,XEM,0.00191931678076456
2015-09-11,DGB,0.00170424325481051
2015-09-12,XMR,0.00144060619389086
2015-09-13,DGB,0.000746577178324464
2015-09-14,ETH,0.00144887459879178
2015-09-15,BTC,0.00113316149078748
2015-09-16,DASH,0.00151666806035404
2015-09-17,BTC,0.000495129087935963
2015-09-18,ETH,0.00048939295939507
2015-09-19,XMR,0.000265359300468915
2015-09-20,XLM,0.000707904032951838
2015-09-21,XRP,0.00134294913495701
2015-09-22,XRP,0.00127294927529659
2015-09-23,ETH,0.0014848944350522
2015-09-24,XRP,0.000519608904690874
2015-09-25,XEM,0.000605047883067639
2015-09-26,ETH,0.00136106037544525
2015-09-27,DASH,0.00117292409689377
2015-09-28,XEM,0.00137871669249045
2015-09-29,DGB,0.00283497144615219
2015-09-30,LTC,0.00189817687017703
2015-10-01,DGB,0.00170161351120175
2015-10-02,DASH,0.00180452755554345
2015-10-03,DASH,0.00173484135049946
2015-10-04,XEM,7.55179400472436e-05
2015-10-05,LTC,0.00217342942753719
2015-10-06,DASH,0.000701752324336651
2015-10-07,DASH,0.0011562998369687
2015-10-08,ETH,0.00237524527546415
2015-10-09,XRP,0.00129350991518479
2015-10-10,XRP,0.00186974805782821
2015-10-11,ETH,0.00223326211236687
2015-10-12,DGB,0.00101765483910331
2015-10-13,XLM,0.0018750945407495
2015-10-14,XLM,0.000264603739831299
2015-10-15,XRP,0.00181616886037055
2015-10-16,XEM,0.00216980883128987
2015-10-17,ETH,0.000797026107910422
2015-10-18,XLM,0.000464167234444472
2015-10-19,DASH,0.00161199337300714
2015-10-20,XMR,0.00179385734611032
2015-10-21,ETH,0.00161047865143076
2015-10-22,DOGE,0.00240939743887661
2015-10-23,XRP,0.00198208788630252
2015-10-24,XEM,0.000791020938766411
2015-10-25,XEM,0.00118923804264817
2015-10-26,XEM,0.00374266076262098
2015-10-27,DOGE,0.00107201645730807
2015-10-28,DASH,0.000438874477674093
2015-10-29,ETH,0.000111786268767745
2015-10-30,BTC,0.000550538534184093
2015-10-31,XLM,0.000617995940263568
2015-11-01,ETH,0.00119300668795981
2015-11-02,XLM,0.00185178072606889
2015-11-03,XLM,0.00142027528037963
2015-11-04,ETH,0.00130048075244096
2015-11-05,XEM,0.000937413931215188
2015-11-06,XEM,0.00320705730706644
2015-11-07,XRP,0.00026793849256993
2015-11-08,XEM,0.00125880710231984
2015-11-09,XLM,0.00298534289643294
2015-11-10,BTC,0.00279372139202653
2015-11-11,BTC,0.00175929484852532
2015-11-12,XLM,0.00236511032879907
2015-11-13,ETH,0.00287497585575459
2015-11-14,ETH,0.00287695622669192
2015-11-15,XEM,0.00172053672986871
2015-11-16,XEM,0.00107189101791027
2015-11-17,XLM,0.00123438144356236
2015-11-18,XLM,0.00221149052918759
2015-11-19,XLM,0.00154273462745133
2015-11-20,XLM,0.00075587810903005
2015-11-21,ETH,0.0013991309481117
2015-11-22,LTC,0
2015-11-23,DOGE,0.00120297993137373
2015-11-24,LTC,0.000901184622571786
2015-11-25,ETH,0.00149425016535175
2015-11-26,DGB,0.000534479342814385
2015-11-27,ETH,0.000210599298056626
2015-11-28,XMR,0.000506726487143952
2015-11-29,DOGE,0.00122081424769252
2015-11-30,BTC,0
2015-12-01,DOGE,0.00231294246501389
2015-12-02,DASH,0.00196605674111898
2015-12-03,DGB,0.00114184153360743
2015-12-04,XRP,0.00182013987954573
2015-12-05,XEM,0.00140425150043433
2015-12-06,DOGE,0.000929639401612148
2015-12-07,ETH,0.000840559283874405
2015-12-08,ETH,0.00147713653716197
2015-12-09,DGB,0
2015-12-10,XEM,0.000240317762616104
2015-12-11,XEM,0.00116899382905832
2015-12-12,LTC,0.00395398520306505
2015-12-13,DGB,0.00133921041973589
2015-12-14,LTC,0.000503974443200531
2015-12-15,XEM,0.000281831580985136
2015-12-16,ETH,0.00159148754932262
2015-12-17,XMR,0.00235794730210629
2015-12-18,BTC,0.0016264446576357
2015-12-19,DOGE,0.00236763671863283
2015-12-20,XEM,0.00199299326038787
2015-12-21,ETH,0.00112570413701353
2015-12-22,XEM,0.000698778879222908
2015-12-23,XEM,0.000791328918231664
2015-12-24,ETH,0.00353027399974251
2015-12-25,LTC,0.000513926361037688
2015-12-26,ETH,0.000795432621488375
2015-12-27,DGB,0.000805987637801583
2015-12-28,DGB,0.00112344789590561
2015-12-29,DGB,0.00103282997273336
2015-12-30,ETH,0.00162234892522081
2015-12-31,DGB,0.0010730172220933
2016-01-01,DGB,0.00168562011394212
2016-01-02,XLM,0.00193408205103998
2016-01-03,XLM,0.00104758215486494
2016-01-04,ETH,0.00149274945212972
2016-01-05,BTC,0.000961581077100288
2016-01-06,BTC,0.00072115977367953
2016-01-07,DASH,0.00104222690498323
2016-01-08,XLM,0.00171113109923304
2016-01-09,XEM,0.00172468345539801
2016-01-10,DASH,0.001037719444967
2016-01-11,DASH,0.00228989522747856
2016-01-12,DASH,0.00212119098223168
2016-01-13,LTC,0.000576548337446149
2016-01-14,ETH,0.000701215684181274
2016-01-15,BTC,0.000760158080593515
2016-01-16,XMR,0.00257361809120562
2016-01-17,XMR,0.00136623062628265
2016-01-18,XMR,0.0051419370077968
2016-01-19,XMR,0.00373208732636316
2016-01-20,ETH,0.000601065507811489
2016-01-21,ETH,0.000601616187219523
2016-01-22,DASH,0.0011714164096864
2016-01-23,XEM,0.00167107797575351
2016-01-24,LTC,0.000935829146132511
2016-01-25,DASH,0.00529770390884406
2016-01-26,DASH,0.00438597226503245
2016-01-27,ETH,0.00267765107104466
2016-01-28,DOGE,0.00165501528749586
2016-01-29,XEM,0.00198001406047317
2016-01-30,BTC,0.00148477082033836
2016-01-31,XMR,0.00317507918455168
2016-02-01,XRP,0.00224499956570619
2016-02-02,BTC,0.00083340148207603
2016-02-03,XMR,0.000479472150316505
2016-02-04,DGB,0.0019536856429954
2016-02-05,ETH,0.0018514411422304
2016-02-06,XMR,0.00291684496672917
2016-02-07,XRP,0.00356880829505592
2016-02-08,XMR,0.00126884651114091
2016-02-09,XMR,0.00414497921356062
2016-02-10,XEM,0.00349638712634777
2016-02-11,XMR,0.00385824023852475
2016-02-12,DASH,0.00131989720845707
2016-02-13,DASH,0.000578105323362145
2016-02-14,XEM,0.00118739182968419
2016-02-15,DASH,0.000102082806353232
2016-02-16,DOGE,0.000629749797554566
2016-02-17,DOGE,0.000274071692914978
2016-02-18,XEM,0
2016-02-19,DGB,0.00124222885107995
2016-02-20,XLM,0.0010291741943838
2016-02-21,ETH,0.000790602962919298
2016-02-22,ETH,0.00131893455985963
2016-02-23,DOGE,0.00212962676046842
2016-02-24,XLM,0.00139984382485955
2016-02-25,DASH,0.001009312079276
2016-02-26,DASH,0.00137507029521885
2016-02-27,ETH,0.000206100331566379
2016-02-28,DASH,0
2016-02-29,XMR,0.00265863820287902
2016-03-01,XEM,0.00223592732315882
2016-03-02,XLM,0.000616264883774452
2016-03-03,XEM,0.000686420167827921
2016-03-04,DGB,0.000919489706291015
2016-03-05,DGB,0.00263745319639791
2016-03-06,DOGE,0.00103088583334062
2016-03-07,XEM,0.00105938731661191
2016-03-08,DOGE,0.000703802455229171
2016-03-09,XLM,0.000404435305376462
2016-03-10,XLM,0.000958548527191506
2016-03-11,XLM,0.000941598572329355
2016-03-12,DOGE,0.00112347489154754
2016-03-13,DOGE,0.000281800385545143
2016-03-14,ETH,0.000562239911006473
2016-03-15,XLM,0.000537068500952819
2016-03-16,XRP,0.00158221721588211
2016-03-17,ETH,0.00101106131549916
2016-03-18,XMR,0.000628368729032449
2016-03-19,XMR,0.000851640577954282
2016-03-20,XMR,0.000561446735918388
2016-03-21,XMR,0.000667657619529738
2016-03-22,DASH,0.00265051823554836
2016-03-23,XMR,0.000874361127593585
2016-03-24,DASH,0.000757885961556046
2016-03-25,BTC,0.00131575156504054
2016-03-26,XMR,0.000726367218865079
2016-03-27,DASH,0.000634549930725997
2016-03-28,XMR,0.000442309310590342
2016-03-29,XMR,0.00146965389881443
2016-03-30,ETH,0.000339024584224914
2016-03-31,ETH,0.000375597565999803
2016-04-01,XMR,0.00104298875148424
2016-04-02,ETH,0.000349237279179064
2016-04-03,ETH,0.0007611556359577
2016-04-04,LTC,0.00340025157030625
2016-04-05,BTC,0.000866488267664895
2016-04-06,XLM,0.00548301038858593
2016-04-07,XLM,0.000802470963617146
2016-04-08,BTC,0.000242827104441506
2016-04-09,BTC,0.000995435032688846
2016-04-10,BTC,2.48410569862693e-05
2016-04-11,DOGE,0
2016-04-12,DOGE,0.000316203141149725
2016-04-13,BTC,0.000881646796550546
2016-04-14,BTC,0.00071477445396869
2016-04-15,XRP,0.00111654109704293
2016-04-16,DOGE,0.000783543964465857
2016-04-17,ETH,0.000648129480705153
2016-04-18,DOGE,0
2016-04-19,DOGE,0
2016-04-20,DASH,0.000607846611845322
2016-04-21,DOGE,0.00084630092596794
2016-04-22,DOGE,0.000875080276009789
2016-04-23,XRP,0.00071091599103494
2016-04-24,DGB,0.00222319252967484
2016-04-25,XMR,0.000652042457124974
2016-04-26,XLM,0.00270480745639834
2016-04-27,XRP,0.00123760922339695
2016-04-28,XRP,0.000655904417987713
2016-04-29,DASH,0.000161893707216027
2016-04-30,BTC,0.000446109413449876
2016-05-01,ETH,0.00103021668395305
2016-05-02,ETH,0.000445296187853299
2016-05-03,XRP,0.00026549587961128
2016-05-04,XLM,0.00285138138589085
2016-05-05,LTC,0.000258862826855178
2016-05-06,XEM,0.000950799832961845
2016-05-07,XRP,0.000337560381311191
2016-05-08,DASH,0.000552673310576221
2016-05-09,XEM,0.00153195103290042
2016-05-10,XLM,0
2016-05-11,DASH,0.000862974858085535
2016-05-12,LTC,0.00114154544097203
2016-05-13,XEM,0.0013359909555024
2016-05-14,LTC,0.00110889240238306
2016-05-15,XMR,0.00012216206906797
2016-05-16,DOGE,0.000679574375124497
2016-05-17,DOGE,0.000624019521495876
2016-05-18,DOGE,0.00130849684652367
2016-05-19,DASH,0.000868997557611386
2016-05-20,DGB,0.00138407848301683
2016-05-21,BTC,0.00105914302541908
2016-05-22,ETH,0.000356496871437986
2016-05-23,XRP,0.00120788962659862
2016-05-24,XMR,0.00153140233413806
2016-05-25,XLM,0.000734339059207542
2016-05-26,XLM,0.0013301469738404
2016-05-27,ETH,0.00130048850481794
2016-05-28,XRP,0.00198259831833378
2016-05-29,XRP,0.00155417968839379
2016-05-30,XMR,0.00465219913164757
2016-05-31,XLM,0.00424981567840355
2016-06-01,DASH,0.000783853080498223
2016-06-02,XLM,0.00073720127614317
2016-06-03,XRP,0.00163307886862167
2016-06-04,DGB,0
2016-06-05,XMR,0.000951861377489442
2016-06-06,XLM,0.000156520467512824
2016-06-07,XEM,0.00135035991314669
2016-06-08,XLM,0.0012347028392054
2016-06-09,XEM,0.000582306430912238
2016-06-10,XEM,0.000342451434108938
2016-06-11,XLM,0.00164921247486231
2016-06-12,DASH,0.00034608019151095
2016-06-13,DASH,0.000804666661501384
2016-06-14,ETH,0.00138566625025111
2016-06-15,DGB,0.00142718049718732
2016-06-16,DASH,0
2016-06-17,XMR,0.000960403920020018
2016-06-18,XMR,0.00300298491173982
2016-06-19,DASH,0.000903387293946185
2016-06-20,LTC,0.00352733042131456
2016-06-21,XMR,0.00189149723346592
2016-06-22,XMR,0.00204763079087869
2016-06-23,LTC,0.00240531106485563
2016-06-24,LTC,0.00505865173897412
2016-06-25,XLM,0.0036061008536301
2016-06-26,XMR,0.00345456623257825
2016-06-27,XLM,0.00164358905709617
2016-06-28,DASH,0.00105880291861009
2016-06-29,ETH,0.00502849302260148
2016-06-30,DASH,3.55178444525201e-05
2016-07-01,DASH,0.000896270147672901
2016-07-02,DGB,0.00107374120177699
2016-07-03,ETH,0.00212472169427374
2016-07-04,DASH,0.00202112978418493
2016-07-05,XRP,0.00205736426859295
2016-07-06,DGB,0.00144440549991072
2016-07-07,LTC,0.00078369523624692
2016-07-08,BTC,0
2016-07-09,XRP,0.0015393347571343
2016-07-10,BTC,0.00190901123506378
2016-07-11,XRP,0.00206483729602168
2016-07-12,DOGE,0.00258456658853141
2016-07-13,BTC,0.00135879550017155
2016-07-14,BTC,0.00179067376670144
2016-07-15,XMR,0.00157556270120687
2016-07-16,XMR,0.00137765944920574
2016-07-17,DGB,0.0037815449475971
2016-07-18,BTC,0.00451314146887589
2016-07-19,LTC,0.00219720086016723
2016-07-20,XEM,0.000842924825580463
2016-07-21,DOGE,0.00313279360509567
2016-07-22,ETH,0.00342304069736191
2016-07-23,DGB,0.00779045687205479
2016-07-24,BTC,0.00320653984274876
2016-07-25,LTC,0.00172107319513378
2016-07-26,BTC,0.0024290583805323
2016-07-27,ETH,0.00274113136751277
2016-07-28,XEM,0.00222136411349706
2016-07-29,BTC,0.00163002989625349
2016-07-30,DGB,0.00131034387203176
2016-07-31,XMR,0.000796131296757124
2016-08-01,DASH,0.00116716047494018
2016-08-02,DOGE,0.000662484892554745
2016-08-03,XMR,0.0016332736130211
2016-08-04,XLM,0.00463919000374001
2016-08-05,ETH,0.00243273579847058
2016-08-06,XLM,0.00214244368899181
2016-08-07,DGB,0.00327245452457617
2016-08-08,XLM,0.00674005116140781
2016-08-09,BTC,0.00149520793306312
2016-08-10,ETC,0
2016-08-11,ETH,0.00252303658479207
2016-08-12,ETH,0.00262909432339335
2016-08-13,ETH,0.00123759354644414
2016-08-14,XLM,0.00596747539846916
2016-08-15,DASH,0.00259791885669139
2016-08-16,BTC,0.00317286548682003
2016-08-17,XEM,0.0016370183907175
2016-08-18,BTC,0.00190607799428453
2016-08-19,BTC,0.00282140463061553
2016-08-20,BTC,0.00200022845029695
2016-08-21,ETC,0.000812227409140899
2016-08-22,BTC,0.00079819494171764
2016-08-23,XEM,0
2016-08-24,DOGE,0.0011963930470759
2016-08-25,ETC,7.80779871605186e-05
2016-08-26,ETC,0.000487783927253984
2016-08-27,DASH,0.00217747457303433
2016-08-28,XEM,0.00178404061849211
2016-08-29,DASH,0.00118817735342206
2016-08-30,DOGE,0.00334053809738458
2016-08-31,ETC,0.00146535308522768
2016-09-01,DASH,0.000754424338184099
2016-09-02,ETH,0.00152955309137583
2016-09-03,ETH,0.00335527682479674
2016-09-04,ETH,0.000618795349243042
2016-09-05,ETH,0.00313627671261652
2016-09-06,XEM,0.00121016736918895
2016-09-07,XRP,0.00168327937094039
2016-09-08,DASH,0.00101112300431746
2016-09-09,DASH,0.000640012117377533
2016-09-10,XLM,0.000139952076577167
2016-09-11,DASH,0.000295471845536574
2016-09-12,DASH,0.000677099871311876
2016-09-13,BTC,0.00108442696177419
2016-09-14,DGB,0.000437734249591951
2016-09-15,DGB,0.000851690926646931
2016-09-16,DGB,0.000589685250541024
2016-09-17,DGB,0.00115658476996097
2016-09-18,ETH,0.000640281673401228
2016-09-19,ETH,0.000482659387636335
2016-09-20,DGB,0.000718255633220855
2016-09-21,DGB,0.000923606958557311
2016-09-22,DGB,0.000575239086809212
2016-09-23,DGB,0.000661674684084211
2016-09-24,ETH,0.000849841296771204
2016-09-25,LTC,0.00170832671695875
2016-09-26,XLM,0.00214865905634107
2016-09-27,ETC,0.00146897715205298
2016-09-28,XMR,0.00211779591907605
2016-09-29,ETC,0.00285211322040001
2016-09-30,XMR,0.00238750687413136
2016-10-01,XMR,0.00117940548969056
2016-10-02,XMR,0.00344351144003105
2016-10-03,ETH,0.00278437032112044
2016-10-04,ETH,0.00111984890925727
2016-10-05,DGB,0.00118947604056184
2016-10-06,DASH,0.00108169278332937
2016-10-07,DASH,6.15700710410846e-05
2016-10-08,DASH,0.000920534436754807
2016-10-09,DASH,0.00115842789675494
2016-10-10,XEM,0.00147721627060002
2016-10-11,DASH,0.000773801336671042
2016-10-12,DGB,0.00142416627754555
2016-10-13,BTC,0.00153543731544045
2016-10-14,DGB,0.00168684688063483
2016-10-15,DGB,0.000794805457890705
2016-10-16,XEM,0.00110377864028751
2016-10-17,XMR,0.00399958137463418
2016-10-18,XMR,0.00266042857982472
2016-10-19,XLM,0.00162506713491721
2016-10-20,XMR,0.00227103496778897
2016-10-21,LTC,0.00109524798264974
2016-10-22,DASH,0.0035579178289242
2016-10-23,XEM,0.00387555786628375
2016-10-24,DGB,0.000947687592506479
2016-10-25,NEO,0.0011222578134241
2016-10-26,XEM,0.00156298209406702
2016-10-27,NEO,0.000837107624335113
2016-10-28,XLM,0.00077046191039162
2016-10-29,DGB,0.00173119728095347
2016-10-30,XLM,0.00345621892956925
2016-10-31,NEO,0.0010620635162909
2016-11-01,XMR,0.000868089763569619
2016-11-02,ETH,0.00272871172928959
2016-11-03,XLM,0.00142138365038769
2016-11-04,XMR,0.00510648964628724
2016-11-05,BTC,0.0017058326386846
2016-11-06,XEM,0.00364188692633262
2016-11-07,BTC,0.00382827541625479
2016-11-08,ETC,0.0011891985891243
2016-11-09,ETH,0.00207961642008135
2016-11-10,BTC,0.00382914840200376
2016-11-11,ETC,0.00498112845511449
2016-11-12,NEO,0.00496503481941458
2016-11-13,DASH,0.00269723666840912
2016-11-14,XMR,0.00255035886157915
2016-11-15,XLM,0.000518413828435053
2016-11-16,NEO,0.00300283541233784
2016-11-17,XLM,0.000520536887097663
2016-11-18,XLM,0.00193686648587874
2016-11-19,DOGE,0.00176143496469377
2016-11-20,ETH,0.00263385229011605
2016-11-21,ZEC,0.00293896135866723
2016-11-22,DASH,0.000830088781089849
2016-11-23,XLM,0.000917555219690473
2016-11-24,XLM,0.00121191320886811
2016-11-25,XLM,0.000973449077232019
2016-11-26,XLM,0.000661051497511216
2016-11-27,DGB,0.00185574306776322
2016-11-28,DASH,0.00193349427616589
2016-11-29,DGB,0.000967694220628211
2016-11-30,ZEC,0.00135338025234902
2016-12-01,DASH,0.00188593871664795
2016-12-02,DOGE,0.00296568097160048
2016-12-03,XEM,0.00162061428034685
2016-12-04,DGB,0.00130885233658368
2016-12-05,XEM,0.00148583628857645
2016-12-06,DASH,0.00267274624351642
2016-12-07,ETH,0.00100128845634481
2016-12-08,ETC,0.00254226933320032
2016-12-09,XEM,0.000705152900086194
2016-12-10,XMR,0.00140969566043897
2016-12-11,XMR,0.001239196979115
2016-12-12,XMR,0.00204888852463486
2016-12-13,XRP,0.00143799582541207
2016-12-14,NEO,0.00203681545526822
2016-12-15,NEO,0.00240540660708885
2016-12-16,NEO,0.00258344813447729
2016-12-17,ETH,0.0029325694690919
2016-12-18,BTC,0.00170993994409076
2016-12-19,BTC,0.0025513558957165
2016-12-20,DASH,0.00206787168375636
2016-12-21,ETH,0.00350778174142053
2016-12-22,DASH,0.00378664274351231
2016-12-23,NEO,0.00247197296784682
2016-12-24,DGB,0.00303775774033341
2016-12-25,NEO,0.00210275318139501
2016-12-26,NEO,0.00325957385321258
2016-12-27,NEO,0.00271134387068205
2016-12-28,NEO,0.00209653224409461
2016-12-29,DGB,0.00265930066940425
2016-12-30,LTC,0.00402523130339763
2016-12-31,XRP,0.00324327111491857
2017-01-01,DOGE,0.00184437641471724
2017-01-02,DGB,0.00256618335762241
2017-01-03,ETC,0.00360068620872099
2017-01-04,XRP,0.00230707198819283
2017-01-05,XLM,0.00202019117143895
2017-01-06,NEO,0.00309140756368637
2017-01-07,ZEC,0.00163080717430831
2017-01-08,ETC,0.00333574705526675
2017-01-09,LTC,0.00363118522254883
2017-01-10,DGB,0.00145676957421567
2017-01-11,DASH,0.000943810424165299
2017-01-12,NEO,0.00316826071700888
2017-01-13,XLM,0.00320908945043715
2017-01-14,DGB,0.00201176523089817
2017-01-15,NEO,0.00150124556002012
2017-01-16,DGB,0.00034830961027572
2017-01-17,XEM,0.000488143509990128
2017-01-18,XEM,0.0024365950032796
2017-01-19,XEM,0.00270921490579258
2017-01-20,NEO,0.00084240774409032
2017-01-21,NEO,0.000797074442467836
2017-01-22,BTC,0.000858326470169903
2017-01-23,XMR,0.00422963513738517
2017-01-24,ETH,0.00273143336763696
2017-01-25,DGB,0.00126095138333777
2017-01-26,BTC,0.00367066348230519
2017-01-27,BTC,0.00103518989563206
2017-01-28,NEO,0.00123714010890193
2017-01-29,XEM,0.00260452294946319
2017-01-30,BTC,0.00481581486067903
2017-01-31,XMR,0.00259616463166922
2017-02-01,XRP,0.00251108702998279
2017-02-02,DASH,0.00106171672183684
2017-02-03,DASH,0.000790463187570535
2017-02-04,DGB,0.00195917687764279
2017-02-05,XRP,0.00190328524594484
2017-02-06,XEM,0.00194337384422019
2017-02-07,XRP,0.00172010384802049
2017-02-08,XRP,0.00225277332752426
2017-02-09,ETH,0.00165025806657936
2017-02-10,XEM,0.000529221435630468
2017-02-11,XEM,0.000740682211721475
2017-02-12,LTC,0.000909635950126657
2017-02-13,XLM,0.000412932684428573
2017-02-14,XMR,0.00169651980655272
2017-02-15,DGB,0.00338101708151747
2017-02-16,XRP,0.00167514897229663
2017-02-17,XEM,0.00270937453824652
2017-02-18,LTC,0.00148452260115923
2017-02-19,XRP,0.00333128657294146
2017-02-20,XRP,0.00071374641935396
2017-02-21,XRP,0.00165236257304922
2017-02-22,DOGE,0.00295609354554293
2017-02-23,NEO,0.00179046303767592
2017-02-24,XLM,0.00192551147251078
2017-02-25,XRP,0.00170552757329368
2017-02-26,XRP,0.001694014237094
2017-02-27,DGB,0.00187457376654822
2017-02-28,LTC,0.00159984411804773
2017-03-01,DGB,0.00192771840403772
2017-03-02,DGB,0.00122842945917182
2017-03-03,NEO,0.00295628632806178
2017-03-04,XRP,0.00196936845718537
2017-03-05,XMR,0.000878041089069251
2017-03-06,XRP,0.00225257533581079
2017-03-07,XMR,0.00218495834115972
2017-03-08,ETC,0.00276649450850263
2017-03-09,BTC,0.00476859406298298
2017-03-10,XEM,0.00444646288377127
2017-03-11,XEM,0.00532722730205723
2017-03-12,DGB,0.00391406978803375
2017-03-13,ETH,0.00130042880442317
2017-03-14,NEO,0.00244052281765575
2017-03-15,BTC,0.00397591281148348
2017-03-16,DASH,0.00136412650052469
2017-03-17,XEM,0.0019207935974254
2017-03-18,ETH,0.00513373027633929
2017-03-19,ETH,0.00490795364289656
2017-03-20,ETH,0.00415403432354804
2017-03-21,NEO,0.00544913950190316
2017-03-22,NEO,0.0027833374023499
2017-03-23,ETH,0.00470871901957626
2017-03-24,NEO,0.00698828871473406
2017-03-25,XEM,0.00580735049072991
2017-03-26,DOGE,0.0031029035203861
2017-03-27,XLM,0.0049929425531987
2017-03-28,DOGE,0.00485719791799816
2017-03-29,ETH,0.00912774830544907
2017-03-30,ETC,0.0121271021278539
2017-03-31,DOGE,0.00101639591298372
2017-04-01,ETC,0.00851054413852676
2017-04-02,DGB,0.00313608839352094
2017-04-03,XMR,0.00330849913936961
2017-04-04,XMR,0.000646386996358182
2017-04-05,XEM,0.00867654017470798
2017-04-06,XLM,0.0202099947749843
2017-04-07,BTC,0.00244449031272422
2017-04-08,DOGE,0.00764823823837748
2017-04-09,DASH,0.0011492919446443
2017-04-10,DGB,0.00823099724110467
2017-04-11,DASH,0.00452858743603783
2017-04-12,DASH,0.00117900051432378
2017-04-13,DASH,0.000870172845135205
2017-04-14,XLM,0.00176346912762235
2017-04-15,DGB,0.00257052173133428
2017-04-16,XEM,0.00133365999747573
2017-04-17,XEM,0.00121421316104544
2017-04-18,DASH,0.000606401506481278
2017-04-19,XLM,0.00195454310045964
2017-04-20,ETH,0.00157600318582633
2017-04-21,LTC,0.00494548124667676
2017-04-22,ETH,0.00372349716355136
2017-04-23,BTC,0.00219842752363428
2017-04-24,ETH,0.00409425403457421
2017-04-25,DASH,0.00118219248839199
2017-04-26,XRP,0.0068131462969342
2017-04-27,ETH,0.000649296249191279
2017-04-28,XMR,0.00327783196024317
2017-04-29,XEM,0.00312891839066295
2017-04-30,XEM,0.00122948942957714
2017-05-01,XLM,0.00899813824076622
2017-05-02,XMR,0.000834001559933438
2017-05-03,XLM,0.0110239339982483
2017-05-04,XMR,0.00472419464743126
2017-05-05,DASH,0.00319169757618481
2017-05-06,ETC,0.0041916465896256
2017-05-07,ETH,0.00234081396665725
2017-05-08,ZEC,0.00198257246077683
2017-05-09,ZEC,0.00305271680881468
2017-05-10,LTC,0.00428824032311216
2017-05-11,ETH,0.00326397837230822
2017-05-12,ETH,0.00400597339538998
2017-05-13,XEM,0.00554059009284525
2017-05-14,XRP,0.00507043744785146
2017-05-15,NEO,0.00822774368197144
2017-05-16,DOGE,0.00357650060481739
2017-05-17,XMR,0.00620812342278464
2017-05-18,BTC,0.00705230938232272
2017-05-19,XMR,0.00294933856758809
2017-05-20,NEO,0.00439071897380734
2017-05-21,NEO,0.00353733463255933
2017-05-22,DASH,0.00705780036962923
2017-05-23,DASH,8.83676995074088e-05
2017-05-24,DASH,0.0126709492440268
2017-05-25,LTC,0.00356654329108725
2017-05-26,DGB,0.0162898113889826
2017-05-27,DASH,0.00700607768152432
2017-05-28,LTC,0.00804060722154758
2017-05-29,XRP,0.00752165711598871
2017-05-30,XRP,0.00362067163045375
2017-05-31,LTC,0.00590002255463083
2017-06-01,LTC,0.00304242779366877
2017-06-02,NEO,0.00572437591715066
2017-06-03,DASH,0.00251589022752324
2017-06-04,XLM,0.0019720590768948
2017-06-05,XMR,0.00342493515023522
2017-06-06,DASH,0.000291618054012463
2017-06-07,NEO,0.00842800369720281
2017-06-08,DASH,0.00573670280903876
2017-06-09,DASH,0.00642470842704283
2017-06-10,DASH,0.00457920788054026
2017-06-11,DASH,0.00325772806600517
2017-06-12,BTC,0.0032446237357985
2017-06-13,DASH,0.00185311474964373
2017-06-14,XRP,0.00506326050673206
2017-06-15,NEO,0.00479091897522371
2017-06-16,XRP,0.00541440765829561
2017-06-17,DASH,0.00486296425062211
2017-06-18,ZEC,0.00542399757001746
2017-06-19,XRP,0.00598918878625772
2017-06-20,XRP,0.00302351430663686
2017-06-21,DASH,0.00240543279290104
2017-06-22,DASH,0.00223207915675192
2017-06-23,DASH,0.000977687700332969
2017-06-24,DASH,0.00243837179191396
2017-06-25,XMR,0.00708815605222934
2017-06-26,BAT,0.00468438910517912
2017-06-27,BAT,0.00868861281496779
2017-06-28,BAT,0.00821586143042279
2017-06-29,BTC,0.00524257965445263
2017-06-30,BAT,0.00361456590409236
2017-07-01,NEO,0.00584886024991456
2017-07-02,DASH,0.00343933277208373
2017-07-03,DOGE,0.00374180384793068
2017-07-04,XMR,0.00438435502842569
2017-07-05,DOGE,0.00137740342640153
2017-07-06,DGB,0.00323038034018498
2017-07-07,BTC,0.010433201430752
2017-07-08,BTC,0.0037868051197203
2017-07-09,XEM,0.00583510555561851
2017-07-10,DOGE,0.00701257086545829
2017-07-11,DOGE,0.00559091436080718
2017-07-12,DOGE,0.00570610344643585
2017-07-13,DGB,0.0031964925444545
2017-07-14,XLM,0.00838062771117043
2017-07-15,DGB,0.00557774664324927
2017-07-16,XEM,0.00520290082012614
2017-07-17,BTC,0.00789934632133461
2017-07-18,LTC,0.00697397420198432
2017-07-19,XEM,0.0102995698574564
2017-07-20,XEM,0.0075595284736336
2017-07-21,XEM,0.0113053930852637
2017-07-22,XEM,0.0022853345293314
2017-07-23,XEM,0.0112595820105202
2017-07-24,ZEC,0.00575825373459467
2017-07-25,XRP,0.00653226713176237
2017-07-26,DOGE,0.00424021469785541
2017-07-27,DOGE,0.00320437672582637
2017-07-28,XLM,0.00411404697437086
2017-07-29,ZEC,0.00428142600623425
2017-07-30,LTC,0.00305779049500282
2017-07-31,XMR,0.00452416080027393
2017-08-01,XEM,0.00380136433121287
2017-08-02,BTC,0.00367867071629837
2017-08-03,ETC,0.00184246429276183
2017-08-04,NEO,0.0053652043854903
2017-08-05,MIOTA,0.00498251125660508
2017-08-06,BTC,0.00384302111192972
2017-08-07,MIOTA,0.00385610662007021
2017-08-08,BTC,0.00326536161120083
2017-08-09,EOS,0.00723066751535487
2017-08-10,BTC,0.0038802268933851
2017-08-11,XRP,0.00871726673713826
2017-08-12,BCH,0.00637567818302453
2017-08-13,XLM,0.00441125998643285
2017-08-14,EOS,0.00408314211322502
2017-08-15,LTC,0.00383584694625769
2017-08-16,BTC,0.00535952238084537
2017-08-17,ETH,0.00337887699328651
2017-08-18,BTC,0.00600448522178783
2017-08-19,BTC,0.00680531720935591
2017-08-20,BNB,0.00585193697619468
2017-08-21,NEO,0.00570755760393204
2017-08-22,EOS,0.00499354985838622
2017-08-23,XLM,0.00620469619342647
2017-08-24,BNB,0.00507590062525775
2017-08-25,BNB,0.00788690822265907
2017-08-26,LTC,0.00394572491835317
2017-08-27,DASH,0.00734260284248084
2017-08-28,XRP,0.00759293499473294
2017-08-29,XMR,0.00562192299235816
2017-08-30,XEM,0.00385845785468313
2017-08-31,DASH,0.00149701882695666
2017-09-01,BTC,0.00579402010033235
2017-09-02,ZEC,0.00767088426980305
2017-09-03,NEO,0.00570082888562113
2017-09-04,NEO,0.00576863678669438
2017-09-05,LTC,0.00725068959110254
2017-09-06,ZEC,0.00447014613548156
2017-09-07,MIOTA,0.00296382193647102
2017-09-08,ETC,0.00658857095531149
2017-09-09,MIOTA,0.00408170918413269
2017-09-10,BCH,0.00602965841673759
2017-09-11,BCH,0.00484382290975626
2017-09-12,EOS,0.00250175168918702
2017-09-13,ETH,0.010598124048896
2017-09-14,NEO,0.00448276504990088
2017-09-15,NEO,0.00534291681158069
2017-09-16,MIOTA,0.00656438032483623
2017-09-17,NEO,0.00228490673524261
2017-09-18,LTC,0.00587992297928219
2017-09-19,ZEC,0.00526086103688734
2017-09-20,XLM,0.00576028099275611
2017-09-21,LTC,0.00452834665600165
2017-09-22,NEO,0.00364411130551689
2017-09-23,XMR,0.00549042386693298
2017-09-24,XMR,0.00573686560362058
2017-09-25,XMR,0.00500295499146394
2017-09-26,BAT,0.00105079569963452
2017-09-27,DASH,0.00442572755779695
2017-09-28,NEO,0.00553032985385779
2017-09-29,BCH,0.00325120839893897
2017-09-30,LTC,0.00225107311426948
2017-10-01,LTC,0.00458703318982495
2017-10-02,XMR,0.00322997182785961
2017-10-03,LTC,0.00344101166567665
2017-10-04,LTC,0.0029854607233459
2017-10-05,ETC,0.00563686619967325
2017-10-06,XEM,0.0049453330897884
2017-10-07,MIOTA,0.00542807430861974
2017-10-08,ADA,0.00125307343857495
2017-10-09,MIOTA,0.00488627934872848
2017-10-10,BCH,0.00423067507441375
2017-10-11,BTC,0.00438001630072379
2017-10-12,DASH,0.0022259229058806
2017-10-13,XEM,0.00538954041635663
2017-10-14,XEM,0.00400651535476504
2017-10-15,DASH,0.00316157424231501
2017-10-16,DASH,0.00426814875961847
2017-10-17,XEM,0.00202892465084569
2017-10-18,XEM,0.00343833442821051
2017-10-19,LTC,0.00469309743321958
2017-10-20,ZEC,0.00262925973585281
2017-10-21,ZEC,0.00635925282474319
2017-10-22,LTC,0.000617486015222161
2017-10-23,BTC,0.00213532617103844
2017-10-24,XRP,0.00558153564023837
2017-10-25,XRP,0.00169529488528454
2017-10-26,XRP,0.00207592194661309
2017-10-27,XLM,0.0025757668813494
2017-10-28,BTC,0.00438517748065106
2017-10-29,BTC,0.00406504139584323
2017-10-30,ZEC,0.00131381164042079
2017-10-31,BCH,0.00401403884168116
2017-11-01,XEM,0.00204276297445417
2017-11-02,BTC,0.00165432657813871
2017-11-03,BTC,0.0025157137751392
2017-11-04,BCH,0.00296064967917982
2017-11-05,BCH,0.00119123784158824
2017-11-06,XRP,0.00381634929722227
2017-11-07,EOS,0.00283566098572954
2017-11-08,ZEC,0.00280864749563231
2017-11-09,ZEC,0.00385107209884511
2017-11-10,BCH,0.00485495768742636
2017-11-11,DASH,0.00563076256649895
2017-11-12,XEM,0.00345703025116223
2017-11-13,XEM,0.00289951871728718
2017-11-14,BTC,0.00223871724730738
2017-11-15,BTC,0.00299672817854724
2017-11-16,EOS,0.00297131196265061
2017-11-17,XEM,0.00492272183293719
2017-11-18,EOS,0.00285014105613105
2017-11-19,BCH,0.00369113883294972
2017-11-20,BCH,0.00327689066571831
2017-11-21,XLM,0.00198129437035401
2017-11-22,EOS,0.00494451579201708
2017-11-23,EOS,0.00430037237623388
2017-11-24,MIOTA,0.00618627756398996
2017-11-25,BTC,0.00111364193703947
2017-11-26,BTC,0.00403171492496171
2017-11-27,NEO,0.00543049394101619
2017-11-28,NEO,0.00435500188048005
2017-11-29,BTG,0.0032594449221006
2017-11-30,BCH,0.00439119468324555
2017-12-01,EOS,0.00402226900848755
2017-12-02,LTC,0.00314487103253577
2017-12-03,NEO,0.00649928910665229
2017-12-04,MIOTA,0.00446211335361231
2017-12-05,XLM,0.00972191108121812
2017-12-06,NEO,0.0031286969252069
2017-12-07,EOS,0.00398269972067188
2017-12-08,XLM,0.00712803252011804
2017-12-09,EOS,0.00221150746731335
2017-12-10,NEO,0.00845104697124371
2017-12-11,XLM,0.00456664966992303
2017-12-12,EOS,0.00306291671142903
2017-12-13,BTC,0.00353280469901433
2017-12-14,EOS,0.00376051706293984
2017-12-15,EOS,0.0101872699581093
2017-12-16,EOS,0.0085318063406195
2017-12-17,EOS,0.00674676169860519
2017-12-18,EOS,0.00769033074965781
2017-12-19,EOS,0.00601209416758699
2017-12-20,EOS,0.00854380305085143
2017-12-21,BCH,0.00933953206489153
2017-12-22,XLM,0.0111987205071577
2017-12-23,LTC,0.0116210788580489
2017-12-24,MIOTA,0.0147148876264849
2017-12-25,MIOTA,0.0128659511214128
2017-12-26,BTG,0.00422089800681776
2017-12-27,BTC,0.0136713846106631
2017-12-28,XLM,0.00432214256120213
2017-12-29,ETC,0.0143631777146659
2017-12-30,EOS,0.00957216284128232
2017-12-31,ADA,0.0100548602334242
2018-01-01,XEM,0.00780943536310052
2018-01-02,DASH,0.0175700489223652
2018-01-03,BTG,0.00762153905116455
2018-01-04,XLM,0.0130477247063378
2018-01-05,DASH,0.0116216315812134
2018-01-06,BTG,0.00896981196540588
2018-01-07,TRX,0.0104489809984863
2018-01-08,MIOTA,0.00805395404243461
2018-01-09,BTG,0.00440580344343596
2018-01-10,TRX,0.00751661273730013
2018-01-11,XRP,0.00162691894486616
2018-01-12,XLM,0.0050294592430775
2018-01-13,XRP,0.00870247483510812
2018-01-14,XLM,0.010449035634312
2018-01-15,XRP,0.00307632349199709
2018-01-16,XRP,0.0106067207949079
2018-01-17,XMR,0.00901565402724712
2018-01-18,XMR,0.00623565875188707
2018-01-19,XRP,0.00926728128176871
2018-01-20,DASH,0.0119618038297142
2018-01-21,XMR,0.00881086563516709
2018-01-22,EOS,0.0141853957026548
2018-01-23,BTC,0.00772193396320614
2018-01-24,BTC,0.00738036243964314
2018-01-25,TRX,0.014144254550762
2018-01-26,XRP,0.0106657180892129
2018-01-27,BTC,0.0098923069354475
2018-01-28,XLM,0.0118785827331254
2018-01-29,XEM,0.00835066655349169
2018-01-30,BTC,0.00625635938030878
2018-01-31,XEM,0.00425291654554427
2018-02-01,XEM,0.00535036674170393
2018-02-02,XEM,0.00605417957958276
2018-02-03,MIOTA,0.0126148369179371
2018-02-04,XEM,0.00963145783707381
2018-02-05,BCH,0.00406392656002243
2018-02-06,XEM,0.0083103917102818
2018-02-07,DASH,0.00465245273080031
2018-02-08,DASH,0.00902832567077225
2018-02-09,LTC,0.0109908034472734
2018-02-10,XMR,0.00631199697321321
2018-02-11,XEM,0.009129852544017
2018-02-12,ETH,0.00327049539615801
2018-02-13,BTC,0.0101099444241403
2018-02-14,EOS,0.00519802827642307
2018-02-15,EOS,0.00769480178550054
2018-02-16,EOS,0.00624313513187647
2018-02-17,DASH,0.00660198412947388
2018-02-18,DASH,0.00651097822423024
2018-02-19,ETC,0.00574860059217757
2018-02-20,BTC,0.00564041272315094
2018-02-21,ETC,0.00636880875755371
2018-02-22,ETC,0.0034809743370029
2018-02-23,ETC,0.00410485303547705
2018-02-24,XEM,0.00613888583217873
2018-02-25,ETH,0.0048628691258014
2018-02-26,ETC,0.00744894037994311
2018-02-27,XRP,0.00609345336084194
2018-02-28,ADA,0.00744938619161084
2018-03-01,XEM,0.00302656627427645
2018-03-02,XEM,0.00512290905624641
2018-03-03,DASH,0.0068498981886342
2018-03-04,BCH,0.00786508250460417
2018-03-05,BCH,0.00734397431802153
2018-03-06,EOS,0.00545021453947851
2018-03-07,XEM,0.00347509960986207
2018-03-08,ETC,0.00474263505954911
2018-03-09,ETC,0.00523660076168086
2018-03-10,XLM,0.00603406082725546
2018-03-11,LTC,0.00445420403385405
2018-03-12,MIOTA,0.0053224415284559
2018-03-13,MIOTA,0.00441930289329128
2018-03-14,LTC,0.0036518762584084
2018-03-15,BTC,0.00520783975008676
2018-03-16,TRX,0.00635142134697375
2018-03-17,XEM,0.00384681493327151
2018-03-18,TRX,0.00259618264737672
2018-03-19,XMR,0.00520704380451692
2018-03-20,DASH,0.00641777358499604
2018-03-21,ETH,0.00404905214920584
2018-03-22,XRP,0.0045047612864092
2018-03-23,ETH,0.00397563395212063
2018-03-24,ADA,0.0034307489974429
2018-03-25,ADA,0.00317692409388533
2018-03-26,NEO,0.00456893751052252
2018-03-27,ETC,0.00295540110522888
2018-03-28,ADA,0.00433907877618962
2018-03-29,LTC,0.00362556585193282
2018-03-30,LTC,0.00287340552428079
2018-03-31,BTC,0.003175824029898
2018-04-01,BCH,0.00312721030529296
2018-04-02,EOS,0.00379001510601073
2018-04-03,LTC,0.00431212678332912
2018-04-04,XEM,0.00453650076129502
2018-04-05,XRP,0.00441232095750956
2018-04-06,DASH,0.00338073354144026
2018-04-07,LTC,0.00582267194839737
2018-04-08,XLM,0.00269534312882278
2018-04-09,BTC,0.00528900157835318
2018-04-10,LTC,0.0044077460056929
2018-04-11,ADA,0.00258334338686548
2018-04-12,ETH,0.00468357008554757
2018-04-13,XEM,0.00496679620568611
2018-04-14,TRX,0.00255703626507659
2018-04-15,XLM,0.00234560008177072
2018-04-16,XLM,0.0026357490446566
2018-04-17,XEM,0.00249923272464609
2018-04-18,XRP,0.00403296589632077
2018-04-19,ADA,0.0032050907307717
2018-04-20,XLM,0.00353576898726912
2018-04-21,BTC,0.00338071377554508
2018-04-22,XEM,0.00203307616493149
2018-04-23,TRX,0.0053434115485637
2018-04-24,LTC,0.00431406967569495
2018-04-25,BTC,0.00298156723898095
2018-04-26,DASH,0.00422141584936951
2018-04-27,LTC,0.00745044751239199
2018-04-28,LTC,0.00760195523207527
2018-04-29,TRX,0.00441121547522125
2018-04-30,XRP,0.00434577684345589
2018-05-01,TRX,0.0028625225017095
2018-05-02,BCH,0.00631544748067227
2018-05-03,XLM,0.00712571939223159
2018-05-04,XLM,0.0107209574497779
2018-05-05,EOS,0.00369851644135894
2018-05-06,LTC,0.00511073285915497
2018-05-07,XMR,0.00773274678051676
2018-05-08,XMR,0.00727643081762212
2018-05-09,MIOTA,0.00504404897386461
2018-05-10,TRX,0.00461305070701833
2018-05-11,DASH,0.00512860858494832
2018-05-12,LTC,0.00616662499547247
2018-05-13,EOS,0.00633316871774384
2018-05-14,EOS,0.00317101006975294
2018-05-15,DASH,0.00493221785936891
2018-05-16,TRX,0.0047697308781632
2018-05-17,DASH,0.00663992112908523
2018-05-18,LTC,0.00503926465831126
2018-05-19,LTC,0.00608559805347322
2018-05-20,XMR,0.00393108964522133
2018-05-21,TRX,0.00622489958172819
2018-05-22,XMR,0.00584006499491832
2018-05-23,MIOTA,0.00374826622634839
2018-05-24,MIOTA,0.00144622048860717
2018-05-25,MIOTA,0.00440219926886224
2018-05-26,MIOTA,0.00210895315700058
2018-05-27,LTC,0.00305098882571647
2018-05-28,ADA,0.00219067405919136
2018-05-29,ETC,0.00406013864032097
2018-05-30,TRX,0.00360716658604294
2018-05-31,BNB,0.00397834827859844
2018-06-01,ETH,0.00375944777823911
2018-06-02,BNB,0.00378348906307492
2018-06-03,NEO,0.00359605076795448
2018-06-04,XRP,0.00558764810652958
2018-06-05,LTC,0.00444340592354619
2018-06-06,EOS,0.00468252802262596
2018-06-07,MIOTA,0.00235394410327486
2018-06-08,MIOTA,0.00221474416141867
2018-06-09,XRP,0.00468965173742236
2018-06-10,LTC,0.0042780521111778
2018-06-11,ADA,0.00296180242762684
2018-06-12,NEO,0.00284129078495381
2018-06-13,ADA,0.00310025285672515
2018-06-14,MIOTA,0.00420691625892612
2018-06-15,MIOTA,0.00340636971509031
2018-06-16,ADA,0.00355549689369891
2018-06-17,BTC,0.00316585352620044
2018-06-18,BNB,0.00336688923938102
2018-06-19,BNB,0.00231422933986725
2018-06-20,BCH,0.00299186848331584
2018-06-21,BCH,0.0022410695059665
2018-06-22,LTC,0.00311724209703138
2018-06-23,MIOTA,0.00101329262060732
2018-06-24,TRX,0.00289114121247979
2018-06-25,ADA,0.00296641238650302
2018-06-26,XLM,0.00253642306813828
2018-06-27,EOS,0.00124010794384709
2018-06-28,XRP,0.00500754457169495
2018-06-29,EOS,0.00233836554422992
2018-06-30,DASH,0.00383819770891307
2018-07-01,DASH,0.00326824875574479
2018-07-02,BTC,0.00248194388025341
2018-07-03,NEO,0.00272382042133892
2018-07-04,DASH,0.00175921590040665
2018-07-05,DASH,0.00167751191220653
2018-07-06,DASH,0.0016406008897482
2018-07-07,NEO,0.00197765469684826
2018-07-08,BTC,0.0034774647931858
2018-07-09,EOS,0.00197218641579054
2018-07-10,DASH,0.00394487601116793
2018-07-11,TRX,0.00329818867223284
2018-07-12,BCH,0.00265440819040067
2018-07-13,BTC,0.00252393757282294
2018-07-14,BTC,0.00305652822735605
2018-07-15,XEM,0.00307093840807932
2018-07-16,XEM,0.00124341341120484
2018-07-17,NEO,0.00297116622660008
2018-07-18,BCH,0.00384567848605663
2018-07-19,DASH,0.00199793649543064
2018-07-20,XEM,0.00289915978442811
2018-07-21,DASH,0.00333638886065348
2018-07-22,XMR,0.00384314962023222
2018-07-23,MIOTA,0.00537370746349755
2018-07-24,ADA,0.00385025085450048
2018-07-25,ETC,0.00367157830447655
2018-07-26,BCH,0.00272672730587544
2018-07-27,XMR,0.00355397677334065
2018-07-28,BCH,0.00323751564923537
2018-07-29,BTC,0.00263193653763807
2018-07-30,BCH,0.00320504084238512
2018-07-31,XRP,0.00227978807083572
2018-08-01,BCH,0.00309788661666038
2018-08-02,XRP,0.0020467695554443
2018-08-03,MIOTA,0.00267586272173491
2018-08-04,XRP,0.00192332199891946
2018-08-05,EOS,0.00181373262368771
2018-08-06,XRP,0.00209099439885754
2018-08-07,XRP,0.00280731058568784
2018-08-08,BTC,0.00312261199086941
2018-08-09,XMR,0.00271519685538547
2018-08-10,BNB,0.00514089110600923
2018-08-11,MIOTA,0.0034569156500975
2018-08-12,DASH,0.00355986884020872
2018-08-13,DASH,0.00228544474419444
2018-08-14,DASH,0.0026423421914771
2018-08-15,ETH,0.00221926996788663
2018-08-16,BCH,0.00247449291876083
2018-08-17,NEO,0.00296064555241978
2018-08-18,XRP,0.00460415611637131
2018-08-19,XEM,0.00388158225795133
2018-08-20,BCH,0.0015413773651685
2018-08-21,TRX,0.00391950171479995
2018-08-22,ETH,0.00326561165904576
2018-08-23,DASH,0.00460422217453114
2018-08-24,ETH,0.00359572968671176
2018-08-25,NEO,0.00417337821459652
2018-08-26,MIOTA,0.00428628806148746
2018-08-27,BCH,0.00299304351557404
2018-08-28,BCH,0.00221610890881057
2018-08-29,ETH,0.00316880929442933
2018-08-30,ETH,0.00370975576833934
2018-08-31,MIOTA,0.00402409178196247
2018-09-01,ETC,0.00502388519853764
2018-09-02,TRX,0.00211778222603161
2018-09-03,ETH,0.00557499323495129
2018-09-04,EOS,0.00378311679396091
2018-09-05,ETC,0.001856241778323
2018-09-06,DASH,0.00533022716732851
2018-09-07,ETC,0.00546123625866729
2018-09-08,NEO,0.00919135727820937
2018-09-09,BNB,0.00665270067982436
2018-09-10,BNB,0.00387633302080421
2018-09-11,DASH,0.00211379429733998
2018-09-12,EOS,0.00423203842553728
2018-09-13,ETC,0.00475443644009308
2018-09-14,NEO,0.00288237256196665
2018-09-15,ETC,0.00436925897445703
2018-09-16,ETC,0.00354473438512541
2018-09-17,DASH,0.00720521740600364
2018-09-18,MIOTA,0.00367192004156439
2018-09-19,EOS,0.00612598258856569
2018-09-20,BCH,0.00552298645037513
2018-09-21,BTC,0.00210626752061447
2018-09-22,EOS,0.00375591040482801
2018-09-23,BTC,0.00333733615589032
2018-09-24,BTC,0.00291851239087828
2018-09-25,BTC,0.00415600654306331
2018-09-26,LTC,0.00503013875207293
2018-09-27,DASH,0.00388613796976639
2018-09-28,LTC,0.00187940150293744
2018-09-29,ADA,0.0052256301261744
2018-09-30,MIOTA,0.0062600579842699
2018-10-01,ADA,0.00443932105267114
2018-10-02,ETC,0.00431897053738192
2018-10-03,BTC,0.00249707782125626
2018-10-04,TRX,0.00289220541001891
2018-10-05,MIOTA,0.00302877171536517
2018-10-06,BTC,0.00352179071440142
2018-10-07,MIOTA,0.00334572809294567
2018-10-08,ETH,0.00190521774347298
2018-10-09,EOS,0.00418888053871516
2018-10-10,BTC,0.00216261170204703
2018-10-11,XRP,0.00354271049339522
2018-10-12,TRX,0.00477005803012443
2018-10-13,ETH,0.00439044221960576
2018-10-14,XMR,0.00266377043363334
2018-10-15,XLM,0.00347767471190227
2018-10-16,LTC,0.00424065666221738
2018-10-17,ETC,0.00395426482356525
2018-10-18,ETC,0.00178835421421059
2018-10-19,ETC,0.00258140538336247
2018-10-20,TRX,0.0011865561037146
2018-10-21,TRX,0.00156466558552751
2018-10-22,TRX,0.00109677844176627
2018-10-23,TRX,0.001775451221847
2018-10-24,TRX,0.0017758970954644
2018-10-25,BNB,0.00301679206300608
2018-10-26,BCH,0.0021980055642905
2018-10-27,BCH,0.00258471694384865
2018-10-28,MIOTA,0.00279050935265655
2018-10-29,BTC,0.00294840939234912
2018-10-30,BCH,0.00286028787552625
2018-10-31,EOS,0.00316790949465132
2018-11-01,MIOTA,0.0030142226726824
2018-11-02,TRX,0.00140380798384057
2018-11-03,EOS,0.00183744091987974
2018-11-04,DASH,0.0020155523231207
2018-11-05,ADA,0.000922167359380638
2018-11-06,BTC,0.00207028572813156
2018-11-07,BTC,0.00288487473287506
2018-11-08,DASH,0.00155908780251637
2018-11-09,BTC,0.00275171122879656
2018-11-10,TRX,0.00273076940779995
2018-11-11,ETH,0.00370552000333903
2018-11-12,LTC,0.00342262006406575
2018-11-13,BCH,0.0026378305689639
2018-11-14,XRP,0.00164671616285823
2018-11-15,XRP,0.00246361409098831
2018-11-16,MIOTA,0.00256677364266417
2018-11-17,XRP,0.00213705045647417
2018-11-18,XRP,0.00224565840966181
2018-11-19,XRP,0.0015964217107509
2018-11-20,XRP,0.00387574912808545
2018-11-21,ETC,0.00348851649672342
2018-11-22,ADA,0.0026339672596317
2018-11-23,NEO,0.00214356410023423
2018-11-24,BTC,0.00149061009909939
2018-11-25,TRX,0.00360085370131922
2018-11-26,DASH,0.00456012726641966
2018-11-27,XRP,0.00335265724482761
2018-11-28,XRP,0.00364352859892404
2018-11-29,BSV,0.00451862272862432
2018-11-30,BTC,0.0056727615805365
2018-12-01,MIOTA,0.00446342774265865
2018-12-02,BNB,0.00477219153738171
2018-12-03,BNB,0.006144254235234
2018-12-04,BTC,0.00376202866086893
2018-12-05,BTC,0.00383626814192303
2018-12-06,BNB,0.00214402172451089
2018-12-07,BNB,0.00221060310753242
2018-12-08,BNB,0.00293579030451161
2018-12-09,BNB,0.00285158626242623
2018-12-10,BNB,0.00198423114991138
2018-12-11,MIOTA,0.00513652056305
2018-12-12,XMR,0.00564106552486512
2018-12-13,BSV,0.00376334559611085
2018-12-14,BNB,0.00742496948335362
2018-12-15,ADA,0.00322112377077883
2018-12-16,BSV,0.0041465665686789
2018-12-17,DASH,0.00426558477036551
2018-12-18,BNB,0.00403428070998438
2018-12-19,DASH,0.00709026557946864
2018-12-20,BNB,0.00583126185213019
2018-12-21,EOS,0.00144782475798336
2018-12-22,EOS,0.00519422990362225
2018-12-23,XLM,0.00459436231838294
2018-12-24,EOS,0.00311565924570995
2018-12-25,TRX,0.00498250153357616
2018-12-26,TRX,0.00527552128671634
2018-12-27,XRP,0.00440876396965103
2018-12-28,LTC,0.00229574830119752
2018-12-29,BNB,0.00620087533303606
2018-12-30,XMR,0.00547937754752172
2018-12-31,ADA,0.00610752364921138
2019-01-01,XRP,0.00618673196157184
2019-01-02,BSV,0.00535541482065042
2019-01-03,XLM,0.00371664436706304
2019-01-04,EOS,0.00515105358111351
2019-01-05,ETH,0.00511664900764775
2019-01-06,BNB,0.00551480412193682
2019-01-07,TRX,0.00494386663382899
2019-01-08,TRX,0.00345926263501491
2019-01-09,EOS,0.00300368324002654
2019-01-10,XRP,0.005812988307632
2019-01-11,ETH,0.00615333495998386
2019-01-12,XEM,0.00563338651666384
2019-01-13,XEM,0.00567599612556202
2019-01-14,TRX,0.00503879220374432
2019-01-15,TRX,0.0036563182887684
2019-01-16,TRX,0.00375297403938489
2019-01-17,TRX,0.00354106101917801
2019-01-18,MIOTA,0.00273109900944887
2019-01-19,ETH,0.00155858709594925
2019-01-20,BNB,0.00273066677067681
2019-01-21,BCH,0.0025558287471398
2019-01-22,LTC,0.00206773133294862
2019-01-23,EOS,0.00391849646187252
2019-01-24,EOS,0.00338415486240682
2019-01-25,EOS,0.00335622184020838
2019-01-26,EOS,0.00438122199751269
2019-01-27,EOS,0.00206351875037173
2019-01-28,BNB,0.00316645476085073
2019-01-29,BNB,0.00224037416121047
2019-01-30,XMR,0.00332629815500152
2019-01-31,LTC,0.00161096294854512
2019-02-01,XMR,0.00251832429271812
2019-02-02,XMR,0.00236130558508278
2019-02-03,BNB,0.00170231888850199
2019-02-04,BNB,0.00296768977288175
2019-02-05,XMR,0.00295738762699555
2019-02-06,XLM,0.00282227237295564
2019-02-07,XLM,0.00145191461826061
2019-02-08,TRX,0.00374925383024104
2019-02-09,TRX,0.00259068567766073
2019-02-10,BNB,0.00155310407083319
2019-02-11,BNB,0.00223656988879797
2019-02-12,BNB,0.00175266269474367
2019-02-13,LTC,0.00327571612739372
2019-02-14,BNB,0.00281651901994063
2019-02-15,NEO,0.0011616627364558
2019-02-16,BCH,0.00335057801539946
2019-02-17,LTC,0.00504261580006683
2019-02-18,BNB,0.00565396854350715
2019-02-19,BNB,0.00478761616956072
2019-02-20,EOS,0.00177937142956429
2019-02-21,MKR,0.0024310840197247
2019-02-22,MKR,0.0024437494970677
2019-02-23,MKR,0.00162740384891115
2019-02-24,XRP,0.00426087575523482
2019-02-25,TRX,0.00253253869757265
2019-02-26,BCH,0.00433851385244076
2019-02-27,XMR,0.00303085958360938
2019-02-28,MKR,0.00408699307768978
2019-03-01,XMR,0.00266468383074954
2019-03-02,LTC,0.0031783124180447
2019-03-03,ADA,0.00211925647705312
2019-03-04,LTC,0.00172993703903535
2019-03-05,XMR,0.00178496844417865
2019-03-06,BNB,0.00170307344137605
2019-03-07,LTC,0.00265283164110917
2019-03-08,MKR,0.00220058629660547
2019-03-09,MKR,0.00283236748036892
2019-03-10,MKR,0.00239982428838278
2019-03-11,XRP,0.00202166161299972
2019-03-12,BNB,0.00250684894775347
2019-03-13,TRX,0.00128274176764975
2019-03-14,MKR,0.000677030105068988
2019-03-15,BSV,0.00289772317710137
2019-03-16,BTC,0.00237244965994766
2019-03-17,LTC,0.00181964036682972
2019-03-18,BCH,0.00210455585581422
2019-03-19,MKR,0.00145059379882485
2019-03-20,MKR,0.00108146182047518
2019-03-21,MKR,0.00197139407877001
2019-03-22,XMR,0.0020001558069029
2019-03-23,MKR,0.00150032312932445
2019-03-24,EOS,0.00215683877193863
2019-03-25,MKR,0.00221950577862539
2019-03-26,MKR,0.00234084129274555
2019-03-27,ETH,0.00200155804856244
2019-03-28,LTC,0.00233635869663508
2019-03-29,MKR,0.00233568391321977
2019-03-30,MKR,0.000396095084961485
2019-03-31,MKR,0.00215983592990767
2019-04-01,XMR,0.00166072255160061
2019-04-02,MKR,0.00200122654502107
2019-04-03,DASH,0.00307580270792604
2019-04-04,TRX,0.00416590780919191
2019-04-05,DASH,0.0029997706479807
2019-04-06,ADA,0.00392273841452858
2019-04-07,XLM,0.00412881260144156
2019-04-08,NEO,0.00464536641024218
2019-04-09,DASH,0.00643175222951186
2019-04-10,BSV,0.00542208670281501
2019-04-11,TRX,0.00354606150684781
2019-04-12,BNB,0.00423379340538152
2019-04-13,BCH,0.00359860941653218
2019-04-14,BCH,0.00270934227321404
2019-04-15,BNB,0.00346658839239494
2019-04-16,LTC,0.00365710238374129
2019-04-17,EOS,0.00199847211994772
2019-04-18,BNB,0.00279392750411382
2019-04-19,XRP,0.00237186281298835
2019-04-20,BTC,0.0024579817362844
2019-04-21,BTC,0.00382455526410268
2019-04-22,XMR,0.00396459510697069
2019-04-23,XMR,0.00177423722822958
2019-04-24,ETH,0.00281583356237132
2019-04-25,BSV,0.00245020769477476
2019-04-26,BSV,0.00282282310947839
2019-04-27,EOS,0.00314051947564446
2019-04-28,BSV,0.00132025849191976
2019-04-29,LTC,0.00230986274528872
2019-04-30,BSV,0.00210414026558151
2019-05-01,ATOM,0.00249890627998724
2019-05-02,ATOM,0.00503623639431316
2019-05-03,ATOM,0.00168345169247081
2019-05-04,ATOM,0.00244468681913896
2019-05-05,BTC,0.00317769491819803
2019-05-06,ATOM,0.00287729042609815
2019-05-07,BNB,0.00228171752475769
2019-05-08,XLM,0.00318720893736425
2019-05-09,BCH,0.00257842412018795
2019-05-10,BTC,0.00348381545069117
2019-05-11,XMR,0.00381490850439993
2019-05-12,TRX,0.00463808919707733
2019-05-13,BNB,0.00371352519261942
2019-05-14,BNB,0.00471956015713091
2019-05-15,MIOTA,0.00177219899238641
2019-05-16,TRX,0.00449765888765689
2019-05-17,BSV,0.00261128711431687
2019-05-18,TRX,0.00234469403554791
2019-05-19,TRX,0.00203001765864627
2019-05-20,TRX,0.00447899332245193
2019-05-21,BNB,0.00171899189189664
2019-05-22,ETH,0.00290506646360927
2019-05-23,BNB,0.0019931098252978
2019-05-24,BNB,0.00361267762730697
2019-05-25,MIOTA,0.00694497610018889
2019-05-26,BSV,0.00958774957329639
2019-05-27,LTC,0.00781271614214658
2019-05-28,DASH,0.0046355790750935
2019-05-29,BTC,0.00577771917512504
2019-05-30,BTC,0.00686200635185652
2019-05-31,TRX,0.00683424704768657
2019-06-01,TRX,0.0047958775031709
2019-06-02,TRX,0.00426319640482082
2019-06-03,XMR,0.00397954626654793
2019-06-04,XMR,0.00376314031206342
2019-06-05,TRX,0.00274698583528004
2019-06-06,TRX,0.00412799070711725
2019-06-07,XLM,0.00573796919079566
2019-06-08,EOS,0.00574456376182584
2019-06-09,BTC,0.00451008973435723
2019-06-10,ADA,0.00436921905991809
2019-06-11,XRP,0.00332515258897466
2019-06-12,BNB,0.00291260235443898
2019-06-13,BNB,0.00269482546618908
2019-06-14,BNB,0.0022697782883208
2019-06-15,XRP,0.00164277839812357
2019-06-16,LTC,0.00663137111643118
2019-06-17,LTC,0.00638739855059573
2019-06-18,BNB,0.00295168338869419
2019-06-19,BNB,0.00499767326864033
2019-06-20,LEO,0.00192035456229456
2019-06-21,BSV,0.0045440460870266
2019-06-22,MIOTA,0.00303263398065088
2019-06-23,TRX,0.00177111662592652
2019-06-24,MIOTA,0.00217399517589534
2019-06-25,TRX,0.00124138055937026
2019-06-26,EOS,0.00231984627272192
2019-06-27,BTC,0.00204953641514508
2019-06-28,ADA,0.00339084321156266
2019-06-29,XMR,0.00321882508620326
2019-06-30,LINK,0.00229757676208991
2019-07-01,LINK,0.00461637024396766
2019-07-02,LINK,0.00261602156892333
2019-07-03,LEO,0.0029795464502692
2019-07-04,EOS,0.00311019014426445
2019-07-05,DASH,0.00425053563871921
2019-07-06,BNB,0.00257606221494874
2019-07-07,TRX,0.00241416245486143
2019-07-08,TRX,0.0023107092710792
2019-07-09,BNB,0.00409794345883639
2019-07-10,BNB,0.00208485736252066
2019-07-11,XRP,0.00427942663485885
2019-07-12,LEO,0.00224254700157102
2019-07-13,BNB,0.0035317594573919
2019-07-14,DASH,0.00374465627048269
2019-07-15,BCH,0.00333406991245228
2019-07-16,DASH,0.00270852911226082
2019-07-17,ETH,0.00338975835261908
2019-07-18,LINK,0.00495691983361998
2019-07-19,BSV,0.00261998675173725
2019-07-20,BSV,0.00277028334845466
2019-07-21,BSV,0.00300759273263124
2019-07-22,LEO,0.00234940540363567
2019-07-23,LEO,0.00224326528906783
2019-07-24,BSV,0.00385360335894383
2019-07-25,BSV,0.00322760570400034
2019-07-26,LEO,0.00124251352719638
2019-07-27,TRX,0.00401222169112627
2019-07-28,TRX,0.00364912155401129
2019-07-29,TRX,0.00356009627028729
2019-07-30,LEO,0.00452327587461345
2019-07-31,XTZ,0.00310080306762959
2019-08-01,XMR,0.00445579026294135
2019-08-02,BTC,0.0059912405326308
2019-08-03,BSV,0.00474451748020524
2019-08-04,BTC,0.00554071487701725
2019-08-05,XTZ,0.00551080578910189
2019-08-06,XRP,0.0040272688543811
2019-08-07,BTC,0.00354813489508306
2019-08-08,BSV,0.00291255723196807
2019-08-09,LEO,0.00354001517523823
2019-08-10,BTC,0.00172436178390378
2019-08-11,BSV,0.00401541151669851
2019-08-12,BTC,0.00102715309255291
2019-08-13,BTC,0.00269644038127349
2019-08-14,BSV,0.0031364832221474
2019-08-15,ETH,0.00426505450801942
2019-08-16,XMR,0.00255222385115898
2019-08-17,XMR,0.00351584689638542
2019-08-18,EOS,0.00213974373751663
2019-08-19,DASH,0.00432159194335942
2019-08-20,XMR,0.00387273309833906
2019-08-21,LINK,0.0026239680867814
2019-08-22,XLM,0.00454121313070727
2019-08-23,XLM,0.00566825502448863
2019-08-24,EOS,0.00344409339205389
2019-08-25,TRX,0.00293549528969714
2019-08-26,ADA,0.00331686164738377
2019-08-27,XLM,0.00354653078413892
2019-08-28,DASH,0.00482116378872626
2019-08-29,XRP,0.00438968979174586
2019-08-30,TRX,0.00376620554263905
2019-08-31,ADA,0.00204737230590177
2019-09-01,TRX,0.00301575224886613
2019-09-02,HT,0.00235562344639763
2019-09-03,XMR,0.00317457107941341
2019-09-04,XMR,0.00412875091531057
2019-09-05,LTC,0.00177866547042216
2019-09-06,TRX,0.00423025261173328
2019-09-07,XMR,0.0023966495670334
2019-09-08,ADA,0.00127014278557333
2019-09-09,DASH,0.00392253018498302
2019-09-10,XLM,0.0014778265317797
2019-09-11,XLM,0.00243854600674904
2019-09-12,XMR,0.00222989506862191
2019-09-13,ADA,0.00162553442030603
2019-09-14,TRX,0.00207227096372059
2019-09-15,BNB,0.00180225437285202
2019-09-16,LEO,0.0020530007639378
2019-09-17,BTC,0.00274116789573183
2019-09-18,XLM,0.00438997199861297
2019-09-19,EOS,0.00291992529110759
2019-09-20,BSV,0.0012700445139626
2019-09-21,EOS,0.00208865370697157
2019-09-22,ETH,0.00167226471743955
2019-09-23,BCH,0.00133548635454991
2019-09-24,ADA,0.00216988702370094
2019-09-25,BSV,0.00325881520882189
2019-09-26,LTC,0.00341758988524765
2019-09-27,LEO,0.00349322815455492
2019-09-28,BNB,0.0022061623086514
2019-09-29,BNB,0.00118100231587547
2019-09-30,BNB,0.003205411808243
2019-10-01,XMR,0.00320716276716194
2019-10-02,XMR,0.00226139280370453
2019-10-03,MIOTA,0.00327596295853406
2019-10-04,LEO,0.00302778931840712
2019-10-05,EOS,0.00370860539765979
2019-10-06,XMR,0.00238602224834825
2019-10-07,XRP,0.00320576344384627
2019-10-08,ADA,0.0030693429137043
2019-10-09,XMR,0.00316568064391453
2019-10-10,BSV,0.0027304019397212
2019-10-11,EOS,0.0021090594353545
2019-10-12,EOS,0.00233021675127575
2019-10-13,XRP,0.00270983286135192
2019-10-14,EOS,0.00283564148063826
2019-10-15,BSV,0.00315822952586958
2019-10-16,ADA,0.00233900707790014
2019-10-17,ADA,0.00275152303560432
2019-10-18,ADA,0.00302662268104276
2019-10-19,LTC,0.00306443712088168
2019-10-20,ETH,0.00346249473876332
2019-10-21,XLM,0.00347788502050879
2019-10-22,HT,0.00274406668379563
2019-10-23,LTC,0.00242801908811155
2019-10-24,LINK,0.00254845834717541
2019-10-25,ADA,0.00253822573012605
2019-10-26,XMR,0.00209825921520824
2019-10-27,LINK,0.00400028456511708
2019-10-28,XRP,0.00300129274788117
2019-10-29,BCH,0.00356626402995226
2019-10-30,XMR,0.00152748025514607
2019-10-31,BCH,0.00478074369132467
2019-11-01,XMR,0.00350297276869692
2019-11-02,XMR,0.00294436528337365
2019-11-03,LEO,0.00334406486300905
2019-11-04,XMR,0.00236836344889801
2019-11-05,LTC,0.0017416888161032
2019-11-06,LTC,0.00241672545079612
2019-11-07,XMR,0.00227265795644766
2019-11-08,LEO,0.00210983005695679
2019-11-09,XRP,0.00376389330867963
2019-11-10,XMR,0.00292670459099457
2019-11-11,LINK,0.00184653554549583
2019-11-12,XMR,0.00312689869331951
2019-11-13,XMR,0.00117002782652934
2019-11-14,LINK,0.00157950194943566
2019-11-15,BCH,0.00178975161339939
2019-11-16,LEO,0.00301594218338243
2019-11-17,ETH,0.00138721374527346
2019-11-18,LEO,0.00105674986521562
2019-11-19,LEO,0.000963926696849594
2019-11-20,NEO,0.00157454413302709
2019-11-21,BSV,0.00254468114336067
2019-11-22,XMR,0.00135031913687721
2019-11-23,BNB,0.00252469406316586
2019-11-24,LTC,0.00339611226201566
2019-11-25,LINK,0.00258254495989306
2019-11-26,LEO,0.00307686128129528
2019-11-27,XTZ,0.00171234794344724
2019-11-28,BCH,0.00327094156516358
2019-11-29,XTZ,0.000843200084354177
2019-11-30,LEO,0.00217128129718904
2019-12-01,BCH,0.00163908047868555
2019-12-02,XTZ,0.00202292394788384
2019-12-03,BSV,0.00246953145703594
2019-12-04,TRX,0.00360967623662963
2019-12-05,BSV,0.00121744107826793
2019-12-06,BCH,0.000829158025185851
2019-12-07,BSV,0.00152711908209056
2019-12-08,BSV,0.00174396681097374
2019-12-09,BSV,0.00171958140799419
2019-12-10,LTC,0.00181249878525944
2019-12-11,XTZ,0.00125986908511826
2019-12-12,BSV,0.00186984016254933
2019-12-13,XRP,0.00149953201014695
2019-12-14,XRP,0.00262289042443117
2019-12-15,BSV,0.00142951487096387
2019-12-16,TRX,0.0046603416100383
2019-12-17,XRP,0.00346419317298917
2019-12-18,TRX,0.00132194774479212
2019-12-19,BSV,0.00193570798881634
2019-12-20,BSV,0.00205576375637895
2019-12-21,BSV,0.000784156963835736
2019-12-22,LTC,0.00158993818119465
2019-12-23,MIN,0.00112749575832895
2019-12-24,BNB,0.00194683897370562
2019-12-25,BSV,0.00174957425278758
2019-12-26,LEO,0.00131734417233771
2019-12-27,XLM,0.000740963892124512
2019-12-28,ADA,0.0028598564109328
2019-12-29,BSV,0.00316531407265163
2019-12-30,XTZ,0.0026147476558591
2019-12-31,XLM,0.00310443241452447
2020-01-01,XLM,0.00312629849279735
2020-01-02,XTZ,0.00305493278441226
2020-01-03,BSV,0.00509856546895581
2020-01-04,XMR,0.0027618543377525
2020-01-05,LEO,0.0028358513412585
2020-01-06,EOS,0.00283951081101795
2020-01-07,XMR,0.00260897848805602
2020-01-08,EOS,0.000882256443584414
2020-01-09,XMR,0.00226806316436498
2020-01-10,LEO,0.00113423507855379
2020-01-11,LEO,0.000338081517513799
2020-01-12,LEO,0.00285951615531101
2020-01-13,XMR,0.00263360773054809
2020-01-14,ATOM,0.00266263517255693
2020-01-15,BNB,0.00252705275326438
2020-01-16,XTZ,0.00325863413602381
2020-01-17,BNB,0.00234066483645745
2020-01-18,XMR,0.00148674560863485
2020-01-19,XMR,0.00266970453578438
2020-01-20,BSV,0.00291567241180688
2020-01-21,BSV,0.00182767150847009
2020-01-22,XMR,0.00184017651823584
2020-01-23,LTC,0.00412413432344396
2020-01-24,BCH,0.00400618369689078
2020-01-25,ETC,0.00273824042710178
2020-01-26,XLM,0.00503621417822151
2020-01-27,BTC,0.00201941994729473
2020-01-28,XMR,0.00325666402338727
2020-01-29,ETC,0.00317929785082574
2020-01-30,BSV,0.00234778764939473
2020-01-31,TRX,0.00356446550701046
2020-02-01,BSV,0.00270288493931171
2020-02-02,DASH,0.00265742268193621
2020-02-03,XLM,0.00323570631159452
2020-02-04,BSV,0.00234735738027421
2020-02-05,BSV,0.0029730820227486
2020-02-06,ETC,0.00387848932053793
2020-02-07,BSV,0.00294326217450248
2020-02-08,BSV,0.00394877073378257
2020-02-09,BSV,0.00284556650801986
2020-02-10,XTZ,0.00262278940162868
2020-02-11,EOS,0.00512060809623025
2020-02-12,BSV,0.00422323873973361
2020-02-13,XLM,0.000855222560425449
2020-02-14,ETC,0.00457625862725137
2020-02-15,XLM,0.00309877911024171
2020-02-16,HT,0.00728984695660128
2020-02-17,XMR,0.00398653384160241
2020-02-18,BTC,0.00299574617914735
2020-02-19,ADA,0.00689828241610159
2020-02-20,BTC,0.0046405628245878
2020-02-21,BNB,0.00366034608528484
2020-02-22,BTC,0.0032848328636774
2020-02-23,LINK,0.00178699305232905
2020-02-24,XTZ,0.00499096722476772
2020-02-25,XTZ,0.00262526459671518
2020-02-26,XTZ,0.00482329725359613
2020-02-27,XTZ,0.00480891715573932
2020-02-28,BSV,0.00497902614294525
2020-02-29,BNB,0.00586468292823049
2020-03-01,XTZ,0.00234540628937969
2020-03-02,BCH,0.00220434366949475
2020-03-03,XTZ,0.0035010026047404
2020-03-04,BNB,0.00699971771018429
2020-03-05,BNB,0.00402132714017818
2020-03-06,XRP,0.00514166777850579
2020-03-07,BNB,0.00267616049142087
2020-03-08,INNBCL,0.00622875857052753
2020-03-09,XTZ,0.00493960287713642
2020-03-10,EOS,0.00443693224254625
2020-03-11,EOS,0.00327056924524898
2020-03-12,LEO,0.00495999270809781
2020-03-13,BSV,0.00259186655997581
2020-03-14,LEO,0.0037435042645025
2020-03-15,LEO,0.00174135805055624
2020-03-16,TRX,0.00270278180128645
2020-03-17,INNBCL,0.000390287352441158
2020-03-18,TAGZ5,0.00520429807440163
2020-03-19,LEO,0.00535367998281963
2020-03-20,BSV,0.0034799057336447
2020-03-21,BSV,0.00393721523607644
2020-03-22,INNBCL,0.00501141747921836
2020-03-23,XMR,0.00429046706103144
2020-03-24,INNBCL,0.00693896181702401
2020-03-25,BSV,0.00566945073296418
2020-03-26,INNBCL,0.00691347295844603
2020-03-27,TRX,0.012194354984879
2020-03-28,TAGZ5,0.00605751895309024
2020-03-29,TAGZ5,0.00511357213930873
2020-03-30,TAGZ5,0.00468064547598415
2020-03-31,TAGZ5,0.00590576176128666
2020-04-01,LEO,0.00488890718465477
2020-04-02,LTC,0.00437950144240056
2020-04-03,LTC,0.00571113927931339
2020-04-04,LEO,0.00492435789078419
2020-04-05,TAGZ5,0.00345752005918989
2020-04-06,XRP,0.0065323782033309
2020-04-07,LEO,0.00605014454297046
2020-04-08,INNBCL,0.00221190149932731
2020-04-09,EOS,0.00561596935127764
2020-04-10,BSV,0.00441134702621308
2020-04-11,INNBCL,0.00385312547070278
2020-04-12,EOS,0.00582048885923423
2020-04-13,XMR,0.00152341650981554
2020-04-14,INNBCL,0.00473688707274545
2020-04-15,XMR,0.00440127543515399
2020-04-16,XTZ,0.00276608746445501
2020-04-17,XMR,0.00437129986473053
2020-04-18,LEO,0.00456846331040837
2020-04-19,BTC,0.00404357718718858
2020-04-20,BNB,0.00480308592197077
2020-04-21,BNB,0.0032157181602407
2020-04-22,BNB,0.00361202370211046
2020-04-23,LTC,0.0057595417496577
2020-04-24,INNBCL,0.00205760681084182
2020-04-25,INNBCL,0.00166420387367339
2020-04-26,INNBCL,0.00243743408832522
2020-04-27,XTZ,0.00699581555994546
2020-04-28,BTC,0.00512342887119917
2020-04-29,BCH,0.00849518676035987
2020-04-30,BSV,0.00302079336495054
2020-05-01,XTZ,0.00146664103970999
2020-05-02,XTZ,0.00342260095209526
2020-05-03,BNB,0.00420994056653182
2020-05-04,EOS,0.00200996988850633
2020-05-05,TAGZ5,0.00291637250342994
2020-05-06,BTC,0.00382859578461765
2020-05-07,EOS,0.00266457752626023
2020-05-08,EOS,0.00566606996333491
2020-05-09,CRO,0.00302117928929114
2020-05-10,ETH,0.00213396590883973
2020-05-11,CRO,0.00277119536688471
2020-05-12,CRO,0.00262605437671902
2020-05-13,XRP,0.00280124176039473
2020-05-14,CRO,0.00275112562188708
2020-05-15,XRP,0.00465819662590173
2020-05-16,XTZ,0.00337967310461082
2020-05-17,LTC,0.00227286870151094
2020-05-18,LTC,0.00188708753886407
2020-05-19,LTC,0.00191644275552898
2020-05-20,CRO,0.00370330211436355
2020-05-21,EOS,0.00199846321182353
2020-05-22,CRO,0.00196697590967057
2020-05-23,CRO,0.00209960859070897
2020-05-24,CRO,0.0020842279100062
2020-05-25,EOS,0.000940245667639039
2020-05-26,ETH,0.00288971459991678
2020-05-27,BNB,0.00184302864464138
2020-05-28,CRO,0.00286009687783692
2020-05-29,BSV,0.000964024954081813
2020-05-30,XMR,0.00329684510901042
2020-05-31,BNB,0.00238068054603258
2020-06-01,LINK,0.00291304824283824
2020-06-02,BSV,0.00189012505540126
2020-06-03,BSV,0.00223564234884205
2020-06-04,LINK,0.00307799845140825
2020-06-05,LTC,0.00148366760820858
2020-06-06,LTC,0.00189031256044407
2020-06-07,LTC,0.00107511014581733
2020-06-08,LTC,0.00143206778475745
2020-06-09,LTC,0.00279186615181506
2020-06-10,LTC,0.00158669881294908
2020-06-11,LTC,0.00173867125647929
2020-06-12,CRO,0.00162066956455488
2020-06-13,EOS,0.00169549768773122
2020-06-14,CRO,0.00261467223007283
2020-06-15,LTC,0.00219690186906113
2020-06-16,ADA,0.00237066852111547
2020-06-17,EOS,0.00216554133892766
2020-06-18,BTC,0.002502258586953
2020-06-19,XTZ,0.00131009547134305
2020-06-20,XRP,0.00228018767057763
2020-06-21,EOS,0.00216900180130762
2020-06-22,OKB,0.00162391386500399
2020-06-23,XRP,0.00231293314888718
2020-06-24,XRP,0.00199578787427831
2020-06-25,LINK,0.00205419060662729
2020-06-26,LINK,0.00189850890389229
2020-06-27,ETH,0.00160307974785807
2020-06-28,LINK,0.0016792933114234
2020-06-29,XLM,0.00223627263364736
2020-06-30,XLM,0.00130588954719709
2020-07-01,LINK,0.0012170345664725
2020-07-02,OKB,0.00176794456615829
2020-07-03,XLM,0.00114597632646699
2020-07-04,LINK,0.00134963441364453
2020-07-05,BCH,0.00140151555514459
2020-07-06,BCH,0.00270318677925116
2020-07-07,BNB,0.0020366088336683
2020-07-08,XLM,0.00287446758137207
2020-07-09,BSV,0.00280714746180447
2020-07-10,LINK,0.00245904987671308
2020-07-11,ADA,0.00189237621886992
2020-07-12,TRX,0.00130874325744868
2020-07-13,ADA,0.00235305708225185
2020-07-14,OKB,0.00236726486100702
2020-07-15,XMR,0.000886978835514197
2020-07-16,XMR,0.00181126033304366
2020-07-17,OKB,0.00300331448749626
2020-07-18,XTZ,0.00102656111273858
2020-07-19,OKB,0.00412237762678191
2020-07-20,BSV,0.00154466556251676
2020-07-21,XLM,0.0038257461955295
2020-07-22,XTZ,0.00190163257592235
2020-07-23,XLM,0.000839810906943596
2020-07-24,OKB,0.00210969261896674
2020-07-25,OKB,0.00100717551302757
2020-07-26,BNB,0.00242196103350669
2020-07-27,BNB,0.00328084397619624
2020-07-28,BNB,0.00482079180828139
2020-07-29,XMR,0.00361956711988901
2020-07-30,ADA,0.00239847311042541
2020-07-31,CRO,0.00324388672464281
2020-08-01,CRO,0.00283773786346137
2020-08-02,LINK,0.0051442697145715
2020-08-03,ADA,0.00316274667303692
2020-08-04,LINK,0.00176562552334562
2020-08-05,LINK,0.00338418378090401
2020-08-06,CRO,0.00330007091896724
2020-08-07,BSV,0.00299268711975406
2020-08-08,LINK,0.00373025662641532
2020-08-09,CRO,0.0030767109967429
2020-08-10,LINK,0.003076382065211
2020-08-11,XMR,0.00475485832817263
2020-08-12,BTC,0.004208758820306
2020-08-13,BTC,0.00405983302376821
2020-08-14,BNB,0.00330203669151809
2020-08-15,XLM,0.00350365723728806
2020-08-16,BNB,0.00464924805101817
2020-08-17,BNB,0.00647527135847628
2020-08-18,BNB,0.00468278763422562
2020-08-19,ADA,0.00449396869041383
2020-08-20,BNB,0.00245429205504642
2020-08-21,CRO,0.00517138210321049
2020-08-22,EOS,0.00408255835498621
2020-08-23,BNB,0.00338429241322481
2020-08-24,BTC,0.00497985959134347
2020-08-25,ADA,0.00478736993505452
2020-08-26,ADA,0.00260969258959082
2020-08-27,BNB,0.00419220151953018
2020-08-28,BNB,0.00272322137532342
2020-08-29,BTC,0.00328311846353148
2020-08-30,BNB,0.00334041473390292
2020-08-31,XTZ,0.00641046167417151
2020-09-01,XRP,0.00712888790624887
2020-09-02,XTZ,0.0018573482682905
2020-09-03,BSV,0.00287371981632079
2020-09-04,XTZ,0.00337585125816147
2020-09-05,LINK,0.00382019814536446
2020-09-06,ADA,0.00374313740567949
2020-09-07,BSV,0.00363669686192417
2020-09-08,XRP,0.00299592361090551
2020-09-09,TRX,0.00811481601714992
2020-09-10,TRX,0.00478860685520538
2020-09-11,LINK,0.00419131730252933
2020-09-12,BTC,0.00687301588081983
2020-09-13,TRX,0.00462698514152091
2020-09-14,XTZ,0.0058260500337062
2020-09-15,TRX,0.00337371086781489
2020-09-16,XTZ,0.00358845390996136
2020-09-17,XTZ,0.0037297872343437
2020-09-18,BNB,0.0033261869410131
2020-09-19,ADA,0.00249006769345086
2020-09-20,ADA,0.00353026634787606
2020-09-21,BNB,0.00262342031910486
2020-09-22,EOS,0.00262832869613864
2020-09-23,EOS,0.0019135753229881
2020-09-24,TRX,0.00274422119880216
2020-09-25,DOT,0.0021872106019719
2020-09-26,DOT,0.00262465253279052
2020-09-27,DOT,0.00176562137734795
2020-09-28,OKB,0.00357388954461512
2020-09-29,DOT,0.00337634130926138
2020-09-30,TRX,0.00352212171581916
2020-10-01,DOT,0.00175601030638162
2020-10-02,BNB,0.00159728134878679
2020-10-03,XMR,0.00282058585851103
2020-10-04,BNB,0.00234533109240827
2020-10-05,LINK,0.00111098444870101
2020-10-06,DOT,0.00207124637459754
2020-10-07,OKB,0.00340425911987778
2020-10-08,CRO,0.00288205640821202
2020-10-09,OKB,0.00282722500697585
2020-10-10,ADA,0.00253380800554737
2020-10-11,XMR,0.00167278366441288
2020-10-12,XMR,0.00195680907978115
2020-10-13,ADA,0.00386555012249074
2020-10-14,ETH,0.00262860297062228
2020-10-15,BSV,0.00278236136611623
2020-10-16,LTC,0.00290180724921772
2020-10-17,BNB,0.00208105687470515
2020-10-18,TRX,0.00297694302951204
2020-10-19,BTC,0.00184470965272183
2020-10-20,LINK,0.00221975097746687
2020-10-21,CRO,0.00342323230676674
2020-10-22,BSV,0.00297827660803425
2020-10-23,CRO,0.00148995470343247
2020-10-24,XLM,0.00209870186872444
2020-10-25,CRO,0.00196441452428009
2020-10-26,ADA,0.00376048766349493
2020-10-27,CRO,0.00117565537394839
2020-10-28,BSV,0.00148593366159756
2020-10-29,LINK,0.00195886955328834
2020-10-30,XLM,0.00257502199186306
2020-10-31,XLM,0.00194024609655878
2020-11-01,XLM,0.00139262139503315
2020-11-02,LINK,0.0024080810548951
2020-11-03,ADA,0.00257436303553841
2020-11-04,TRX,0.000856980648131371
2020-11-05,TRX,0.00146725222847608
2020-11-06,XMR,0.00233772581906489
2020-11-07,XMR,0.00216560305158091
2020-11-08,XMR,0.00258784411218424
2020-11-09,TRX,0.00255077303251588
2020-11-10,XMR,0.00198092680581788
2020-11-11,XMR,0.00229853554684814
2020-11-12,BCH,0.00242365868855119
2020-11-13,BNB,0.00130951990230789
2020-11-14,LINK,0.00145067700425197
2020-11-15,TRX,0.0013562457277316
2020-11-16,TRX,0.00132141047738244
2020-11-17,TRX,0.00210505006163822
2020-11-18,LINK,0.00112517137400496
2020-11-19,BCH,0.00117732705450358
2020-11-20,TRX,0.00144623411578614
2020-11-21,EOS,0.00323981352899791
2020-11-22,ADA,0.00210315404886744
2020-11-23,BCH,0.00369511143388289
2020-11-24,XLM,0.00219942615479647
2020-11-25,TRX,0.0015211735248044
2020-11-26,BCH,0.00305808810990028
2020-11-27,BCH,0.00370244470093062
2020-11-28,TRX,0.00375687447888719
2020-11-29,BCH,0.0028749062087488
2020-11-30,BNB,0.00173802560969768
2020-12-01,DOT,0.00282803008955308
2020-12-02,BSV,0.00281458950202399
2020-12-03,BSV,0.00516461315455007
2020-12-04,BNB,0.00218755178541489
2020-12-05,XRP,0.00104571425269953
2020-12-06,EOS,0.00358686760013831
2020-12-07,BCH,0.00209636929734884
2020-12-08,BCH,0.00236757154625374
2020-12-09,BNB,0.00288335985958679
2020-12-10,TRX,0.00526575117619426
2020-12-11,XMR,0.00232741716406033
2020-12-12,XMR,0.00320958219610746
2020-12-13,BNB,0.00323050629545457
2020-12-14,BNB,0.00337373130546255
2020-12-15,XEM,0.00205533135758092
2020-12-16,EOS,0.0015226936565143
2020-12-17,EOS,0.00354175247556319
2020-12-18,XRP,0.00290389041047567
2020-12-19,XRP,0.00365527483551662
2020-12-20,XLM,0.00326553197020651
2020-12-21,ETH,0.00122829482842476
2020-12-22,XRP,0.00483201488356975
2020-12-23,XRP,0.00169748845382638
2020-12-24,XRP,0.00125436548276499
2020-12-25,BCH,0.00365205232113467
2020-12-26,XRP,0.00344147914562738
2020-12-27,XRP,0.001220965007284
2020-12-28,XRP,0.00195688960212978
2020-12-29,EOS,0.00278352323060932
2020-12-30,XRP,0.00397902543064288
2020-12-31,XLM,0.0025797954348581
2021-01-01,EOS,0.00176316278929902
2021-01-02,LINK,0.00372910599909034
2021-01-03,THETA,0.00237508054278629
2021-01-04,XMR,0.00145428816515737
2021-01-05,XMR,0.00147574454935297
2021-01-06,BSV,0.00200064590836459
2021-01-07,EOS,0.00245799969019482
2021-01-08,EOS,0.00260173688060426
2021-01-09,TRX,0.000715639091966588
2021-01-10,XMR,0.00442928992794587
2021-01-11,XRP,0.00624463579796214
2021-01-12,XMR,0.00160627359660907
2021-01-13,ADA,0.00161800842001073
2021-01-14,EOS,0.00337489029669312
2021-01-15,BNB,0.00282086857612441
2021-01-16,BSV,0.00396342965395996
2021-01-17,XRP,0.00356044605892628
2021-01-18,XRP,0.0010407613786688
2021-01-19,XRP,0.00309721379723739
2021-01-20,XRP,0.00300086206724341
2021-01-21,BSV,0.00529416583854196
2021-01-22,XLM,0.004253059020282
2021-01-23,BSV,0.00745204449026738
2021-01-24,WBTC,0.00194039416725093
2021-01-25,ETH,0.00327263433893764
2021-01-26,XLM,0.00430904905133643
2021-01-27,EOS,0.00532974013019677
2021-01-28,XRP,0.00502471769993747
2021-01-29,BNB,0.00753009979208156
2021-01-30,AAVE,0.00709511207798368
2021-01-31,UNI,0.00610534799899887
2021-02-01,ETH,0.00458569295777673
2021-02-02,AAVE,0.00541365080225651
2021-02-03,AAVE,0.00649805482091713
2021-02-04,AAVE,0.00812409219505862
2021-02-05,BSV,0.0104566160298321
2021-02-06,UNI,0.00903082396734301
2021-02-07,UNI,0.0103599311986038
2021-02-08,XRP,0.00512536604430487
2021-02-09,BSV,0.00765662008209607
2021-02-10,ADA,0.00703507911204482
2021-02-11,ETH,0.00718631292533486
2021-02-12,XRP,0.00456916607836924
2021-02-13,BCH,0.00742078556876861
2021-02-14,UNI,0.00523377718736854
2021-02-15,LTC,0.00435004862094732
2021-02-16,AAVE,0.00146865644832502
2021-02-17,BCH,0.00964593105300265
2021-02-18,AAVE,0.0064741428832037
2021-02-19,LINK,0.00466923903373565
2021-02-20,XLM,0.00589094916849204
2021-02-21,LINK,0.00504698758339063
2021-02-22,XRP,0.00609645249731087
2021-02-23,BCH,0.0060899021849334
2021-02-24,BNB,0.0106779373048942
2021-02-25,BNB,0.00960425576024526
2021-02-26,LINK,0.00345497318118962
2021-02-27,BNB,0.00538255672065475
2021-02-28,BNB,0.00346563943491015
2021-03-01,BCH,0.00159903025671241
2021-03-02,LTC,0.00686536992073691
2021-03-03,BCH,0.00470632460950058
2021-03-04,ETH,0.00480723718943179
2021-03-05,LINK,0.00589473178952106
2021-03-06,DOT,0.0053416116651231
2021-03-07,XLM,0.00167406165528376
2021-03-08,BNB,0.0049259566798864
2021-03-09,DOT,0.00689837773014437
2021-03-10,XEM,0.0038592863644704
2021-03-11,DOT,0.00395744296934521
2021-03-12,BCH,0.00558263854357723
2021-03-13,DOT,0.00467158305749585
2021-03-14,ETH,0.00818641018417478
2021-03-15,ADA,0.00497752883295449
2021-03-16,ADA,0.00620889890398165
2021-03-17,ADA,0.00446343173661293
2021-03-18,ADA,0.00402088301564137
2021-03-19,ADA,0.00848056915306048
2021-03-20,LUNA,0.00192763876403904
2021-03-21,DOGE,0.00322637322359329
2021-03-22,THETA,0.00175679439085325
2021-03-23,ADA,0.00109672288466931
2021-03-24,ETH,0.00504188813896547
2021-03-25,XLM,0.00492931324427234
2021-03-26,BCH,0.00151754320266869
2021-03-27,BCH,0.00365667034271673
2021-03-28,FIL,0.00338471668483824
2021-03-29,FIL,0.00431467684068954
2021-03-30,UNI,0.00125835308769822
2021-03-31,XRP,0.00258774214782952
2021-04-01,LUNA,0.00634473964949859
2021-04-02,BTC,0.00197227327359849
2021-04-03,UNI,0.000794625296069706
2021-04-04,UNI,0.00188160668515318
2021-04-05,ADA,0.00289931644001531
2021-04-06,LTC,0.00175787043858893
2021-04-07,DOGE,0.00207517024141838
2021-04-08,DOT,0.00312074211381674
2021-04-09,DOT,0.00316520177124059
2021-04-10,XLM,0.0022247685375581
2021-04-11,BTC,0.00122083490953141
2021-04-12,THETA,0.00223154352070073
2021-04-13,TRX,0.00419096842995675
2021-04-14,DOGE,0.00316386225206622
2021-04-15,THETA,0.00361574164536961
2021-04-16,DOT,0.00315586444513419
2021-04-17,DOGE,0.00436253030504026
2021-04-18,DOGE,0.00238861268940254
2021-04-19,DOGE,0.00320612865825669
2021-04-20,VET,0.00391780720917819
2021-04-21,BTC,0.00265588712310711
2021-04-22,XRP,0.00360756313696371
2021-04-23,XRP,0.00351902225859188
2021-04-24,XRP,0.0050931809509197
2021-04-25,DOT,0.00349248024933374
2021-04-26,ETH,0.0083294186224688
2021-04-27,DOGE,0.00134947143685773
2021-04-28,SOL,0.00227150571214578
2021-04-29,DOGE,0.00141052517110242
2021-04-30,DOGE,0.00302201728562251
2021-05-01,BNB,0.00103094342221
2021-05-02,DOGE,0.00195786059452192
2021-05-03,BTC,0.00584911346669279
2021-05-04,DOGE,0.00207365009441902
2021-05-05,SOL,0.00433054157774149
2021-05-06,LINK,0.00297429699101429
2021-05-07,LTC,0.00276405697329677
2021-05-08,DOGE,0.00149584925074711
2021-05-09,BNB,0.00504913977114161
2021-05-10,BNB,0.000970570661620417
2021-05-11,BNB,0.00680580610072417
2021-05-12,DOT,0.00215176831648043
2021-05-13,BNB,0.00531034667730842
2021-05-14,DOGE,0.00312180750407113
2021-05-15,BTC,0.00575542808741664
2021-05-16,DOT,0.00381618429856849
2021-05-17,UNI,0.00603999759997181
2021-05-18,BCH,0.012145664595834
2021-05-19,DOGE,0.00572060750117775
2021-05-20,MATIC,0.00654197995292464
2021-05-21,MATIC,0.00186357980804103
2021-05-22,MATIC,0.00428290315970648
2021-05-23,LTC,0.00998591762940187
2021-05-24,ETH,0.0061433040753211
2021-05-25,ICP,0.00539213262312113
